{
  "type": "FeatureCollection",
  "features": [
    {"type":"Feature","properties":{"kod":"0114","namn":"Upplands Väsby","lan_kod":"01"},"geometry":{"type":"Polygon","coordinates":[[[17.7976,59.5071],[17.8205,59.5028],[17.833,59.4987],[17.8363,59.498],[17.8354,59.4952],[17.8282,59.478],[17.8271,59.4767],[17.8664,59.4842],[17.8745,59.4939],[17.881,59.4945],[17.901,59.4927],[17.9245,59.5016],[17.9344,59.4961],[17.9556,59.4914],[17.9642,59.4819],[17.9588,59.4749],[17.9755,59.4692],[17.9869,59.4671],[17.9951,59.4675],[17.9952,59.4675],[17.9997,59.484],[17.9907,59.4984],[18.0257,59.516],[18.0247,59.5178],[18.0244,59.5225],[18.0182,59.5305],[17.9821,59.5556],[17.9806,59.5584],[17.9833,59.5615],[17.9913,59.5649],[17.9888,59.5714],[17.9825,59.5704],[17.9699,59.5682],[17.9532,59.5697],[17.9294,59.5694],[17.8833,59.5638],[17.86,59.5701],[17.8553,59.5744],[17.8502,59.5758],[17.8055,59.5799],[17.8056,59.5796],[17.8011,59.5592],[17.8115,59.5447],[17.8253,59.533],[17.8265,59.5282],[17.8202,59.5229],[17.8032,59.5141],[17.7976,59.5071]]]}},
    {"type":"Feature","properties":{"kod":"0115","namn":"Vallentuna","lan_kod":"01"},"geometry":{"type":"Polygon","coordinates":[[[18.217,59.7094],[18.1991,59.7091],[18.1759,59.7065],[18.174,59.7051],[18.1772,59.7013],[18.1768,59.6978],[18.1591,59.691],[18.1479,59.6837],[18.1372,59.674],[18.1279,59.6609],[18.1269,59.6554],[18.0673,59.6479],[18.0515,59.6507],[18.0417,59.6503],[18.0379,59.6486],[18.037,59.618],[18.0221,59.5871],[18.0286,59.5812],[18.0254,59.5784],[18.0044,59.5739],[17.9888,59.5714],[17.9913,59.5649],[17.9833,59.5615],[17.9806,59.5584],[17.9821,59.5556],[18.0182,59.5305],[18.0244,59.5225],[18.0247,59.5178],[18.0257,59.516],[18.0259,59.5155],[18.0897,59.5085],[18.1091,59.5105],[18.1219,59.4992],[18.1425,59.4963],[18.1468,59.4957],[18.147,59.4957],[18.1652,59.5032],[18.1777,59.5051],[18.2007,59.5048],[18.2209,59.5017],[18.2391,59.5108],[18.257,59.5125],[18.2645,59.5146],[18.2824,59.5293],[18.3408,59.5383],[18.348,59.5465],[18.3685,59.5547],[18.3939,59.5539],[18.3989,59.5569],[18.4046,59.5649],[18.4034,59.5681],[18.4353,59.5696],[18.4608,59.5775],[18.4564,59.5937],[18.4532,59.6098],[18.4301,59.6165],[18.4266,59.6263],[18.4287,59.6347],[18.4162,59.644],[18.4392,59.6782],[18.4273,59.6893],[18.4073,59.6944],[18.396,59.7139],[18.3908,59.7176],[18.3606,59.7111],[18.3552,59.7179],[18.3403,59.7138],[18.3252,59.7049],[18.2941,59.6924],[18.2554,59.6967],[18.2425,59.6959],[18.2352,59.6914],[18.2212,59.6915],[18.2214,59.7017],[18.217,59.7094]]]}},
    {"type":"Feature","properties":{"kod":"0117","namn":"Österåker","lan_kod":"01"},"geometry":{"type":"MultiPolygon","coordinates":[[[[18.6685,59.5556],[18.6679,59.5584],[18.6789,59.5645],[18.6747,59.5675],[18.6703,59.5681],[18.6479,59.5602],[18.6428,59.5566],[18.6139,59.5491],[18.6002,59.5437],[18.5922,59.5338],[18.5705,59.5229],[18.5655,59.5181],[18.5672,59.5142],[18.5549,59.5054],[18.5549,59.5035],[18.5693,59.5027],[18.5768,59.4998],[18.5611,59.4845],[18.5502,59.4871],[18.5458,59.4948],[18.5392,59.4963],[18.5253,59.4953],[18.5205,59.4915],[18.517,59.4858],[18.5252,59.477],[18.5229,59.4611],[18.536,59.4507],[18.543,59.4419],[18.5386,59.4302],[18.5393,59.4262],[18.5426,59.4245],[18.5586,59.4266],[18.568,59.4347],[18.5706,59.4476],[18.5746,59.4526],[18.5879,59.4523],[18.5926,59.4551],[18.5976,59.4675],[18.5923,59.4839],[18.5987,59.4918],[18.606,59.4954],[18.6225,59.4949],[18.6372,59.4992],[18.6499,59.5125],[18.6798,59.5346],[18.6819,59.5379],[18.6789,59.5423],[18.6807,59.5528],[18.675,59.5553],[18.67,59.5531],[18.6685,59.5556]]],[[[18.4608,59.5775],[18.4353,59.5696],[18.4034,59.5681],[18.4046,59.5649],[18.3989,59.5569],[18.3939,59.5539],[18.3685,59.5547],[18.348,59.5465],[18.3408,59.5383],[18.2824,59.5293],[18.2645,59.5146],[18.257,59.5125],[18.2391,59.5108],[18.2209,59.5017],[18.2007,59.5048],[18.1777,59.5051],[18.1652,59.5032],[18.147,59.4957],[18.1468,59.4957],[18.1471,59.4684],[18.1347,59.4599],[18.1428,59.4491],[18.1512,59.451],[18.1535,59.4501],[18.1577,59.4396],[18.1607,59.4368],[18.1673,59.4357],[18.1825,59.4377],[18.1962,59.4415],[18.2001,59.4408],[18.2045,59.4295],[18.2017,59.4235],[18.2156,59.4183],[18.2198,59.4183],[18.233,59.4283],[18.2347,59.429],[18.2305,59.4348],[18.2395,59.4403],[18.2538,59.4403],[18.274,59.4352],[18.2962,59.439],[18.3009,59.4411],[18.3089,59.4495],[18.3086,59.454],[18.3049,59.4575],[18.2828,59.4631],[18.2828,59.4654],[18.2904,59.4698],[18.3051,59.4697],[18.3177,59.4622],[18.3442,59.4624],[18.3503,59.4569],[18.3662,59.4577],[18.3843,59.4559],[18.394,59.4577],[18.4128,59.471],[18.4139,59.4798],[18.4166,59.4816],[18.4295,59.4858],[18.4484,59.4886],[18.4538,59.4911],[18.4721,59.5047],[18.5272,59.5333],[18.5486,59.536],[18.5561,59.543],[18.6143,59.5645],[18.6573,59.5775],[18.677,59.5882],[18.6657,59.5936],[18.6418,59.5907],[18.6116,59.6017],[18.573,59.6041],[18.5288,59.6048],[18.5115,59.5961],[18.5043,59.5716],[18.4741,59.5656],[18.4676,59.5728],[18.461,59.5766],[18.4608,59.5775]]]]}},
    {"type":"Feature","properties":{"kod":"0120","namn":"Värmdö","lan_kod":"01"},"geometry":{"type":"MultiPolygon","coordinates":[[[[18.3445,59.3274],[18.3617,59.3267],[18.367,59.3245],[18.3617,59.318],[18.3456,59.3143],[18.3402,59.3096],[18.3396,59.3061],[18.3468,59.2953],[18.3307,59.2862],[18.3429,59.281],[18.3753,59.2788],[18.3952,59.264],[18.4126,59.258],[18.4206,59.2451],[18.4423,59.2366],[18.4673,59.2325],[18.4759,59.2218],[18.4851,59.2165],[18.5187,59.211],[18.5263,59.2122],[18.5459,59.2206],[18.5599,59.2244],[18.5614,59.2341],[18.5639,59.235],[18.5816,59.2371],[18.5971,59.2444],[18.6125,59.2469],[18.6259,59.2473],[18.6271,59.2537],[18.6396,59.2627],[18.6583,59.2661],[18.6876,59.2814],[18.7013,59.2849],[18.7022,59.2892],[18.6968,59.2912],[18.6783,59.2918],[18.6637,59.2907],[18.6545,59.2868],[18.6047,59.2796],[18.5349,59.2758],[18.5322,59.2711],[18.545,59.2641],[18.5397,59.2598],[18.5352,59.26],[18.5057,59.2685],[18.4917,59.2769],[18.4675,59.2851],[18.4455,59.2885],[18.4207,59.2863],[18.4109,59.2907],[18.4097,59.2933],[18.4136,59.3003],[18.435,59.3154],[18.4314,59.3225],[18.4338,59.3248],[18.4425,59.3271],[18.4437,59.3333],[18.4192,59.3487],[18.4115,59.3508],[18.3906,59.3555],[18.3769,59.3539],[18.36,59.3547],[18.3575,59.3445],[18.3445,59.3274]]],[[[18.7356,59.3471],[18.7429,59.3657],[18.7161,59.3732],[18.6699,59.3732],[18.6796,59.3558],[18.6845,59.3371],[18.7137,59.3322],[18.7356,59.3471]]],[[[18.4843,59.4136],[18.4689,59.4159],[18.4461,59.4136],[18.4428,59.4151],[18.4341,59.4131],[18.4401,59.4038],[18.4556,59.3984],[18.4645,59.3818],[18.4645,59.3751],[18.461,59.3729],[18.4517,59.3574],[18.455,59.3513],[18.4625,59.3454],[18.466,59.3355],[18.4529,59.3089],[18.4541,59.2991],[18.4636,59.2956],[18.4824,59.2935],[18.5111,59.2816],[18.5316,59.2846],[18.5686,59.2865],[18.602,59.291],[18.6092,59.2935],[18.6229,59.3105],[18.6178,59.3248],[18.6038,59.3327],[18.5725,59.3396],[18.5456,59.3391],[18.5421,59.3437],[18.5424,59.3455],[18.5534,59.3476],[18.5784,59.3481],[18.596,59.3464],[18.6065,59.3478],[18.6115,59.3517],[18.6071,59.3616],[18.5922,59.3645],[18.5761,59.3596],[18.5719,59.3603],[18.5707,59.3625],[18.5134,59.3836],[18.5038,59.4045],[18.4927,59.4126],[18.4843,59.4136]]]]}},
    {"type":"Feature","properties":{"kod":"0123","namn":"Järfälla","lan_kod":"01"},"geometry":{"type":"Polygon","coordinates":[[[17.8811,59.4283],[17.8785,59.4284],[17.8708,59.4295],[17.8701,59.4337],[17.8681,59.4369],[17.8688,59.4458],[17.8636,59.4508],[17.86,59.4527],[17.8455,59.4552],[17.8387,59.4586],[17.835,59.4656],[17.8179,59.4691],[17.8195,59.4713],[17.8256,59.4749],[17.8271,59.4767],[17.8282,59.478],[17.8354,59.4952],[17.8363,59.498],[17.833,59.4987],[17.8205,59.5028],[17.7976,59.5071],[17.791,59.4864],[17.7892,59.4763],[17.7882,59.4723],[17.7948,59.4675],[17.7945,59.4631],[17.7841,59.4539],[17.7653,59.4266],[17.7617,59.4145],[17.762,59.4085],[17.7674,59.3993],[17.7858,59.3882],[17.7975,59.3944],[17.8095,59.3978],[17.8187,59.3956],[17.8267,59.3858],[17.833,59.3835],[17.8458,59.3871],[17.867,59.3969],[17.8804,59.4101],[17.8837,59.4163],[17.884,59.4243],[17.8813,59.4263],[17.8811,59.4283]]]}},
    {"type":"Feature","properties":{"kod":"0125","namn":"Ekerö","lan_kod":"01"},"geometry":{"type":"MultiPolygon","coordinates":[[[[17.8198,59.3516],[17.8113,59.3518],[17.805,59.3468],[17.7994,59.34],[17.7989,59.3318],[17.8086,59.3237],[17.8282,59.3139],[17.8384,59.3044],[17.8527,59.3007],[17.8605,59.303],[17.8702,59.3086],[17.8763,59.3198],[17.8845,59.3264],[17.884,59.3321],[17.874,59.3316],[17.8622,59.3367],[17.8445,59.3513],[17.8313,59.3533],[17.8198,59.3516]]],[[[17.457,59.4126],[17.4551,59.3903],[17.4519,59.3879],[17.4565,59.3822],[17.477,59.3735],[17.4838,59.3636],[17.4819,59.3578],[17.4975,59.3437],[17.5086,59.3386],[17.5229,59.3392],[17.5302,59.3453],[17.5248,59.3548],[17.5252,59.3593],[17.5325,59.3676],[17.5284,59.3784],[17.5237,59.38],[17.5172,59.3856],[17.5073,59.4013],[17.4937,59.408],[17.4895,59.4148],[17.4832,59.4165],[17.4727,59.4168],[17.457,59.4126]]],[[[17.5772,59.4263],[17.5575,59.4258],[17.5316,59.4205],[17.5172,59.4135],[17.5172,59.4105],[17.5294,59.3879],[17.5401,59.3837],[17.5576,59.3863],[17.5765,59.3645],[17.5886,59.3596],[17.5979,59.3612],[17.6029,59.3583],[17.6059,59.3529],[17.6015,59.3465],[17.6141,59.3426],[17.6189,59.3293],[17.6139,59.3215],[17.6174,59.3142],[17.6235,59.3098],[17.6466,59.3023],[17.6746,59.2956],[17.7195,59.2785],[17.7634,59.2776],[17.7756,59.2727],[17.8059,59.2686],[17.8158,59.2693],[17.8355,59.2739],[17.838,59.2766],[17.834,59.2825],[17.8052,59.2909],[17.7998,59.2963],[17.7866,59.2966],[17.7666,59.2914],[17.7532,59.2929],[17.6908,59.3112],[17.6876,59.3138],[17.6683,59.3204],[17.6548,59.3207],[17.645,59.3229],[17.622,59.3644],[17.5772,59.4263]]],[[[17.5958,59.4514],[17.5811,59.4455],[17.5802,59.4431],[17.5855,59.4382],[17.5924,59.4237],[17.6128,59.4044],[17.6265,59.3806],[17.646,59.3583],[17.6807,59.3305],[17.6895,59.3255],[17.704,59.325],[17.7258,59.3097],[17.7525,59.3055],[17.7746,59.3085],[17.7821,59.3179],[17.779,59.3234],[17.7677,59.3314],[17.7718,59.3418],[17.7716,59.3501],[17.7649,59.3668],[17.7527,59.3745],[17.7468,59.3817],[17.7267,59.3931],[17.7239,59.3937],[17.72,59.3921],[17.7187,59.3851],[17.7124,59.3817],[17.6998,59.3848],[17.6889,59.3974],[17.6922,59.4032],[17.7034,59.4061],[17.7176,59.4068],[17.7166,59.4093],[17.6985,59.4203],[17.6895,59.4209],[17.6784,59.4243],[17.6689,59.4205],[17.6645,59.4204],[17.6515,59.4247],[17.6313,59.4377],[17.6115,59.4426],[17.6067,59.4475],[17.5958,59.4514]]]]}},
    {"type":"Feature","properties":{"kod":"0126","namn":"Huddinge","lan_kod":"01"},"geometry":{"type":"Polygon","coordinates":[[[18.1785,59.209],[18.1699,59.2289],[18.1607,59.2346],[18.1565,59.2362],[18.1457,59.2387],[18.119,59.2392],[18.1046,59.234],[18.0842,59.2344],[18.0687,59.2403],[18.0459,59.2467],[18.0324,59.2489],[18.0137,59.2567],[17.9765,59.2629],[17.9681,59.2646],[17.9648,59.2672],[17.9438,59.281],[17.9247,59.2817],[17.908,59.2774],[17.9019,59.2741],[17.8959,59.2713],[17.8851,59.271],[17.877,59.2712],[17.8767,59.2527],[17.8797,59.2431],[17.901,59.2336],[17.9201,59.2298],[17.9233,59.2267],[17.9257,59.2072],[17.9415,59.1931],[17.9615,59.1897],[17.9657,59.1711],[17.9808,59.1574],[17.9825,59.1575],[17.9996,59.1536],[18.0129,59.1465],[18.0366,59.1436],[18.0555,59.1494],[18.0824,59.1514],[18.0916,59.1547],[18.0942,59.157],[18.0923,59.1617],[18.1064,59.1695],[18.0983,59.1806],[18.1023,59.1867],[18.1729,59.2075],[18.1785,59.209]]]}},
    {"type":"Feature","properties":{"kod":"0127","namn":"Botkyrka","lan_kod":"01"},"geometry":{"type":"Polygon","coordinates":[[[17.6928,59.1398],[17.701,59.1145],[17.6997,59.1079],[17.6912,59.0953],[17.6908,59.0753],[17.6935,59.0644],[17.707,59.0606],[17.7345,59.0661],[17.7399,59.0746],[17.7399,59.0805],[17.7365,59.0849],[17.7336,59.0996],[17.7387,59.1045],[17.7727,59.1169],[17.7773,59.0937],[17.8085,59.097],[17.8474,59.0898],[17.8644,59.088],[17.8805,59.0902],[17.8998,59.104],[17.8962,59.1067],[17.8969,59.1139],[17.9033,59.1194],[17.9233,59.1238],[17.9184,59.1354],[17.978,59.1573],[17.9808,59.1574],[17.9657,59.1711],[17.9615,59.1897],[17.9415,59.1931],[17.9257,59.2072],[17.9233,59.2267],[17.9201,59.2298],[17.901,59.2336],[17.8797,59.2431],[17.87,59.2367],[17.8671,59.2365],[17.8551,59.2542],[17.8355,59.261],[17.7832,59.2591],[17.7532,59.2624],[17.7322,59.2556],[17.7337,59.2508],[17.7585,59.2371],[17.7585,59.2168],[17.7823,59.1896],[17.7764,59.1867],[17.7343,59.1763],[17.7303,59.1769],[17.7323,59.1572],[17.7222,59.1522],[17.6928,59.1398]]]}},
    {"type":"Feature","properties":{"kod":"0128","namn":"Salem","lan_kod":"01"},"geometry":{"type":"Polygon","coordinates":[[[17.7303,59.1769],[17.7343,59.1763],[17.7764,59.1867],[17.7823,59.1896],[17.7585,59.2168],[17.7585,59.2371],[17.7337,59.2508],[17.7322,59.2556],[17.7272,59.2563],[17.7124,59.2644],[17.6985,59.2767],[17.6714,59.2846],[17.6486,59.286],[17.6466,59.2814],[17.6436,59.2802],[17.627,59.2799],[17.6165,59.2836],[17.5967,59.2797],[17.5943,59.2677],[17.6106,59.2539],[17.6282,59.2535],[17.6496,59.2567],[17.6565,59.2511],[17.6619,59.2449],[17.6611,59.2391],[17.6437,59.2373],[17.6429,59.2306],[17.6462,59.2262],[17.6513,59.224],[17.6628,59.2234],[17.6703,59.2259],[17.6791,59.2249],[17.6861,59.216],[17.7028,59.204],[17.711,59.1945],[17.7103,59.1823],[17.7303,59.177],[17.7303,59.1769]]]}},
    {"type":"Feature","properties":{"kod":"0136","namn":"Haninge","lan_kod":"01"},"geometry":{"type":"MultiPolygon","coordinates":[[[[18.2244,58.9118],[18.2648,58.9229],[18.2998,58.9368],[18.3347,58.9479],[18.3347,58.9646],[18.3159,58.9715],[18.246,58.9604],[18.1653,58.9341],[18.1518,58.9118],[18.1895,58.9077],[18.2244,58.9118]]],[[[18.2134,59.0229],[18.1739,59.0282],[18.1577,59.0264],[18.1429,59.0216],[18.1068,59.0219],[18.0991,59.0206],[18.092,59.0173],[18.0852,59.01],[18.0892,59.0009],[18.0869,58.9958],[18.0636,58.9842],[18.0573,58.9756],[18.0573,58.9687],[18.0727,58.9684],[18.0869,58.9757],[18.0951,58.9769],[18.1042,58.9756],[18.1105,58.9728],[18.1247,58.9718],[18.1472,58.9741],[18.15,58.9797],[18.1437,58.99],[18.1486,58.9945],[18.1543,58.9961],[18.1614,58.9939],[18.1676,58.9939],[18.171,59.0046],[18.1764,59.0113],[18.191,59.015],[18.206,59.016],[18.2134,59.0229]]],[[[18.4372,59.0472],[18.4588,59.0589],[18.4614,59.0738],[18.4804,59.082],[18.489,59.0888],[18.4909,59.0969],[18.4715,59.1148],[18.4451,59.1009],[18.4208,59.0837],[18.4076,59.0827],[18.375,59.0741],[18.3829,59.0684],[18.38,59.0637],[18.3545,59.0487],[18.3582,59.0457],[18.3584,59.0424],[18.3636,59.0419],[18.3707,59.0443],[18.3729,59.0399],[18.3536,59.0277],[18.3545,59.0184],[18.3576,59.0149],[18.3769,59.0087],[18.3988,59.0121],[18.4054,59.0052],[18.4184,59.0033],[18.4227,59.0048],[18.4309,59.0099],[18.4335,59.038],[18.4372,59.0472]]],[[[18.0025,59.0367],[18.0164,59.0342],[18.0189,59.0282],[18.0237,59.0254],[18.0346,59.0242],[18.0405,59.0396],[18.0465,59.0456],[18.059,59.0494],[18.0863,59.0506],[18.0965,59.0527],[18.1164,59.0707],[18.1395,59.0739],[18.1474,59.078],[18.185,59.0855],[18.2106,59.0925],[18.2171,59.0975],[18.2174,59.1005],[18.2111,59.1035],[18.21,59.1067],[18.2165,59.1118],[18.2268,59.1154],[18.2501,59.1178],[18.2592,59.1144],[18.2635,59.1084],[18.2564,59.1059],[18.2549,59.1037],[18.245,59.1032],[18.2296,59.0979],[18.2273,59.094],[18.2333,59.0859],[18.2305,59.0834],[18.2237,59.0824],[18.2057,59.0747],[18.2046,59.0684],[18.2086,59.0637],[18.2143,59.0628],[18.235,59.0737],[18.2444,59.0766],[18.306,59.0871],[18.3131,59.0894],[18.3255,59.0957],[18.3215,59.1005],[18.2771,59.1019],[18.2798,59.1065],[18.2918,59.1149],[18.3313,59.1243],[18.3402,59.1252],[18.3469,59.1234],[18.3566,59.1231],[18.3789,59.1352],[18.3851,59.1359],[18.3904,59.1345],[18.3966,59.1295],[18.4108,59.1304],[18.4295,59.137],[18.4491,59.1589],[18.4499,59.1632],[18.4426,59.1656],[18.4129,59.1613],[18.3787,59.168],[18.3556,59.1608],[18.3352,59.1631],[18.303,59.1808],[18.2912,59.1926],[18.2517,59.2104],[18.2322,59.2167],[18.2238,59.2174],[18.2078,59.2152],[18.1807,59.2096],[18.1785,59.209],[18.1729,59.2075],[18.1023,59.1867],[18.0983,59.1806],[18.1064,59.1695],[18.0923,59.1617],[18.0942,59.157],[18.0916,59.1547],[18.0824,59.1514],[18.0555,59.1494],[18.0366,59.1436],[18.0129,59.1465],[17.9996,59.1536],[17.9825,59.1575],[17.9808,59.1574],[17.978,59.1573],[17.9184,59.1354],[17.9233,59.1238],[17.9387,59.1142],[17.9535,59.117],[17.9676,59.116],[17.9749,59.1066],[17.9748,59.1012],[17.983,59.099],[17.9763,59.0846],[17.9582,59.0711],[17.9595,59.0553],[17.9751,59.0468],[17.9836,59.0452],[17.9961,59.0432],[18.0004,59.0406],[18.0025,59.0367]]]]}},
    {"type":"Feature","properties":{"kod":"0138","namn":"Tyresö","lan_kod":"01"},"geometry":{"type":"Polygon","coordinates":[[[18.3787,59.168],[18.3696,59.1761],[18.3767,59.1873],[18.3955,59.1919],[18.4051,59.198],[18.3905,59.2139],[18.3873,59.2162],[18.3552,59.2226],[18.3498,59.229],[18.3374,59.2336],[18.3367,59.2362],[18.329,59.2374],[18.2903,59.2531],[18.2699,59.2556],[18.251,59.2531],[18.2333,59.2564],[18.1924,59.246],[18.1901,59.2441],[18.1929,59.2422],[18.1927,59.2369],[18.1816,59.2313],[18.1682,59.2308],[18.1699,59.2289],[18.1785,59.209],[18.1807,59.2096],[18.2078,59.2152],[18.2238,59.2174],[18.2322,59.2167],[18.2517,59.2104],[18.2912,59.1926],[18.303,59.1808],[18.3352,59.1631],[18.3556,59.1608],[18.3787,59.168]]]}},
    {"type":"Feature","properties":{"kod":"0139","namn":"Upplands-Bro","lan_kod":"01"},"geometry":{"type":"Polygon","coordinates":[[[17.5115,59.5183],[17.5292,59.4955],[17.5441,59.4863],[17.5539,59.4846],[17.5567,59.4867],[17.5516,59.4926],[17.5571,59.4983],[17.5688,59.4995],[17.5767,59.4957],[17.58,59.4728],[17.5837,59.4676],[17.6014,59.4669],[17.6042,59.4706],[17.6028,59.4747],[17.5954,59.4839],[17.5972,59.4884],[17.6042,59.4929],[17.6131,59.495],[17.6256,59.4952],[17.6662,59.4822],[17.6718,59.4796],[17.6746,59.4704],[17.682,59.4616],[17.6857,59.4484],[17.6913,59.4448],[17.7151,59.4425],[17.7169,59.4363],[17.7272,59.4339],[17.7421,59.4437],[17.7384,59.4441],[17.7402,59.4628],[17.7454,59.4787],[17.7491,59.4813],[17.7612,59.482],[17.7673,59.4714],[17.7738,59.4678],[17.7882,59.4723],[17.7892,59.4763],[17.791,59.4864],[17.7976,59.5071],[17.8032,59.5141],[17.8202,59.5229],[17.8265,59.5282],[17.8253,59.533],[17.8115,59.5447],[17.8011,59.5592],[17.8056,59.5796],[17.8055,59.5799],[17.805,59.5841],[17.7746,59.5995],[17.7397,59.604],[17.6917,59.6176],[17.6708,59.6197],[17.6651,59.6215],[17.6568,59.63],[17.6505,59.6328],[17.6177,59.6435],[17.5802,59.6517],[17.5666,59.6561],[17.5593,59.6448],[17.5262,59.6359],[17.5125,59.6155],[17.5205,59.59],[17.5403,59.5831],[17.5426,59.5752],[17.552,59.566],[17.5368,59.5325],[17.5115,59.5183]]]}},
    {"type":"Feature","properties":{"kod":"0140","namn":"Nykvarn","lan_kod":"01"},"geometry":{"type":"Polygon","coordinates":[[[17.3265,59.1473],[17.3245,59.1251],[17.3315,59.1244],[17.3423,59.1233],[17.3896,59.1182],[17.4244,59.114],[17.476,59.115],[17.4822,59.1167],[17.4855,59.1271],[17.4899,59.1558],[17.5392,59.1714],[17.5404,59.1769],[17.5358,59.1829],[17.5336,59.1892],[17.5399,59.1938],[17.5493,59.202],[17.5347,59.2225],[17.5249,59.2357],[17.513,59.245],[17.4838,59.2384],[17.456,59.2445],[17.4291,59.25],[17.3614,59.2536],[17.3381,59.2549],[17.3132,59.2495],[17.2909,59.2613],[17.2709,59.2618],[17.2679,59.2595],[17.2614,59.2229],[17.2645,59.201],[17.2647,59.1995],[17.2973,59.1828],[17.3265,59.1473]]]}},
    {"type":"Feature","properties":{"kod":"0160","namn":"Täby","lan_kod":"01"},"geometry":{"type":"Polygon","coordinates":[[[18.0257,59.516],[17.9907,59.4984],[17.9997,59.484],[17.9952,59.4675],[17.9951,59.4675],[18.0177,59.4415],[18.0178,59.4406],[18.0235,59.4415],[18.0309,59.4428],[18.0334,59.443],[18.041,59.4468],[18.0464,59.4444],[18.0496,59.4427],[18.0536,59.4385],[18.053,59.4329],[18.0502,59.4282],[18.05,59.425],[18.0527,59.4243],[18.0611,59.4237],[18.0687,59.4223],[18.0742,59.421],[18.087,59.4191],[18.0943,59.4179],[18.0996,59.4242],[18.1145,59.4304],[18.1094,59.4357],[18.1428,59.4491],[18.1347,59.4599],[18.1471,59.4684],[18.1468,59.4957],[18.1425,59.4963],[18.1219,59.4992],[18.1091,59.5105],[18.0897,59.5085],[18.0259,59.5155],[18.0257,59.516]]]}},
    {"type":"Feature","properties":{"kod":"0162","namn":"Danderyd","lan_kod":"01"},"geometry":{"type":"Polygon","coordinates":[[[18.0577,59.3754],[18.0668,59.3826],[18.0835,59.3909],[18.0921,59.4005],[18.0943,59.4179],[18.087,59.4191],[18.0742,59.421],[18.0687,59.4223],[18.0611,59.4237],[18.0527,59.4243],[18.05,59.425],[18.0502,59.4282],[18.053,59.4329],[18.0536,59.4385],[18.0496,59.4427],[18.0464,59.4444],[18.041,59.4468],[18.0334,59.443],[18.0309,59.4428],[18.0235,59.4415],[18.0178,59.4406],[18.0175,59.4353],[18.0114,59.429],[18.0006,59.4213],[17.9941,59.4092],[17.9946,59.3983],[17.9979,59.3978],[18.0068,59.3944],[18.0191,59.3902],[18.0238,59.3877],[18.0379,59.3838],[18.0465,59.3809],[18.0513,59.3786],[18.054,59.3762],[18.0577,59.3754]]]}},
    {"type":"Feature","properties":{"kod":"0163","namn":"Sollentuna","lan_kod":"01"},"geometry":{"type":"Polygon","coordinates":[[[17.9708,59.3936],[17.9746,59.3926],[17.9903,59.398],[17.9946,59.3983],[17.9941,59.4092],[18.0006,59.4213],[18.0114,59.429],[18.0175,59.4353],[18.0178,59.4406],[18.0177,59.4415],[17.9951,59.4675],[17.9869,59.4671],[17.9755,59.4692],[17.9588,59.4749],[17.9642,59.4819],[17.9556,59.4914],[17.9344,59.4961],[17.9245,59.5016],[17.901,59.4927],[17.881,59.4945],[17.8745,59.4939],[17.8664,59.4842],[17.8271,59.4767],[17.8256,59.4749],[17.8195,59.4713],[17.8179,59.4691],[17.835,59.4656],[17.8387,59.4586],[17.8455,59.4552],[17.86,59.4527],[17.8636,59.4508],[17.8688,59.4458],[17.8681,59.4369],[17.8701,59.4337],[17.8708,59.4295],[17.8785,59.4284],[17.8811,59.4283],[17.881,59.429],[17.884,59.431],[17.8929,59.4336],[17.9052,59.4322],[17.9147,59.4255],[17.9183,59.4201],[17.9275,59.4143],[17.9481,59.4088],[17.9529,59.4081],[17.9588,59.407],[17.9627,59.402],[17.9711,59.3937],[17.9708,59.3936]]]}},
    {"type":"Feature","properties":{"kod":"0180","namn":"Stockholm","lan_kod":"01"},"geometry":{"type":"MultiPolygon","coordinates":[[[[18.1901,59.2441],[18.1892,59.2442],[18.1874,59.245],[18.1711,59.2498],[18.1656,59.2539],[18.1587,59.2574],[18.1557,59.2614],[18.1493,59.2661],[18.1412,59.2727],[18.1359,59.2758],[18.1226,59.2829],[18.1182,59.2846],[18.1175,59.2945],[18.1171,59.2995],[18.1126,59.3012],[18.107,59.3017],[18.0991,59.3041],[18.1002,59.3145],[18.0775,59.317],[18.0628,59.3206],[18.0515,59.3206],[18.0095,59.3146],[17.9874,59.315],[17.9827,59.3115],[17.9549,59.3088],[17.9136,59.3014],[17.9083,59.2981],[17.9063,59.2934],[17.8799,59.2903],[17.8737,59.2855],[17.8691,59.2769],[17.877,59.2712],[17.8851,59.271],[17.8959,59.2713],[17.9019,59.2741],[17.908,59.2774],[17.9247,59.2817],[17.9438,59.281],[17.9648,59.2672],[17.9681,59.2646],[17.9765,59.2629],[18.0137,59.2567],[18.0324,59.2489],[18.0459,59.2467],[18.0687,59.2403],[18.0842,59.2344],[18.1046,59.234],[18.119,59.2392],[18.1457,59.2387],[18.1565,59.2362],[18.1607,59.2346],[18.1682,59.2308],[18.1816,59.2313],[18.1927,59.2369],[18.1929,59.2422],[18.1901,59.2441]]],[[[18.0623,59.3289],[18.0622,59.3229],[18.0593,59.3218],[18.0632,59.3211],[18.0725,59.3256],[18.0663,59.3295],[18.0623,59.3289]]],[[[17.9481,59.3843],[17.955,59.3876],[17.9591,59.3908],[17.9708,59.3936],[17.9711,59.3937],[17.9627,59.402],[17.9588,59.407],[17.9529,59.4081],[17.9481,59.4088],[17.9275,59.4143],[17.9183,59.4201],[17.9147,59.4255],[17.9052,59.4322],[17.8929,59.4336],[17.884,59.431],[17.881,59.429],[17.8811,59.4283],[17.8813,59.4263],[17.884,59.4243],[17.8837,59.4163],[17.8804,59.4101],[17.867,59.3969],[17.8458,59.3871],[17.833,59.3835],[17.8267,59.3858],[17.8187,59.3956],[17.8095,59.3978],[17.7975,59.3944],[17.7858,59.3882],[17.8473,59.3558],[17.8816,59.3444],[17.9046,59.3295],[17.9284,59.3259],[17.935,59.3201],[17.9412,59.3175],[17.9612,59.3177],[17.969,59.3203],[17.9764,59.3285],[17.9797,59.3409],[17.9851,59.3447],[18.0065,59.3321],[18.0188,59.3292],[18.0471,59.3285],[18.0862,59.3309],[18.1017,59.3228],[18.1115,59.32],[18.1234,59.3192],[18.13,59.3209],[18.1348,59.3273],[18.1309,59.3349],[18.1201,59.3419],[18.0951,59.3527],[18.0577,59.3754],[18.054,59.3762],[18.0494,59.3755],[18.0389,59.3711],[18.0364,59.3691],[18.0368,59.361],[18.0336,59.3541],[18.0317,59.352],[18.0216,59.3512],[18.0149,59.3483],[18.0057,59.3444],[18,59.3439],[17.9864,59.3448],[17.9854,59.346],[17.9699,59.3543],[17.9658,59.3558],[17.9654,59.356],[17.9615,59.3592],[17.9538,59.3659],[17.929,59.3695],[17.9251,59.371],[17.9254,59.3776],[17.9269,59.3812],[17.9395,59.3832],[17.9481,59.3843]]]]}},
    {"type":"Feature","properties":{"kod":"0181","namn":"Södertälje","lan_kod":"01"},"geometry":{"type":"Polygon","coordinates":[[[17.3315,59.1244],[17.3233,59.1025],[17.3233,59.0759],[17.3527,59.044],[17.4015,59.0021],[17.4057,59.0023],[17.4384,59.0034],[17.4572,59.0099],[17.5072,59.0099],[17.5531,58.9906],[17.5635,58.9734],[17.5885,58.9658],[17.6103,58.9642],[17.6114,58.983],[17.6212,58.9942],[17.6156,59.0223],[17.6181,59.0464],[17.6339,59.0608],[17.6344,59.0684],[17.621,59.0762],[17.6219,59.0823],[17.6287,59.088],[17.6542,59.0967],[17.6494,59.1037],[17.6545,59.1061],[17.6548,59.1091],[17.6698,59.1077],[17.6777,59.1097],[17.682,59.1137],[17.6769,59.1377],[17.6713,59.1469],[17.6581,59.156],[17.6565,59.1631],[17.6648,59.1688],[17.6703,59.167],[17.6928,59.1398],[17.7222,59.1522],[17.7323,59.1572],[17.7303,59.1769],[17.7303,59.177],[17.7103,59.1823],[17.711,59.1945],[17.7028,59.204],[17.6861,59.216],[17.6791,59.2249],[17.6703,59.2259],[17.6628,59.2234],[17.6513,59.224],[17.6462,59.2262],[17.6429,59.2306],[17.6437,59.2373],[17.6611,59.2391],[17.6619,59.2449],[17.6565,59.2511],[17.6496,59.2567],[17.6282,59.2535],[17.6106,59.2539],[17.6213,59.224],[17.6301,59.2149],[17.6256,59.2078],[17.6165,59.208],[17.609,59.214],[17.5961,59.2264],[17.5808,59.2512],[17.5622,59.2658],[17.5378,59.2684],[17.4378,59.3038],[17.364,59.3233],[17.3779,59.29],[17.3791,59.2761],[17.4039,59.2579],[17.426,59.2507],[17.4291,59.25],[17.456,59.2445],[17.4838,59.2384],[17.513,59.245],[17.5249,59.2357],[17.5347,59.2225],[17.5493,59.202],[17.5399,59.1938],[17.5336,59.1892],[17.5358,59.1829],[17.5404,59.1769],[17.5392,59.1714],[17.4899,59.1558],[17.4855,59.1271],[17.4822,59.1167],[17.476,59.115],[17.4244,59.114],[17.3896,59.1182],[17.3423,59.1233],[17.3315,59.1244]]]}},
    {"type":"Feature","properties":{"kod":"0182","namn":"Nacka","lan_kod":"01"},"geometry":{"type":"MultiPolygon","coordinates":[[[[18.2699,59.2556],[18.2579,59.2596],[18.2542,59.2628],[18.2561,59.2659],[18.2835,59.2648],[18.3267,59.2575],[18.3394,59.2595],[18.3416,59.2619],[18.3363,59.2675],[18.3021,59.2724],[18.2985,59.274],[18.2861,59.2904],[18.2715,59.2939],[18.2652,59.2925],[18.2118,59.2926],[18.204,59.2993],[18.2071,59.3063],[18.2029,59.317],[18.2022,59.3281],[18.1927,59.3282],[18.1813,59.3254],[18.1791,59.3235],[18.141,59.3148],[18.1152,59.3123],[18.1002,59.3145],[18.0991,59.3041],[18.107,59.3017],[18.1126,59.3012],[18.1171,59.2995],[18.1175,59.2945],[18.1182,59.2846],[18.1226,59.2829],[18.1359,59.2758],[18.1412,59.2727],[18.1493,59.2661],[18.1557,59.2614],[18.1587,59.2574],[18.1656,59.2539],[18.1711,59.2498],[18.1874,59.245],[18.1892,59.2442],[18.1924,59.246],[18.2333,59.2564],[18.251,59.2531],[18.2699,59.2556]]],[[[18.36,59.3547],[18.3423,59.3571],[18.3256,59.3557],[18.3008,59.3583],[18.2655,59.3565],[18.2616,59.3519],[18.2263,59.3412],[18.2236,59.3388],[18.2206,59.3133],[18.2224,59.3058],[18.2281,59.3017],[18.2332,59.3022],[18.2582,59.299],[18.2818,59.3049],[18.2919,59.3096],[18.2958,59.3131],[18.3023,59.3312],[18.3047,59.3323],[18.3202,59.3315],[18.3445,59.3274],[18.3575,59.3445],[18.36,59.3547]]]]}},
    {"type":"Feature","properties":{"kod":"0183","namn":"Sundbyberg","lan_kod":"01"},"geometry":{"type":"Polygon","coordinates":[[[17.9658,59.3558],[17.9846,59.3743],[17.9708,59.3936],[17.9591,59.3908],[17.955,59.3876],[17.9481,59.3843],[17.9395,59.3832],[17.9269,59.3812],[17.9254,59.3776],[17.9251,59.371],[17.929,59.3695],[17.9538,59.3659],[17.9615,59.3592],[17.9654,59.356],[17.9658,59.3558]]]}},
    {"type":"Feature","properties":{"kod":"0184","namn":"Solna","lan_kod":"01"},"geometry":{"type":"Polygon","coordinates":[[[18.054,59.3762],[18.0513,59.3786],[18.0465,59.3809],[18.0379,59.3838],[18.0238,59.3877],[18.0191,59.3902],[18.0068,59.3944],[17.9979,59.3978],[17.9903,59.398],[17.9746,59.3926],[17.9708,59.3936],[17.9846,59.3743],[17.9658,59.3558],[17.9699,59.3543],[17.9854,59.346],[17.9864,59.3448],[18,59.3439],[18.0057,59.3444],[18.0149,59.3483],[18.0216,59.3512],[18.0317,59.352],[18.0336,59.3541],[18.0368,59.361],[18.0364,59.3691],[18.0389,59.3711],[18.0494,59.3755],[18.054,59.3762]]]}},
    {"type":"Feature","properties":{"kod":"0186","namn":"Lidingö","lan_kod":"01"},"geometry":{"type":"Polygon","coordinates":[[[18.1432,59.3856],[18.1202,59.39],[18.1074,59.3901],[18.1027,59.3885],[18.103,59.38],[18.1189,59.3763],[18.1271,59.3573],[18.1397,59.3461],[18.1591,59.3421],[18.1878,59.3405],[18.2107,59.3459],[18.2196,59.3501],[18.2215,59.354],[18.2187,59.3636],[18.2441,59.3661],[18.242,59.3711],[18.2315,59.3749],[18.2128,59.372],[18.203,59.374],[18.1965,59.3743],[18.1931,59.3731],[18.1715,59.3777],[18.1591,59.3817],[18.1563,59.3842],[18.1432,59.3856]]]}},
    {"type":"Feature","properties":{"kod":"0187","namn":"Vaxholm","lan_kod":"01"},"geometry":{"type":"MultiPolygon","coordinates":[[[[18.2017,59.4235],[18.1964,59.4214],[18.1738,59.4238],[18.17,59.4216],[18.1668,59.4174],[18.1658,59.4071],[18.1582,59.3956],[18.2004,59.3903],[18.2139,59.3859],[18.2708,59.3873],[18.2984,59.3915],[18.3011,59.3959],[18.299,59.3987],[18.2921,59.4],[18.2792,59.3994],[18.2721,59.4019],[18.2849,59.4097],[18.2851,59.4119],[18.2643,59.4296],[18.2559,59.4276],[18.233,59.4283],[18.2198,59.4183],[18.2156,59.4183],[18.2017,59.4235]]],[[[18.331,59.444],[18.322,59.4428],[18.3169,59.4405],[18.3146,59.4308],[18.3071,59.4234],[18.3059,59.4205],[18.3175,59.416],[18.3369,59.4263],[18.359,59.4293],[18.356,59.434],[18.3417,59.4386],[18.3357,59.4436],[18.331,59.444]]]]}},
    {"type":"Feature","properties":{"kod":"0188","namn":"Norrtälje","lan_kod":"01"},"geometry":{"type":"MultiPolygon","coordinates":[[[[18.8996,59.6565],[18.8512,59.6429],[18.8108,59.6293],[18.7759,59.6116],[18.7624,59.5994],[18.7651,59.5871],[18.7947,59.5858],[18.8754,59.6211],[18.905,59.6402],[18.9104,59.6483],[18.8996,59.6565]]],[[[18.3837,60.0698],[18.3808,60.0692],[18.3874,60.0587],[18.4111,60.0495],[18.4388,60.0422],[18.4625,60.0212],[18.4216,59.9836],[18.4032,59.975],[18.3795,59.9698],[18.3702,59.9586],[18.4071,59.9322],[18.4058,59.9209],[18.3715,59.8952],[18.3412,59.8819],[18.303,59.8767],[18.2279,59.8515],[18.1686,59.8495],[18.1225,59.8343],[18.1278,59.8164],[18.1037,59.7973],[18.0727,59.7677],[18.0922,59.7687],[18.108,59.7682],[18.1262,59.7656],[18.1683,59.7558],[18.1794,59.7324],[18.2168,59.7097],[18.217,59.7094],[18.2214,59.7017],[18.2212,59.6915],[18.2352,59.6914],[18.2425,59.6959],[18.2554,59.6967],[18.2941,59.6924],[18.3252,59.7049],[18.3403,59.7138],[18.3552,59.7179],[18.3606,59.7111],[18.3908,59.7176],[18.396,59.7139],[18.4073,59.6944],[18.4273,59.6893],[18.4392,59.6782],[18.4162,59.644],[18.4287,59.6347],[18.4266,59.6263],[18.4301,59.6165],[18.4532,59.6098],[18.4564,59.5937],[18.4608,59.5775],[18.461,59.5766],[18.4676,59.5728],[18.4741,59.5656],[18.5043,59.5716],[18.5115,59.5961],[18.5288,59.6048],[18.573,59.6041],[18.6116,59.6017],[18.6418,59.5907],[18.6657,59.5936],[18.677,59.5882],[18.6793,59.5871],[18.7284,59.6163],[18.7473,59.6707],[18.8181,59.7107],[18.8416,59.7172],[18.9445,59.7118],[19.0067,59.7107],[19.0667,59.7248],[19.0817,59.7485],[19.0731,59.7647],[19.0345,59.7701],[18.9981,59.7712],[18.8052,59.7701],[18.7816,59.7744],[18.7731,59.7777],[18.7752,59.7885],[18.8031,59.7906],[18.8202,59.8025],[18.8331,59.8079],[18.936,59.8014],[18.9681,59.8079],[18.9874,59.8262],[19.0003,59.8316],[19.0646,59.8413],[19.0838,59.8563],[19.0838,59.8832],[19.071,59.9015],[18.9681,59.9391],[18.8909,60.0142],[18.8717,60.0409],[18.8652,60.0677],[18.8459,60.0827],[18.8331,60.0965],[18.8288,60.1211],[18.8095,60.1243],[18.7838,60.1136],[18.7795,60.0987],[18.7623,60.0912],[18.7495,60.0933],[18.7281,60.1158],[18.7045,60.1265],[18.6788,60.1425],[18.6187,60.1531],[18.5673,60.1574],[18.5376,60.1675],[18.5218,60.1618],[18.4915,60.1565],[18.4822,60.1467],[18.4809,60.1283],[18.4677,60.1073],[18.4467,60.0988],[18.4401,60.0824],[18.419,60.0764],[18.3837,60.0698]]],[[[18.7385,60.2221],[18.7347,60.2089],[18.7385,60.1919],[18.7614,60.1767],[18.7766,60.1843],[18.7728,60.207],[18.7614,60.2202],[18.7385,60.2221]]]]}},
    {"type":"Feature","properties":{"kod":"0191","namn":"Sigtuna","lan_kod":"01"},"geometry":{"type":"Polygon","coordinates":[[[17.6669,59.7182],[17.6375,59.704],[17.6343,59.7025],[17.6329,59.687],[17.5783,59.6765],[17.5751,59.6695],[17.5666,59.6561],[17.5802,59.6517],[17.6177,59.6435],[17.6505,59.6328],[17.6568,59.63],[17.6651,59.6215],[17.6708,59.6197],[17.6917,59.6176],[17.7397,59.604],[17.7746,59.5995],[17.805,59.5841],[17.8055,59.5799],[17.8502,59.5758],[17.8553,59.5744],[17.86,59.5701],[17.8833,59.5638],[17.9294,59.5694],[17.9532,59.5697],[17.9699,59.5682],[17.9825,59.5704],[17.9888,59.5714],[18.0044,59.5739],[18.0254,59.5784],[18.0286,59.5812],[18.0221,59.5871],[18.037,59.618],[18.0379,59.6486],[18.0417,59.6503],[18.0515,59.6507],[18.0673,59.6479],[18.1269,59.6554],[18.1279,59.6609],[18.1372,59.674],[18.1479,59.6837],[18.1591,59.691],[18.1768,59.6978],[18.1772,59.7013],[18.174,59.7051],[18.1759,59.7065],[18.1991,59.7091],[18.217,59.7094],[18.2168,59.7097],[18.1794,59.7324],[18.1683,59.7558],[18.1262,59.7656],[18.108,59.7682],[18.0922,59.7687],[18.0727,59.7677],[18.054,59.7668],[18.019,59.7668],[17.9737,59.7554],[17.9222,59.7451],[17.8872,59.7274],[17.846,59.7202],[17.7822,59.6952],[17.717,59.6999],[17.708,59.7098],[17.6874,59.715],[17.673,59.7212],[17.6669,59.7182]]]}},
    {"type":"Feature","properties":{"kod":"0192","namn":"Nynäshamn","lan_kod":"01"},"geometry":{"type":"Polygon","coordinates":[[[17.9233,59.1238],[17.9033,59.1194],[17.8969,59.1139],[17.8962,59.1067],[17.8998,59.104],[17.8805,59.0902],[17.8644,59.088],[17.8474,59.0898],[17.8085,59.097],[17.7773,59.0937],[17.764,59.0887],[17.7577,59.0776],[17.7597,59.0656],[17.7454,59.0544],[17.7366,59.0405],[17.7379,59.0305],[17.7478,59.0137],[17.7564,58.9903],[17.7531,58.9566],[17.7657,58.9211],[17.7979,58.8901],[17.8022,58.8757],[17.8257,58.8502],[17.8386,58.8158],[17.8536,58.8169],[17.8922,58.8424],[17.9007,58.8646],[17.9157,58.8868],[17.9415,58.9045],[17.9479,58.9609],[17.9693,58.9808],[17.9822,58.9984],[17.9878,59.0033],[17.9925,58.9976],[17.9941,58.9898],[18.0053,58.9893],[18.0118,58.9957],[18.0016,59.0272],[18.0025,59.0367],[18.0004,59.0406],[17.9961,59.0432],[17.9836,59.0452],[17.9751,59.0468],[17.9595,59.0553],[17.9582,59.0711],[17.9763,59.0846],[17.983,59.099],[17.9748,59.1012],[17.9749,59.1066],[17.9676,59.116],[17.9535,59.117],[17.9387,59.1142],[17.9233,59.1238]]]}},
    {"type":"Feature","properties":{"kod":"0305","namn":"Håbo","lan_kod":"03"},"geometry":{"type":"Polygon","coordinates":[[[17.5289,59.7285],[17.5005,59.7081],[17.4747,59.6975],[17.4513,59.6892],[17.4138,59.688],[17.4021,59.6797],[17.4021,59.6691],[17.3787,59.6383],[17.3763,59.617],[17.3839,59.6048],[17.4187,59.5987],[17.5115,59.5183],[17.5368,59.5325],[17.552,59.566],[17.5426,59.5752],[17.5403,59.5831],[17.5205,59.59],[17.5125,59.6155],[17.5262,59.6359],[17.5593,59.6448],[17.5666,59.6561],[17.5751,59.6695],[17.5783,59.6765],[17.6329,59.687],[17.6343,59.7025],[17.5763,59.7139],[17.5661,59.7203],[17.5598,59.7243],[17.5338,59.7278],[17.5289,59.7285]]]}},
    {"type":"Feature","properties":{"kod":"0319","namn":"Älvkarleby","lan_kod":"03"},"geometry":{"type":"Polygon","coordinates":[[[17.3164,60.4912],[17.3537,60.4922],[17.4339,60.4864],[17.4516,60.4935],[17.4617,60.5055],[17.4693,60.5408],[17.4794,60.5653],[17.4971,60.5769],[17.5233,60.5885],[17.5519,60.5914],[17.5722,60.5996],[17.5933,60.6013],[17.6135,60.6137],[17.6406,60.6187],[17.6371,60.6286],[17.605,60.657],[17.4485,60.6549],[17.4121,60.657],[17.3646,60.6676],[17.3586,60.6099],[17.3401,60.5944],[17.3243,60.5736],[17.3243,60.5516],[17.3059,60.527],[17.3164,60.5036],[17.3164,60.4912]]]}},
    {"type":"Feature","properties":{"kod":"0330","namn":"Knivsta","lan_kod":"03"},"geometry":{"type":"Polygon","coordinates":[[[18.1225,59.8343],[18.0869,59.8435],[18.0313,59.8466],[17.9716,59.83],[17.9448,59.8331],[17.9119,59.8424],[17.8913,59.8414],[17.8583,59.8466],[17.8007,59.8445],[17.7739,59.8362],[17.7575,59.8104],[17.7307,59.7938],[17.6717,59.7815],[17.6669,59.7668],[17.6669,59.7182],[17.673,59.7212],[17.6874,59.715],[17.708,59.7098],[17.717,59.6999],[17.7822,59.6952],[17.846,59.7202],[17.8872,59.7274],[17.9222,59.7451],[17.9737,59.7554],[18.019,59.7668],[18.054,59.7668],[18.0727,59.7677],[18.1037,59.7973],[18.1278,59.8164],[18.1225,59.8343]]]}},
    {"type":"Feature","properties":{"kod":"0331","namn":"Heby","lan_kod":"03"},"geometry":{"type":"Polygon","coordinates":[[[16.913,60.2992],[16.9078,60.2913],[16.8972,60.2534],[16.8445,60.243],[16.7654,60.2168],[16.7364,60.2155],[16.7332,60.2167],[16.7305,60.2164],[16.7269,60.2083],[16.7533,60.1887],[16.7586,60.1598],[16.7269,60.125],[16.7217,60.1073],[16.7269,60.0764],[16.7454,60.0541],[16.7335,60.0297],[16.7572,60.0014],[16.7981,59.979],[16.8007,59.9632],[16.7955,59.9223],[16.802,59.9064],[16.8218,59.8945],[16.822,59.8907],[16.8943,59.8925],[16.9338,59.8905],[16.9681,59.8813],[17.001,59.8555],[17.0234,59.8542],[17.0498,59.8654],[17.0603,59.8773],[17.0867,59.8866],[17.1144,59.8938],[17.119,59.8968],[17.1354,59.9071],[17.1434,59.9262],[17.1447,59.952],[17.1354,59.9704],[17.1091,59.9889],[17.0841,60.0001],[17.092,60.0159],[17.1157,60.0218],[17.146,60.0238],[17.1658,60.0343],[17.1803,60.0475],[17.2092,60.0639],[17.2738,60.0725],[17.2883,60.0797],[17.3041,60.0942],[17.3199,60.1021],[17.3081,60.1139],[17.2949,60.125],[17.3147,60.1428],[17.3292,60.1526],[17.3371,60.1677],[17.3493,60.1761],[17.3542,60.1795],[17.3608,60.2149],[17.3687,60.2299],[17.3845,60.2378],[17.3858,60.2476],[17.3661,60.2561],[17.3463,60.2718],[17.3173,60.2763],[17.2804,60.2855],[17.2659,60.3012],[17.2448,60.3103],[17.2003,60.3222],[17.2004,60.3214],[17.1635,60.3122],[17.1371,60.3005],[17.1029,60.294],[17.0475,60.2913],[17.0132,60.2953],[16.9948,60.3083],[16.9552,60.3122],[16.9183,60.307],[16.913,60.2992]]]}},
    {"type":"Feature","properties":{"kod":"0360","namn":"Tierp","lan_kod":"03"},"geometry":{"type":"Polygon","coordinates":[[[17.2003,60.3222],[17.2448,60.3103],[17.2659,60.3012],[17.2804,60.2855],[17.3173,60.2763],[17.3463,60.2718],[17.3661,60.2561],[17.3858,60.2476],[17.3845,60.2378],[17.3687,60.2299],[17.3608,60.2149],[17.3542,60.1795],[17.3493,60.1761],[17.3992,60.1739],[17.4342,60.1831],[17.4465,60.1984],[17.4836,60.2087],[17.498,60.2015],[17.5021,60.1769],[17.531,60.1503],[17.5454,60.139],[17.5557,60.1237],[17.5804,60.1154],[17.6051,60.1237],[17.6174,60.1349],[17.638,60.1483],[17.6524,60.1544],[17.6916,60.1544],[17.6998,60.1565],[17.7017,60.1662],[17.7039,60.178],[17.708,60.1872],[17.7307,60.2097],[17.7513,60.221],[17.7719,60.2516],[17.7966,60.27],[17.8172,60.2986],[17.8336,60.3149],[17.9036,60.3414],[17.9263,60.3465],[17.9592,60.3485],[17.9798,60.3669],[17.9737,60.4096],[17.9901,60.4208],[18.0478,60.4248],[18.0684,60.437],[18.1034,60.4624],[18.122,60.4658],[18.0851,60.5022],[18.0636,60.5117],[18.0508,60.5349],[18.0315,60.5465],[18.0143,60.6055],[17.9929,60.6139],[17.9329,60.6149],[17.86,60.5939],[17.7936,60.5813],[17.7721,60.5697],[17.7357,60.5286],[17.7036,60.5233],[17.6843,60.5307],[17.6521,60.5644],[17.6521,60.5865],[17.6406,60.6187],[17.6135,60.6137],[17.5933,60.6013],[17.5722,60.5996],[17.5519,60.5914],[17.5233,60.5885],[17.4971,60.5769],[17.4794,60.5653],[17.4693,60.5408],[17.4617,60.5055],[17.4516,60.4935],[17.4339,60.4864],[17.3537,60.4922],[17.3164,60.4912],[17.3164,60.4803],[17.2927,60.4686],[17.2505,60.4569],[17.203,60.4374],[17.2057,60.4074],[17.2136,60.3879],[17.1978,60.3514],[17.2003,60.3222]]]}},
    {"type":"Feature","properties":{"kod":"0380","namn":"Uppsala","lan_kod":"03"},"geometry":{"type":"Polygon","coordinates":[[[17.119,59.8968],[17.15,59.89],[17.1686,59.8786],[17.1871,59.8631],[17.2077,59.859],[17.218,59.8497],[17.2386,59.8424],[17.2509,59.83],[17.2653,59.8186],[17.3045,59.8135],[17.3662,59.8104],[17.3889,59.8052],[17.3971,59.7793],[17.4074,59.7648],[17.4531,59.7534],[17.5296,59.7473],[17.5268,59.7388],[17.5289,59.7285],[17.5338,59.7278],[17.5598,59.7243],[17.5661,59.7203],[17.5763,59.7139],[17.6343,59.7025],[17.6375,59.704],[17.6669,59.7182],[17.6669,59.7668],[17.6717,59.7815],[17.7307,59.7938],[17.7575,59.8104],[17.7739,59.8362],[17.8007,59.8445],[17.8583,59.8466],[17.8913,59.8414],[17.9119,59.8424],[17.9448,59.8331],[17.9716,59.83],[18.0313,59.8466],[18.0869,59.8435],[18.1225,59.8343],[18.1686,59.8495],[18.2279,59.8515],[18.303,59.8767],[18.3412,59.8819],[18.3715,59.8952],[18.4058,59.9209],[18.4071,59.9322],[18.3702,59.9586],[18.3795,59.9698],[18.4032,59.975],[18.4216,59.9836],[18.4625,60.0212],[18.4388,60.0422],[18.4111,60.0495],[18.3874,60.0587],[18.3808,60.0692],[18.3837,60.0698],[18.3711,60.0929],[18.3361,60.0929],[18.3258,60.0795],[18.3175,60.06],[18.2763,60.0487],[18.2207,60.0487],[18.1775,60.0528],[18.1487,60.0579],[18.126,60.0692],[18.0848,60.0703],[18.0581,60.0672],[18.0519,60.0621],[18.0334,60.0569],[18.0045,60.06],[17.986,60.0703],[17.9716,60.0826],[17.9489,60.0898],[17.9139,60.0929],[17.8934,60.1267],[17.8769,60.1329],[17.8604,60.1442],[17.8522,60.1606],[17.8192,60.1718],[17.8007,60.1729],[17.7739,60.1585],[17.7513,60.1544],[17.7245,60.1636],[17.7017,60.1662],[17.6998,60.1565],[17.6916,60.1544],[17.6524,60.1544],[17.638,60.1483],[17.6174,60.1349],[17.6051,60.1237],[17.5804,60.1154],[17.5557,60.1237],[17.5454,60.139],[17.531,60.1503],[17.5021,60.1769],[17.498,60.2015],[17.4836,60.2087],[17.4465,60.1984],[17.4342,60.1831],[17.3992,60.1739],[17.3493,60.1761],[17.3371,60.1677],[17.3292,60.1526],[17.3147,60.1428],[17.2949,60.125],[17.3081,60.1139],[17.3199,60.1021],[17.3041,60.0942],[17.2883,60.0797],[17.2738,60.0725],[17.2092,60.0639],[17.1803,60.0475],[17.1658,60.0343],[17.146,60.0238],[17.1157,60.0218],[17.092,60.0159],[17.0841,60.0001],[17.1091,59.9889],[17.1354,59.9704],[17.1447,59.952],[17.1434,59.9262],[17.1354,59.9071],[17.119,59.8968]]]}},
    {"type":"Feature","properties":{"kod":"0381","namn":"Enköping","lan_kod":"03"},"geometry":{"type":"Polygon","coordinates":[[[16.822,59.8907],[16.8231,59.8661],[16.8165,59.8396],[16.7902,59.8277],[16.7717,59.8124],[16.7705,59.8047],[16.7691,59.7965],[16.7717,59.7833],[16.7875,59.7673],[16.7968,59.7454],[16.8403,59.7136],[16.8811,59.675],[16.8903,59.649],[16.9061,59.6171],[16.9351,59.573],[16.9803,59.5589],[16.9905,59.5557],[17.1012,59.5577],[17.1513,59.5437],[17.2092,59.539],[17.2923,59.5116],[17.3173,59.5009],[17.37,59.4681],[17.3899,59.4623],[17.3977,59.4601],[17.4198,59.4732],[17.428,59.5129],[17.4239,59.5369],[17.4033,59.5641],[17.3786,59.586],[17.3786,59.6037],[17.3839,59.6048],[17.3763,59.617],[17.3787,59.6383],[17.4021,59.6691],[17.4021,59.6797],[17.4138,59.688],[17.4513,59.6892],[17.4747,59.6975],[17.5005,59.7081],[17.5289,59.7285],[17.5268,59.7388],[17.5296,59.7473],[17.4531,59.7534],[17.4074,59.7648],[17.3971,59.7793],[17.3889,59.8052],[17.3662,59.8104],[17.3045,59.8135],[17.2653,59.8186],[17.2509,59.83],[17.2386,59.8424],[17.218,59.8497],[17.2077,59.859],[17.1871,59.8631],[17.1686,59.8786],[17.15,59.89],[17.119,59.8968],[17.1144,59.8938],[17.0867,59.8866],[17.0603,59.8773],[17.0498,59.8654],[17.0234,59.8542],[17.001,59.8555],[16.9681,59.8813],[16.9338,59.8905],[16.8943,59.8925],[16.822,59.8907]]]}},
    {"type":"Feature","properties":{"kod":"0382","namn":"Östhammar","lan_kod":"03"},"geometry":{"type":"MultiPolygon","coordinates":[[[[17.7017,60.1662],[17.7245,60.1636],[17.7513,60.1544],[17.7739,60.1585],[17.8007,60.1729],[17.8192,60.1718],[17.8522,60.1606],[17.8604,60.1442],[17.8769,60.1329],[17.8934,60.1267],[17.9139,60.0929],[17.9489,60.0898],[17.9716,60.0826],[17.986,60.0703],[18.0045,60.06],[18.0334,60.0569],[18.0519,60.0621],[18.0581,60.0672],[18.0848,60.0703],[18.126,60.0692],[18.1487,60.0579],[18.1775,60.0528],[18.2207,60.0487],[18.2763,60.0487],[18.3175,60.06],[18.3258,60.0795],[18.3361,60.0929],[18.3711,60.0929],[18.3837,60.0698],[18.419,60.0764],[18.4401,60.0824],[18.4467,60.0988],[18.4677,60.1073],[18.4809,60.1283],[18.4822,60.1467],[18.4915,60.1565],[18.5218,60.1618],[18.5376,60.1675],[18.5137,60.1766],[18.4923,60.1915],[18.4666,60.2022],[18.4516,60.216],[18.458,60.233],[18.4794,60.2522],[18.5116,60.2458],[18.5416,60.2288],[18.5759,60.2224],[18.6166,60.2245],[18.6445,60.2415],[18.6273,60.2628],[18.5887,60.2766],[18.548,60.2862],[18.4023,60.3584],[18.3358,60.3806],[18.2887,60.388],[18.1622,60.4346],[18.1365,60.4473],[18.122,60.4658],[18.1034,60.4624],[18.0684,60.437],[18.0478,60.4248],[17.9901,60.4208],[17.9737,60.4096],[17.9798,60.3669],[17.9592,60.3485],[17.9263,60.3465],[17.9036,60.3414],[17.8336,60.3149],[17.8172,60.2986],[17.7966,60.27],[17.7719,60.2516],[17.7513,60.221],[17.7307,60.2097],[17.708,60.1872],[17.7039,60.178],[17.7017,60.1662]]],[[[18.5873,60.325],[18.5832,60.3487],[18.5686,60.3631],[18.5185,60.3951],[18.5039,60.4085],[18.4768,60.4219],[18.4685,60.4465],[18.4268,60.5072],[18.3997,60.5174],[18.3705,60.5092],[18.3642,60.4877],[18.3767,60.4733],[18.3892,60.4517],[18.3851,60.4126],[18.3997,60.391],[18.4247,60.3745],[18.4601,60.3611],[18.5436,60.3208],[18.5748,60.3177],[18.5873,60.325]]]]}},
    {"type":"Feature","properties":{"kod":"0428","namn":"Vingåker","lan_kod":"04"},"geometry":{"type":"Polygon","coordinates":[[[16.003,58.9743],[16.0176,58.9885],[16.1051,59.0335],[16.1452,59.0469],[16.1642,59.0639],[16.1452,59.0809],[16.1192,59.0979],[16.0838,59.1113],[16.053,59.1586],[16.027,59.1792],[15.9797,59.1853],[15.9561,59.1974],[15.7743,59.2006],[15.8134,59.1537],[15.8119,59.1428],[15.8028,59.1265],[15.7877,59.1219],[15.7559,59.1196],[15.7347,59.1141],[15.7166,59.0986],[15.6349,59.0581],[15.6364,59.0434],[15.6651,59.0317],[15.6796,59.0103],[15.6841,59.0113],[15.7467,59.0045],[15.7664,58.9909],[15.7813,58.9875],[15.7944,58.9918],[15.8224,59.0333],[15.8521,59.0435],[15.8801,59.0316],[15.9114,59.0147],[15.9213,58.9977],[15.9509,58.9858],[16.0003,58.9756],[16.003,58.9743]]]}},
    {"type":"Feature","properties":{"kod":"0461","namn":"Gnesta","lan_kod":"04"},"geometry":{"type":"Polygon","coordinates":[[[17.2645,59.201],[17.2564,59.201],[17.2351,59.2095],[17.202,59.2192],[17.1619,59.224],[16.9467,59.2252],[16.9464,59.225],[16.9207,59.2095],[16.9065,59.1998],[16.8994,59.1804],[16.916,59.1635],[16.8971,59.1416],[16.9065,59.1198],[16.9325,59.1089],[16.9562,59.1028],[16.9845,59.0894],[17.0035,59.0773],[17.0201,59.0552],[17.0247,59.0554],[17.0507,59.0457],[17.0886,59.0287],[17.1217,59.0116],[17.1619,59.0031],[17.221,58.9861],[17.2966,58.9617],[17.3392,58.9519],[17.3747,58.9476],[17.3841,58.9592],[17.4148,58.9739],[17.403,58.9897],[17.4057,59.0023],[17.4015,59.0021],[17.3527,59.044],[17.3233,59.0759],[17.3233,59.1025],[17.3315,59.1244],[17.3245,59.1251],[17.3265,59.1473],[17.2973,59.1828],[17.2647,59.1995],[17.2645,59.201]]]}},
    {"type":"Feature","properties":{"kod":"0480","namn":"Nyköping","lan_kod":"04"},"geometry":{"type":"Polygon","coordinates":[[[16.7553,58.6452],[16.7819,58.6389],[16.8162,58.6356],[16.857,58.6289],[16.8891,58.6266],[16.9341,58.6367],[16.9813,58.6389],[17.0841,58.6648],[17.0744,58.6667],[17.0531,58.6753],[17.0342,58.6912],[17.0082,58.7035],[17.0082,58.7158],[17.0342,58.7219],[17.072,58.717],[17.1482,58.7191],[17.1506,58.7214],[17.1806,58.7336],[17.2428,58.7469],[17.2985,58.7525],[17.3456,58.7536],[17.4357,58.7803],[17.4559,58.7878],[17.4314,58.809],[17.429,58.8347],[17.403,58.8542],[17.3628,58.8701],[17.3486,58.8921],[17.3959,58.9178],[17.3723,58.9446],[17.3747,58.9476],[17.3392,58.9519],[17.2966,58.9617],[17.221,58.9861],[17.1619,59.0031],[17.1217,59.0116],[17.0886,59.0287],[17.0507,59.0457],[17.0247,59.0554],[17.0201,59.0552],[16.9704,59.053],[16.9325,59.0372],[16.9018,59.0153],[16.8829,58.969],[16.8545,58.9653],[16.8096,58.969],[16.7623,58.9568],[16.7339,58.9275],[16.689,58.9275],[16.6654,58.9227],[16.6417,58.9141],[16.6039,58.9092],[16.5803,58.908],[16.5697,58.8989],[16.5661,58.8958],[16.5874,58.8824],[16.6228,58.8714],[16.6299,58.8579],[16.6299,58.8432],[16.6015,58.8322],[16.5944,58.82],[16.5826,58.809],[16.5566,58.7992],[16.5022,58.7992],[16.384,58.82],[16.3557,58.831],[16.3273,58.8383],[16.2962,58.8393],[16.3034,58.8293],[16.3099,58.8089],[16.3561,58.7927],[16.3791,58.7756],[16.3775,58.7414],[16.3972,58.7312],[16.4433,58.726],[16.501,58.7218],[16.529,58.7286],[16.5833,58.7294],[16.608,58.7175],[16.7118,58.6875],[16.7398,58.6721],[16.7546,58.6541],[16.7553,58.6452]]]}},
    {"type":"Feature","properties":{"kod":"0481","namn":"Oxelösund","lan_kod":"04"},"geometry":{"type":"Polygon","coordinates":[[[17.1482,58.7191],[17.072,58.717],[17.0342,58.7219],[17.0082,58.7158],[17.0082,58.7035],[17.0342,58.6912],[17.0531,58.6753],[17.0744,58.6667],[17.0841,58.6648],[17.1013,58.6701],[17.1206,58.6924],[17.1482,58.7191]]]}},
    {"type":"Feature","properties":{"kod":"0482","namn":"Flen","lan_kod":"04"},"geometry":{"type":"Polygon","coordinates":[[[16.4905,59.2135],[16.4762,59.1853],[16.4762,59.1404],[16.4904,59.1259],[16.5212,59.1162],[16.533,59.1052],[16.533,59.0749],[16.5472,59.0627],[16.5708,59.0566],[16.5755,59.0372],[16.5472,59.0238],[16.533,59.0214],[16.5235,59.0043],[16.4951,58.997],[16.5164,58.9848],[16.5282,58.9739],[16.5188,58.9592],[16.4597,58.9471],[16.455,58.9385],[16.5377,58.9105],[16.5519,58.9031],[16.5697,58.8989],[16.5803,58.908],[16.6039,58.9092],[16.6417,58.9141],[16.6654,58.9227],[16.689,58.9275],[16.7339,58.9275],[16.7623,58.9568],[16.8096,58.969],[16.8545,58.9653],[16.8829,58.969],[16.9018,59.0153],[16.9325,59.0372],[16.9704,59.053],[17.0201,59.0552],[17.0035,59.0773],[16.9845,59.0894],[16.9562,59.1028],[16.9325,59.1089],[16.9065,59.1198],[16.8971,59.1416],[16.916,59.1635],[16.8994,59.1804],[16.9065,59.1998],[16.9207,59.2095],[16.9464,59.225],[16.9396,59.2361],[16.8592,59.2554],[16.8439,59.2565],[16.8238,59.2578],[16.767,59.2578],[16.7245,59.2458],[16.663,59.2433],[16.637,59.2312],[16.5661,59.23],[16.5188,59.2204],[16.4928,59.2179],[16.4905,59.2135]]]}},
    {"type":"Feature","properties":{"kod":"0483","namn":"Katrineholm","lan_kod":"04"},"geometry":{"type":"Polygon","coordinates":[[[16.1989,58.8658],[16.1996,58.8651],[16.2474,58.8617],[16.2869,58.8523],[16.2962,58.8393],[16.3273,58.8383],[16.3557,58.831],[16.384,58.82],[16.5022,58.7992],[16.5566,58.7992],[16.5826,58.809],[16.5944,58.82],[16.6015,58.8322],[16.6299,58.8432],[16.6299,58.8579],[16.6228,58.8714],[16.5874,58.8824],[16.5661,58.8958],[16.5697,58.8989],[16.5519,58.9031],[16.5377,58.9105],[16.455,58.9385],[16.4597,58.9471],[16.5188,58.9592],[16.5282,58.9739],[16.5164,58.9848],[16.4951,58.997],[16.5235,59.0043],[16.533,59.0214],[16.5472,59.0238],[16.5755,59.0372],[16.5708,59.0566],[16.5472,59.0627],[16.533,59.0749],[16.533,59.1052],[16.5212,59.1162],[16.4904,59.1259],[16.4762,59.1404],[16.4762,59.1853],[16.4905,59.2135],[16.462,59.2192],[16.4077,59.2204],[16.3935,59.2046],[16.3627,59.1901],[16.2398,59.1744],[16.228,59.1853],[16.2091,59.1925],[16.1902,59.2216],[16.15,59.2276],[16.0625,59.2603],[15.8955,59.2421],[15.8951,59.2397],[15.7653,59.2114],[15.7743,59.2006],[15.9561,59.1974],[15.9797,59.1853],[16.027,59.1792],[16.053,59.1586],[16.0838,59.1113],[16.1192,59.0979],[16.1452,59.0809],[16.1642,59.0639],[16.1452,59.0469],[16.1051,59.0335],[16.0176,58.9885],[16.003,58.9743],[16.0283,58.9621],[16.0678,58.9536],[16.1008,58.9408],[16.1123,58.9196],[16.142,58.9051],[16.1732,58.8924],[16.1989,58.8658]]]}},
    {"type":"Feature","properties":{"kod":"0484","namn":"Eskilstuna","lan_kod":"04"},"geometry":{"type":"Polygon","coordinates":[[[16.8439,59.2565],[16.8521,59.2977],[16.8569,59.3243],[16.8309,59.3472],[16.8261,59.3676],[16.8427,59.3965],[16.8427,59.4134],[16.8238,59.4314],[16.8001,59.4531],[16.7718,59.4639],[16.7405,59.4887],[16.7363,59.4867],[16.4077,59.4747],[16.2966,59.4639],[16.296,59.4646],[16.2849,59.4639],[16.2976,59.4342],[16.2961,59.4072],[16.2673,59.3911],[16.1735,59.3749],[16.0948,59.3803],[16.0661,59.3864],[16.0373,59.3964],[16.018,59.3959],[16.0146,59.3841],[15.9874,59.3772],[15.9632,59.3687],[15.9254,59.3309],[15.8981,59.3193],[15.8906,59.3077],[15.9042,59.2923],[15.8955,59.2421],[16.0625,59.2603],[16.15,59.2276],[16.1902,59.2216],[16.2091,59.1925],[16.228,59.1853],[16.2398,59.1744],[16.3627,59.1901],[16.3935,59.2046],[16.4077,59.2204],[16.462,59.2192],[16.4905,59.2135],[16.4928,59.2179],[16.5188,59.2204],[16.5661,59.23],[16.637,59.2312],[16.663,59.2433],[16.7245,59.2458],[16.767,59.2578],[16.8238,59.2578],[16.8439,59.2565]]]}},
    {"type":"Feature","properties":{"kod":"0486","namn":"Strängnäs","lan_kod":"04"},"geometry":{"type":"Polygon","coordinates":[[[16.9803,59.5589],[16.9491,59.5179],[16.916,59.4951],[16.8781,59.4879],[16.8498,59.4927],[16.767,59.5011],[16.7405,59.4887],[16.7718,59.4639],[16.8001,59.4531],[16.8238,59.4314],[16.8427,59.4134],[16.8427,59.3965],[16.8261,59.3676],[16.8309,59.3472],[16.8569,59.3243],[16.8521,59.2977],[16.8439,59.2565],[16.8592,59.2554],[16.9396,59.2361],[16.9464,59.225],[16.9467,59.2252],[17.1619,59.224],[17.202,59.2192],[17.2351,59.2095],[17.2564,59.201],[17.2645,59.201],[17.2614,59.2229],[17.2679,59.2595],[17.2709,59.2618],[17.3559,59.3261],[17.3852,59.4041],[17.3899,59.4623],[17.37,59.4681],[17.3173,59.5009],[17.2923,59.5116],[17.2092,59.539],[17.1513,59.5437],[17.1012,59.5577],[16.9905,59.5557],[16.9803,59.5589]]]}},
    {"type":"Feature","properties":{"kod":"0488","namn":"Trosa","lan_kod":"04"},"geometry":{"type":"Polygon","coordinates":[[[17.4057,59.0023],[17.403,58.9897],[17.4148,58.9739],[17.3841,58.9592],[17.3747,58.9476],[17.3723,58.9446],[17.3959,58.9178],[17.3486,58.8921],[17.3628,58.8701],[17.403,58.8542],[17.429,58.8347],[17.4314,58.809],[17.4559,58.7878],[17.4957,58.8025],[17.5385,58.8458],[17.5664,58.8646],[17.6071,58.9111],[17.6103,58.9642],[17.5885,58.9658],[17.5635,58.9734],[17.5531,58.9906],[17.5072,59.0099],[17.4572,59.0099],[17.4384,59.0034],[17.4057,59.0023]]]}},
    {"type":"Feature","properties":{"kod":"0509","namn":"Ödeshög","lan_kod":"05"},"geometry":{"type":"Polygon","coordinates":[[[14.949,58.1624],[14.936,58.1739],[14.9051,58.1915],[14.8896,58.22],[14.8922,58.2498],[14.9102,58.2674],[14.9179,58.285],[14.9051,58.2985],[14.9043,58.2996],[14.8974,58.3093],[14.8922,58.3579],[14.8742,58.3647],[14.8494,58.3751],[14.8485,58.3755],[14.8124,58.3714],[14.761,58.3593],[14.7121,58.3593],[14.7069,58.366],[14.7069,58.3782],[14.6935,58.3837],[14.693,58.3833],[14.5449,58.3939],[14.5447,58.3939],[14.5446,58.3938],[14.4903,58.3232],[14.4185,58.2022],[14.4194,58.2026],[14.443,58.1627],[14.5423,58.1415],[14.5622,58.1292],[14.602,58.1276],[14.6223,58.124],[14.6317,58.1224],[14.6729,58.1154],[14.6959,58.1232],[14.7206,58.1293],[14.7568,58.1189],[14.7783,58.125],[14.8128,58.1145],[14.8474,58.1119],[14.9084,58.1128],[14.9215,58.1215],[14.9265,58.1398],[14.9248,58.1502],[14.9413,58.158],[14.949,58.1624]]]}},
    {"type":"Feature","properties":{"kod":"0512","namn":"Ydre","lan_kod":"05"},"geometry":{"type":"Polygon","coordinates":[[[15.5686,57.823],[15.5507,57.828],[15.5425,57.8482],[15.5573,57.8631],[15.549,57.8815],[15.5243,57.8876],[15.4832,57.9078],[15.4618,57.9139],[15.4354,57.9288],[15.4321,57.9401],[15.4486,57.9655],[15.4519,57.9777],[15.4387,57.9838],[15.3966,57.9938],[15.3893,57.9855],[15.3481,57.9829],[15.3119,57.9934],[15.2971,58.0152],[15.2691,58.0266],[15.246,58.0335],[15.2048,58.0405],[15.1686,58.0431],[15.1422,58.0501],[15.1044,58.0562],[15.0848,58.0568],[15.0952,58.0431],[15.1068,58.0325],[15.1068,58.0185],[15.0878,58.014],[15.0509,58.0124],[15.0362,58.0062],[15.0288,57.9626],[15.0284,57.9559],[15.0277,57.9453],[15.0286,57.9288],[15.0518,57.9124],[15.0648,57.8859],[15.078,57.8806],[15.0846,57.871],[15.0846,57.8587],[15.1126,57.8184],[15.1159,57.7868],[15.1274,57.7842],[15.1324,57.7763],[15.1331,57.7709],[15.134,57.7648],[15.1472,57.7464],[15.1604,57.742],[15.2114,57.7367],[15.2493,57.7376],[15.2658,57.7341],[15.2987,57.7332],[15.3218,57.7367],[15.3448,57.7253],[15.3728,57.7253],[15.3843,57.7341],[15.4107,57.7385],[15.4554,57.7385],[15.4554,57.7584],[15.4742,57.7796],[15.5367,57.7818],[15.5576,57.7974],[15.5659,57.8218],[15.5686,57.823]]]}},
    {"type":"Feature","properties":{"kod":"0513","namn":"Kinda","lan_kod":"05"},"geometry":{"type":"Polygon","coordinates":[[[16.0742,57.8973],[16.0789,57.9072],[16.0726,57.926],[16.0559,57.9349],[16.0497,57.9515],[16.0288,57.957],[16.0309,57.9769],[16.0538,57.9836],[16.083,57.9946],[16.0789,58.0123],[16.0538,58.0267],[16.0038,58.0476],[15.9996,58.0565],[16.0163,58.0686],[16.0267,58.073],[16.0309,58.0884],[16.0315,58.0887],[16.0184,58.0971],[16.0201,58.105],[16.0316,58.1163],[16.0349,58.1267],[16.0201,58.1371],[15.9904,58.145],[15.9822,58.1676],[15.9591,58.1797],[15.9295,58.1849],[15.9114,58.1954],[15.8966,58.2092],[15.8768,58.2196],[15.8504,58.2257],[15.806,58.2257],[15.7895,58.2223],[15.773,58.2144],[15.7516,58.2118],[15.7368,58.2075],[15.7236,58.1945],[15.6956,58.1867],[15.6808,58.191],[15.6627,58.2075],[15.6429,58.2144],[15.5836,58.2188],[15.5737,58.1988],[15.5672,58.1728],[15.5507,58.1615],[15.5342,58.1458],[15.5408,58.1389],[15.5276,58.118],[15.5128,58.1041],[15.4898,58.0997],[15.4096,58.0962],[15.4156,58.0928],[15.409,58.0771],[15.3909,58.0536],[15.4058,58.0379],[15.386,58.0257],[15.3876,58.0117],[15.4008,57.9986],[15.3966,57.9938],[15.4387,57.9838],[15.4519,57.9777],[15.4486,57.9655],[15.4321,57.9401],[15.4354,57.9288],[15.4618,57.9139],[15.4832,57.9078],[15.5243,57.8876],[15.549,57.8815],[15.5573,57.8631],[15.5425,57.8482],[15.5507,57.828],[15.5686,57.823],[15.5909,57.8329],[15.616,57.8407],[15.6222,57.8706],[15.6389,57.8817],[15.7369,57.8873],[15.7744,57.8828],[15.8224,57.8495],[15.8516,57.8418],[15.8808,57.8507],[15.9058,57.8495],[15.9183,57.8407],[15.9392,57.834],[15.9642,57.8362],[15.9871,57.8495],[15.9955,57.8595],[16.0726,57.8939],[16.0742,57.8973]]]}},
    {"type":"Feature","properties":{"kod":"0560","namn":"Boxholm","lan_kod":"05"},"geometry":{"type":"Polygon","coordinates":[[[15.0848,58.0568],[15.1044,58.0562],[15.1422,58.0501],[15.1686,58.0431],[15.2048,58.0405],[15.246,58.0335],[15.2691,58.0266],[15.2971,58.0152],[15.3119,57.9934],[15.3481,57.9829],[15.3893,57.9855],[15.3966,57.9938],[15.4008,57.9986],[15.3876,58.0117],[15.386,58.0257],[15.4058,58.0379],[15.3909,58.0536],[15.409,58.0771],[15.4156,58.0928],[15.4096,58.0962],[15.386,58.1093],[15.3646,58.125],[15.3399,58.125],[15.3168,58.1389],[15.3006,58.1537],[15.2987,58.1554],[15.2789,58.1719],[15.2822,58.1867],[15.2773,58.2066],[15.2674,58.224],[15.2559,58.237],[15.2427,58.2613],[15.2262,58.2725],[15.2048,58.276],[15.19,58.2881],[15.1686,58.2933],[15.1521,58.2994],[15.1258,58.3028],[15.106,58.3132],[15.0879,58.3141],[15.0599,58.3193],[15.0319,58.3296],[15.0088,58.334],[14.9726,58.3167],[14.9512,58.3149],[14.9043,58.2996],[14.9051,58.2985],[14.9179,58.285],[14.9102,58.2674],[14.8922,58.2498],[14.8896,58.22],[14.9051,58.1915],[14.936,58.1739],[14.949,58.1624],[14.9594,58.1684],[14.9825,58.1702],[15.0022,58.1632],[15.0088,58.1493],[15.0204,58.1424],[15.0385,58.118],[15.05,58.1067],[15.0582,58.0937],[15.0615,58.078],[15.0681,58.0675],[15.0846,58.0571],[15.0848,58.0568]]]}},
    {"type":"Feature","properties":{"kod":"0561","namn":"Åtvidaberg","lan_kod":"05"},"geometry":{"type":"Polygon","coordinates":[[[16.4148,58.1501],[16.4137,58.1736],[16.4219,58.2014],[16.445,58.2127],[16.4532,58.2205],[16.4499,58.2318],[16.4631,58.2457],[16.4516,58.2595],[16.3989,58.2794],[16.3725,58.2855],[16.3248,58.3028],[16.3099,58.3262],[16.2902,58.3374],[16.2885,58.3403],[16.2292,58.3383],[16.2012,58.3443],[16.1782,58.3633],[16.165,58.3685],[16.1485,58.3789],[16.1107,58.3858],[16.0909,58.3936],[16.0673,58.401],[16.0645,58.3944],[16.0267,58.3875],[15.9674,58.3737],[15.9295,58.3711],[15.8998,58.3582],[15.8406,58.3443],[15.8257,58.334],[15.8241,58.3201],[15.8356,58.3028],[15.8389,58.2898],[15.8418,58.2257],[15.8504,58.2257],[15.8768,58.2196],[15.8966,58.2092],[15.9114,58.1954],[15.9295,58.1849],[15.9591,58.1797],[15.9822,58.1676],[15.9904,58.145],[16.0201,58.1371],[16.0349,58.1267],[16.0316,58.1163],[16.0201,58.105],[16.0184,58.0971],[16.0315,58.0887],[16.0455,58.095],[16.1039,58.0972],[16.131,58.1039],[16.1477,58.0995],[16.1644,58.0895],[16.1852,58.0972],[16.1935,58.1094],[16.1852,58.1259],[16.1956,58.1336],[16.2227,58.1402],[16.2353,58.149],[16.2707,58.1655],[16.2916,58.1655],[16.3437,58.1424],[16.3979,58.1501],[16.4148,58.1501]]]}},
    {"type":"Feature","properties":{"kod":"0562","namn":"Finspång","lan_kod":"05"},"geometry":{"type":"Polygon","coordinates":[[[15.6397,58.6581],[15.6728,58.6619],[15.6897,58.6723],[15.7666,58.6762],[15.7972,58.6701],[15.8246,58.6586],[15.8531,58.6515],[15.9016,58.6449],[15.9511,58.6422],[15.9859,58.6493],[15.9912,58.6575],[15.9869,58.6652],[15.9764,58.6751],[15.9753,58.686],[15.9859,58.6942],[16.008,58.7052],[16.0165,58.7112],[16.0228,58.7391],[16.0417,58.7495],[16.0555,58.7763],[16.0639,58.7829],[16.0881,58.79],[16.1018,58.7987],[16.1039,58.8113],[16.1018,58.8227],[16.1103,58.8369],[16.1261,58.8429],[16.1493,58.8462],[16.1598,58.8549],[16.1989,58.8658],[16.1732,58.8924],[16.142,58.9051],[16.1123,58.9196],[16.1008,58.9408],[16.0678,58.9536],[16.0283,58.9621],[16.003,58.9743],[16.0003,58.9756],[15.9509,58.9858],[15.9213,58.9977],[15.9114,59.0147],[15.8801,59.0316],[15.8521,59.0435],[15.8224,59.0333],[15.7944,58.9918],[15.7813,58.9875],[15.7664,58.9909],[15.7467,59.0045],[15.6841,59.0113],[15.6796,59.0103],[15.6512,59.0045],[15.6215,58.996],[15.605,58.9841],[15.601,58.9779],[15.5935,58.9663],[15.6001,58.9476],[15.6166,58.9366],[15.5836,58.9179],[15.5787,58.8932],[15.5293,58.8906],[15.4848,58.8906],[15.4694,58.8576],[15.461,58.8511],[15.45,58.8532],[15.4481,58.83],[15.4558,58.818],[15.4815,58.7887],[15.5047,58.7726],[15.5304,58.7433],[15.5098,58.7219],[15.5047,58.7045],[15.5026,58.6627],[15.5177,58.6627],[15.5425,58.6618],[15.5639,58.6481],[15.5869,58.6516],[15.6034,58.6601],[15.6232,58.6618],[15.6396,58.6584],[15.6397,58.6581]]]}},
    {"type":"Feature","properties":{"kod":"0563","namn":"Valdemarsvik","lan_kod":"05"},"geometry":{"type":"Polygon","coordinates":[[[16.7607,58.0169],[16.8012,58.0336],[16.8162,58.0563],[16.8077,58.0881],[16.7927,58.0994],[16.7927,58.1232],[16.812,58.1322],[16.8441,58.1379],[16.8527,58.1594],[16.8698,58.1707],[16.8505,58.1842],[16.827,58.2159],[16.7948,58.2677],[16.7954,58.2706],[16.7596,58.2881],[16.697,58.2907],[16.6822,58.3063],[16.6624,58.3184],[16.636,58.3305],[16.6262,58.3426],[16.5916,58.3564],[16.5422,58.3789],[16.5026,58.3884],[16.4681,58.3953],[16.3939,58.4022],[16.3561,58.4134],[16.3132,58.4195],[16.2852,58.4169],[16.2754,58.4031],[16.2885,58.3849],[16.2968,58.3685],[16.2786,58.3573],[16.2885,58.3403],[16.2902,58.3374],[16.3099,58.3262],[16.3248,58.3028],[16.3725,58.2855],[16.3989,58.2794],[16.4516,58.2595],[16.4631,58.2457],[16.4499,58.2318],[16.4532,58.2205],[16.445,58.2127],[16.4219,58.2014],[16.4137,58.1736],[16.4148,58.1501],[16.425,58.1501],[16.4459,58.1424],[16.4813,58.1182],[16.5001,58.1182],[16.5334,58.1314],[16.5564,58.1325],[16.5731,58.1259],[16.5856,58.105],[16.5981,58.095],[16.6002,58.0774],[16.6064,58.0653],[16.6189,58.0576],[16.6231,58.0333],[16.6606,58.0167],[16.7148,58.0145],[16.7607,58.0169]]]}},
    {"type":"Feature","properties":{"kod":"0580","namn":"Linköping","lan_kod":"05"},"geometry":{"type":"Polygon","coordinates":[[[15.4096,58.0962],[15.4898,58.0997],[15.5128,58.1041],[15.5276,58.118],[15.5408,58.1389],[15.5342,58.1458],[15.5507,58.1615],[15.5672,58.1728],[15.5737,58.1988],[15.5836,58.2188],[15.6429,58.2144],[15.6627,58.2075],[15.6808,58.191],[15.6956,58.1867],[15.7236,58.1945],[15.7368,58.2075],[15.7516,58.2118],[15.773,58.2144],[15.7895,58.2223],[15.806,58.2257],[15.8418,58.2257],[15.8389,58.2898],[15.8356,58.3028],[15.8241,58.3201],[15.8257,58.334],[15.8406,58.3443],[15.8998,58.3582],[15.9295,58.3711],[15.9674,58.3737],[16.0267,58.3875],[16.0645,58.3944],[16.0673,58.401],[16.0711,58.41],[16.0678,58.4264],[16.0398,58.4436],[16.0324,58.444],[16.0053,58.4453],[15.9838,58.4548],[15.9904,58.4651],[15.9888,58.4849],[15.974,58.4961],[15.9476,58.5116],[15.9278,58.5323],[15.8982,58.5409],[15.8488,58.5434],[15.7928,58.5512],[15.7681,58.5701],[15.7516,58.5795],[15.7187,58.5924],[15.661,58.6276],[15.6413,58.643],[15.6397,58.6581],[15.6396,58.6584],[15.6232,58.6618],[15.6034,58.6601],[15.5869,58.6516],[15.5639,58.6481],[15.5425,58.6618],[15.5177,58.6627],[15.4815,58.6627],[15.4585,58.6738],[15.4354,58.6755],[15.4173,58.6721],[15.3909,58.6464],[15.4025,58.631],[15.3959,58.6147],[15.4107,58.5993],[15.3959,58.5821],[15.3843,58.5288],[15.3975,58.5065],[15.3959,58.4849],[15.3679,58.4737],[15.3415,58.466],[15.3356,58.4582],[15.3316,58.4531],[15.3135,58.4436],[15.3003,58.4315],[15.3086,58.4238],[15.3547,58.4151],[15.3563,58.3944],[15.3695,58.3763],[15.3843,58.3677],[15.386,58.3495],[15.3794,58.3348],[15.3662,58.3253],[15.3596,58.308],[15.3811,58.2994],[15.3893,58.2838],[15.386,58.2552],[15.4058,58.2396],[15.4041,58.2162],[15.3959,58.1971],[15.3745,58.1875],[15.3448,58.171],[15.3006,58.1537],[15.3168,58.1389],[15.3399,58.125],[15.3646,58.125],[15.386,58.1093],[15.4096,58.0962]]]}},
    {"type":"Feature","properties":{"kod":"0581","namn":"Norrköping","lan_kod":"05"},"geometry":{"type":"Polygon","coordinates":[[[16.0324,58.444],[16.0629,58.4815],[16.086,58.4884],[16.1156,58.5271],[16.1387,58.5426],[16.1749,58.5537],[16.2029,58.5469],[16.2408,58.5426],[16.2622,58.5477],[16.3001,58.5426],[16.3363,58.54],[16.3561,58.5288],[16.3676,58.5176],[16.3841,58.5073],[16.4137,58.4979],[16.4433,58.5013],[16.4746,58.4996],[16.5208,58.4953],[16.5422,58.4892],[16.5817,58.4703],[16.6344,58.4651],[16.6624,58.4634],[16.6855,58.4531],[16.7008,58.445],[16.7091,58.4477],[16.7819,58.4488],[16.8098,58.4577],[16.842,58.4633],[16.8655,58.4768],[16.9063,58.4891],[16.9148,58.5059],[16.8291,58.5742],[16.7927,58.592],[16.6984,58.6177],[16.6448,58.6233],[16.6126,58.6233],[16.5912,58.6278],[16.5676,58.6378],[16.5333,58.6389],[16.4712,58.6344],[16.4304,58.6255],[16.4219,58.6155],[16.4069,58.6099],[16.3211,58.6121],[16.2568,58.6211],[16.2418,58.64],[16.2418,58.6679],[16.2847,58.6835],[16.3211,58.6857],[16.4369,58.6846],[16.4733,58.6768],[16.5269,58.6712],[16.5633,58.6657],[16.6062,58.6568],[16.6512,58.6512],[16.7262,58.6489],[16.7553,58.6452],[16.7546,58.6541],[16.7398,58.6721],[16.7118,58.6875],[16.608,58.7175],[16.5833,58.7294],[16.529,58.7286],[16.501,58.7218],[16.4433,58.726],[16.3972,58.7312],[16.3775,58.7414],[16.3791,58.7756],[16.3561,58.7927],[16.3099,58.8089],[16.3034,58.8293],[16.2962,58.8393],[16.2869,58.8523],[16.2474,58.8617],[16.1996,58.8651],[16.1989,58.8658],[16.1598,58.8549],[16.1493,58.8462],[16.1261,58.8429],[16.1103,58.8369],[16.1018,58.8227],[16.1039,58.8113],[16.1018,58.7987],[16.0881,58.79],[16.0639,58.7829],[16.0555,58.7763],[16.0417,58.7495],[16.0228,58.7391],[16.0165,58.7112],[16.008,58.7052],[15.9859,58.6942],[15.9753,58.686],[15.9764,58.6751],[15.9869,58.6652],[15.9912,58.6575],[15.9859,58.6493],[15.9511,58.6422],[15.9016,58.6449],[15.8531,58.6515],[15.8246,58.6586],[15.7972,58.6701],[15.7666,58.6762],[15.6897,58.6723],[15.6728,58.6619],[15.6397,58.6581],[15.6413,58.643],[15.661,58.6276],[15.7187,58.5924],[15.7516,58.5795],[15.7681,58.5701],[15.7928,58.5512],[15.8488,58.5434],[15.8982,58.5409],[15.9278,58.5323],[15.9476,58.5116],[15.974,58.4961],[15.9888,58.4849],[15.9904,58.4651],[15.9838,58.4548],[16.0053,58.4453],[16.0324,58.444]]]}},
    {"type":"Feature","properties":{"kod":"0582","namn":"Söderköping","lan_kod":"05"},"geometry":{"type":"MultiPolygon","coordinates":[[[[16.832,58.4005],[16.8238,58.3849],[16.8238,58.3677],[16.86,58.3461],[16.8765,58.3322],[16.9012,58.3305],[16.9144,58.3417],[16.8798,58.3625],[16.8584,58.3798],[16.8567,58.3953],[16.8485,58.3996],[16.832,58.4005]]],[[[16.7954,58.2706],[16.8034,58.3263],[16.7862,58.3443],[16.7755,58.3623],[16.7627,58.3713],[16.7348,58.3814],[16.6919,58.4061],[16.6834,58.4308],[16.7008,58.445],[16.6855,58.4531],[16.6624,58.4634],[16.6344,58.4651],[16.5817,58.4703],[16.5422,58.4892],[16.5208,58.4953],[16.4746,58.4996],[16.4433,58.5013],[16.4137,58.4979],[16.3841,58.5073],[16.3676,58.5176],[16.3561,58.5288],[16.3363,58.54],[16.3001,58.5426],[16.2622,58.5477],[16.2408,58.5426],[16.2029,58.5469],[16.1749,58.5537],[16.1387,58.5426],[16.1156,58.5271],[16.086,58.4884],[16.0629,58.4815],[16.0324,58.444],[16.0398,58.4436],[16.0678,58.4264],[16.0711,58.41],[16.0673,58.401],[16.0909,58.3936],[16.1107,58.3858],[16.1485,58.3789],[16.165,58.3685],[16.1782,58.3633],[16.2012,58.3443],[16.2292,58.3383],[16.2885,58.3403],[16.2786,58.3573],[16.2968,58.3685],[16.2885,58.3849],[16.2754,58.4031],[16.2852,58.4169],[16.3132,58.4195],[16.3561,58.4134],[16.3939,58.4022],[16.4681,58.3953],[16.5026,58.3884],[16.5422,58.3789],[16.5916,58.3564],[16.6262,58.3426],[16.636,58.3305],[16.6624,58.3184],[16.6822,58.3063],[16.697,58.2907],[16.7596,58.2881],[16.7954,58.2706]]]]}},
    {"type":"Feature","properties":{"kod":"0583","namn":"Motala","lan_kod":"05"},"geometry":{"type":"Polygon","coordinates":[[[15.0263,58.4416],[15.0797,58.4488],[15.0994,58.4565],[15.1373,58.4591],[15.1554,58.472],[15.1669,58.4858],[15.1999,58.4927],[15.2526,58.491],[15.274,58.4824],[15.2921,58.4686],[15.3356,58.4582],[15.3415,58.466],[15.3679,58.4737],[15.3959,58.4849],[15.3975,58.5065],[15.3843,58.5288],[15.3959,58.5821],[15.4107,58.5993],[15.3959,58.6147],[15.4025,58.631],[15.3909,58.6464],[15.4173,58.6721],[15.4354,58.6755],[15.4585,58.6738],[15.4815,58.6627],[15.5026,58.6627],[15.5047,58.7045],[15.5098,58.7219],[15.5304,58.7433],[15.5047,58.7726],[15.4815,58.7887],[15.4558,58.818],[15.4481,58.83],[15.45,58.8532],[15.4325,58.8565],[15.4051,58.8663],[15.3745,58.8702],[15.3551,58.8772],[15.3534,58.8778],[15.304,58.8819],[15.2679,58.8712],[15.2345,58.8539],[15.1959,58.8406],[15.165,58.8353],[15.1418,58.818],[15.1418,58.8073],[15.1315,58.7927],[15.1135,58.786],[15.0955,58.7673],[15.0801,58.7446],[15.0594,58.7358],[15.014,58.7107],[14.9592,58.7178],[14.9583,58.7155],[14.902,58.687],[14.8244,58.6716],[14.7844,58.6565],[14.6629,58.5236],[14.722,58.5077],[14.9608,58.5349],[15.0014,58.5204],[15.0014,58.5191],[15.0004,58.5179],[15.0183,58.5119],[15.0372,58.4998],[15.0151,58.475],[15.0014,58.4673],[15.0098,58.4563],[15.0183,58.4524],[15.0267,58.4436],[15.0263,58.4416]]]}},
    {"type":"Feature","properties":{"kod":"0584","namn":"Vadstena","lan_kod":"05"},"geometry":{"type":"Polygon","coordinates":[[[14.8494,58.3751],[14.876,58.3867],[14.9065,58.3867],[14.9234,58.3751],[14.9592,58.3757],[15.0035,58.3939],[15.0077,58.4188],[15.0235,58.4292],[15.0263,58.4416],[15.0267,58.4436],[15.0183,58.4524],[15.0098,58.4563],[15.0014,58.4673],[15.0151,58.475],[15.0372,58.4998],[15.0183,58.5119],[15.0004,58.5179],[15.0014,58.5191],[15.0014,58.5204],[14.9608,58.5349],[14.722,58.5077],[14.6629,58.5236],[14.5457,58.3955],[14.5449,58.3939],[14.6935,58.3837],[14.7069,58.3782],[14.7069,58.366],[14.7121,58.3593],[14.761,58.3593],[14.8124,58.3714],[14.8485,58.3755],[14.8494,58.3751]]]}},
    {"type":"Feature","properties":{"kod":"0586","namn":"Mjölby","lan_kod":"05"},"geometry":{"type":"Polygon","coordinates":[[[14.9043,58.2996],[14.9512,58.3149],[14.9726,58.3167],[15.0088,58.334],[15.0319,58.3296],[15.0599,58.3193],[15.0879,58.3141],[15.106,58.3132],[15.1258,58.3028],[15.1521,58.2994],[15.1686,58.2933],[15.19,58.2881],[15.2048,58.276],[15.2262,58.2725],[15.2427,58.2613],[15.2559,58.237],[15.2674,58.224],[15.2773,58.2066],[15.2822,58.1867],[15.2789,58.1719],[15.2987,58.1554],[15.3006,58.1537],[15.3448,58.171],[15.3745,58.1875],[15.3959,58.1971],[15.4041,58.2162],[15.4058,58.2396],[15.386,58.2552],[15.3893,58.2838],[15.3811,58.2994],[15.3596,58.308],[15.3662,58.3253],[15.3794,58.3348],[15.386,58.3495],[15.3843,58.3677],[15.3695,58.3763],[15.3563,58.3944],[15.3547,58.4151],[15.3086,58.4238],[15.3003,58.4315],[15.3135,58.4436],[15.3316,58.4531],[15.3356,58.4582],[15.2921,58.4686],[15.274,58.4824],[15.2526,58.491],[15.1999,58.4927],[15.1669,58.4858],[15.1554,58.472],[15.1373,58.4591],[15.0994,58.4565],[15.0797,58.4488],[15.0263,58.4416],[15.0235,58.4292],[15.0077,58.4188],[15.0035,58.3939],[14.9592,58.3757],[14.9234,58.3751],[14.9065,58.3867],[14.876,58.3867],[14.8494,58.3751],[14.8742,58.3647],[14.8922,58.3579],[14.8974,58.3093],[14.9043,58.2996]]]}},
    {"type":"Feature","properties":{"kod":"0604","namn":"Aneby","lan_kod":"06"},"geometry":{"type":"Polygon","coordinates":[[[14.6515,58.0273],[14.623,58.0213],[14.603,58.0112],[14.6008,57.9755],[14.5798,57.9665],[14.5355,57.9677],[14.5228,57.961],[14.5113,57.9173],[14.5028,57.9061],[14.5165,57.8932],[14.5334,57.8831],[14.5576,57.882],[14.5713,57.8854],[14.585,57.8949],[14.6061,57.8955],[14.6188,57.8899],[14.6314,57.8529],[14.6451,57.8445],[14.6546,57.8265],[14.6567,57.7967],[14.6746,57.7849],[14.6746,57.7832],[14.6877,57.785],[14.7634,57.821],[14.803,57.8245],[14.8655,57.8272],[14.8935,57.8359],[14.9199,57.8421],[14.9512,57.8342],[14.9677,57.8237],[14.9825,57.7947],[14.994,57.7842],[14.9987,57.7819],[15.0154,57.7736],[15.0517,57.7684],[15.1331,57.7709],[15.1324,57.7763],[15.1274,57.7842],[15.1159,57.7868],[15.1126,57.8184],[15.0846,57.8587],[15.0846,57.871],[15.078,57.8806],[15.0648,57.8859],[15.0518,57.9124],[15.0286,57.9288],[15.0277,57.9453],[15.0284,57.9559],[14.9907,57.9559],[14.9528,57.9698],[14.9183,57.9716],[14.8919,57.9768],[14.8787,57.9707],[14.8458,57.969],[14.826,57.9663],[14.7997,57.9663],[14.775,57.9751],[14.7552,57.9777],[14.7338,57.9663],[14.7041,57.9725],[14.6827,57.9864],[14.6745,57.9978],[14.6564,58.0117],[14.6515,58.0273]]]}},
    {"type":"Feature","properties":{"kod":"0617","namn":"Gnosjö","lan_kod":"06"},"geometry":{"type":"Polygon","coordinates":[[[14.0613,57.3281],[14.0507,57.3336],[14.0533,57.3586],[14.043,57.3697],[14.0224,57.3822],[14.0121,57.4016],[13.9941,57.4058],[13.9632,57.3988],[13.9401,57.421],[13.9195,57.4321],[13.9195,57.4487],[13.9298,57.4653],[13.9272,57.4875],[13.927,57.4875],[13.8963,57.4888],[13.8654,57.4971],[13.8294,57.4861],[13.8062,57.4944],[13.7779,57.4957],[13.7393,57.4861],[13.7136,57.4875],[13.6982,57.4819],[13.6853,57.4598],[13.6647,57.4445],[13.6441,57.4335],[13.6338,57.4113],[13.6184,57.3974],[13.6184,57.3836],[13.5926,57.3711],[13.6235,57.3655],[13.6673,57.3669],[13.7007,57.3641],[13.7213,57.3419],[13.7342,57.303],[13.7356,57.2745],[13.7676,57.271],[13.8062,57.2669],[13.8371,57.2613],[13.8603,57.2696],[13.8731,57.2822],[13.8937,57.2905],[13.9169,57.3058],[13.9375,57.3141],[13.9426,57.3016],[13.9529,57.2905],[13.9838,57.2877],[14.0198,57.2933],[14.0327,57.303],[14.0687,57.3114],[14.061,57.328],[14.0613,57.3281]]]}},
    {"type":"Feature","properties":{"kod":"0642","namn":"Mullsjö","lan_kod":"06"},"geometry":{"type":"Polygon","coordinates":[[[13.9819,58.043],[13.9745,58.0492],[13.9597,58.0632],[13.8988,58.0649],[13.8724,58.0762],[13.8378,58.0762],[13.8281,58.0737],[13.8082,58.0684],[13.8131,58.0562],[13.8065,58.0388],[13.7917,58.0257],[13.7785,58.0205],[13.7588,58.017],[13.7407,58.003],[13.7341,57.9899],[13.7489,57.9759],[13.7595,57.9647],[13.7604,57.9637],[13.7917,57.962],[13.8098,57.9567],[13.8164,57.9489],[13.8181,57.9357],[13.8131,57.9209],[13.7967,57.9051],[13.7835,57.8727],[13.782,57.8706],[13.8088,57.8699],[13.8345,57.8631],[13.8474,57.8535],[13.8731,57.848],[13.8963,57.8563],[13.9015,57.8617],[13.9066,57.8672],[13.904,57.9124],[13.9195,57.9219],[13.9426,57.9329],[13.9555,57.9465],[13.9555,57.9902],[13.9606,58.0147],[13.9761,58.027],[13.9819,58.043]]]}},
    {"type":"Feature","properties":{"kod":"0643","namn":"Habo","lan_kod":"06"},"geometry":{"type":"Polygon","coordinates":[[[13.9015,57.8617],[13.9606,57.8741],[13.9735,57.8658],[13.9838,57.848],[13.9992,57.8343],[14.0327,57.8398],[14.0481,57.8508],[14.0507,57.8741],[14.0893,57.8809],[14.1125,57.8823],[14.1125,57.8831],[14.1282,57.8836],[14.1829,57.9036],[14.2137,57.9099],[14.285,58.0809],[14.3243,58.1494],[14.3386,58.1682],[14.274,58.1642],[14.243,58.1637],[14.2275,58.1579],[14.2232,58.158],[14.2018,58.1589],[14.1672,58.1632],[14.1642,58.1611],[14.1574,58.1563],[14.1705,58.1154],[14.1343,58.0971],[14.131,58.0832],[14.1129,58.0728],[14.0981,58.0545],[14.0454,58.0353],[14.0025,58.0353],[13.9828,58.0423],[13.9819,58.043],[13.9761,58.027],[13.9606,58.0147],[13.9555,57.9902],[13.9555,57.9465],[13.9426,57.9329],[13.9195,57.9219],[13.904,57.9124],[13.9066,57.8672],[13.9015,57.8617]]]}},
    {"type":"Feature","properties":{"kod":"0662","namn":"Gislaved","lan_kod":"06"},"geometry":{"type":"Polygon","coordinates":[[[13.7082,57.0033],[13.733,57.0245],[13.7399,57.038],[13.7495,57.0493],[13.7758,57.0531],[13.7885,57.0534],[13.7831,57.0799],[13.7445,57.1302],[13.7625,57.147],[13.7676,57.1624],[13.7548,57.1763],[13.7445,57.1833],[13.7342,57.1693],[13.7162,57.1679],[13.6827,57.1833],[13.6879,57.2014],[13.7059,57.2209],[13.7033,57.2627],[13.729,57.2752],[13.7356,57.2745],[13.7342,57.303],[13.7213,57.3419],[13.7007,57.3641],[13.6673,57.3669],[13.6235,57.3655],[13.5926,57.3711],[13.6184,57.3836],[13.6184,57.3974],[13.6338,57.4113],[13.6441,57.4335],[13.6647,57.4445],[13.6853,57.4598],[13.6982,57.4819],[13.7136,57.4875],[13.7393,57.4861],[13.7779,57.4957],[13.8062,57.4944],[13.8294,57.4861],[13.8654,57.4971],[13.8963,57.4888],[13.927,57.4875],[13.9383,57.495],[13.9334,57.5649],[13.8971,57.6152],[13.879,57.6187],[13.8625,57.6293],[13.8624,57.6293],[13.828,57.6284],[13.8247,57.5967],[13.8082,57.5878],[13.7703,57.5914],[13.7456,57.5834],[13.7254,57.5826],[13.7258,57.5781],[13.648,57.5397],[13.6258,57.5108],[13.5932,57.4802],[13.5436,57.4434],[13.532,57.4258],[13.5046,57.4014],[13.4867,57.3895],[13.4635,57.3815],[13.4467,57.3673],[13.4161,57.3565],[13.3971,57.3457],[13.3339,57.3292],[13.3318,57.3171],[13.3307,57.3104],[13.2991,57.2854],[13.2769,57.2768],[13.2474,57.2734],[13.2337,57.2665],[13.2232,57.2546],[13.2169,57.242],[13.2021,57.2312],[13.1937,57.2164],[13.1747,57.1929],[13.1599,57.1872],[13.1388,57.1745],[13.1422,57.1744],[13.1461,57.1665],[13.1354,57.1597],[13.1295,57.1486],[13.1305,57.1212],[13.1264,57.1129],[13.1249,57.11],[13.1325,57.0927],[13.1538,57.0761],[13.1614,57.0605],[13.1705,57.0547],[13.1887,57.0539],[13.213,57.0761],[13.2479,57.0885],[13.2692,57.1083],[13.3011,57.1157],[13.3375,57.1223],[13.3603,57.1289],[13.3846,57.1339],[13.462,57.1347],[13.4772,57.1289],[13.4863,57.1215],[13.5182,57.1289],[13.5273,57.1248],[13.5334,57.1108],[13.5516,57.1034],[13.5744,57.1017],[13.5911,57.0951],[13.6154,57.091],[13.629,57.0844],[13.6351,57.0679],[13.6366,57.0324],[13.6442,57.0216],[13.6776,57.0084],[13.6974,57.0076],[13.7082,57.0033]]]}},
    {"type":"Feature","properties":{"kod":"0665","namn":"Vaggeryd","lan_kod":"06"},"geometry":{"type":"Polygon","coordinates":[[[14.4027,57.4057],[14.3922,57.4467],[14.3995,57.4711],[14.4192,57.4835],[14.4686,57.4933],[14.4835,57.5118],[14.4942,57.5149],[14.4555,57.5375],[14.4225,57.541],[14.4044,57.5499],[14.3846,57.5534],[14.3715,57.5596],[14.3682,57.5693],[14.35,57.5702],[14.3492,57.5776],[14.3363,57.5776],[14.3194,57.5832],[14.2941,57.5877],[14.2815,57.5843],[14.2614,57.5815],[14.2551,57.5973],[14.2541,57.6284],[14.2467,57.6408],[14.2319,57.6515],[14.2151,57.6583],[14.1993,57.6572],[14.174,57.6464],[14.1634,57.6374],[14.1381,57.634],[14.1012,57.647],[14.078,57.6459],[14.0527,57.6487],[14.0011,57.6752],[13.9853,57.6589],[13.979,57.6453],[13.9652,57.6448],[13.9326,57.6363],[13.9147,57.6414],[13.8904,57.6431],[13.8693,57.6374],[13.8624,57.6293],[13.8625,57.6293],[13.879,57.6187],[13.8971,57.6152],[13.9334,57.5649],[13.9383,57.495],[13.927,57.4875],[13.9272,57.4875],[13.9298,57.4653],[13.9195,57.4487],[13.9195,57.4321],[13.9401,57.421],[13.9632,57.3988],[13.9941,57.4058],[14.0121,57.4016],[14.0224,57.3822],[14.043,57.3697],[14.0533,57.3586],[14.0507,57.3336],[14.0613,57.3281],[14.1022,57.3364],[14.1331,57.335],[14.1562,57.3322],[14.182,57.3364],[14.2025,57.3489],[14.2386,57.3517],[14.2926,57.3322],[14.3081,57.3461],[14.3132,57.3628],[14.3364,57.3836],[14.3672,57.4002],[14.4027,57.4057]]]}},
    {"type":"Feature","properties":{"kod":"0680","namn":"Jönköping","lan_kod":"06"},"geometry":{"type":"Polygon","coordinates":[[[13.8624,57.6293],[13.8693,57.6374],[13.8904,57.6431],[13.9147,57.6414],[13.9326,57.6363],[13.9652,57.6448],[13.979,57.6453],[13.9853,57.6589],[14.0011,57.6752],[14.0527,57.6487],[14.078,57.6459],[14.1012,57.647],[14.1381,57.634],[14.1634,57.6374],[14.174,57.6464],[14.1993,57.6572],[14.2151,57.6583],[14.2319,57.6515],[14.2467,57.6408],[14.2541,57.6284],[14.2551,57.5973],[14.2614,57.5815],[14.2815,57.5843],[14.2941,57.5877],[14.3194,57.5832],[14.3363,57.5776],[14.3553,57.5776],[14.3668,57.5968],[14.3647,57.6115],[14.3827,57.6216],[14.4016,57.6284],[14.3995,57.6425],[14.3816,57.6515],[14.4027,57.6639],[14.4238,57.6724],[14.4406,57.6837],[14.447,57.6944],[14.4628,57.7006],[14.4765,57.722],[14.4649,57.7383],[14.4775,57.7484],[14.5028,57.7546],[14.5271,57.7551],[14.5534,57.7636],[14.5808,57.7681],[14.6061,57.7647],[14.6388,57.7675],[14.6746,57.7731],[14.6746,57.7849],[14.6567,57.7967],[14.6546,57.8265],[14.6451,57.8445],[14.6314,57.8529],[14.6188,57.8899],[14.6061,57.8955],[14.585,57.8949],[14.5713,57.8854],[14.5576,57.882],[14.5334,57.8831],[14.5165,57.8932],[14.5028,57.9061],[14.5113,57.9173],[14.5228,57.961],[14.5355,57.9677],[14.5798,57.9665],[14.6008,57.9755],[14.603,58.0112],[14.623,58.0213],[14.6515,58.0273],[14.6514,58.0274],[14.6597,58.0388],[14.6531,58.0623],[14.6202,58.1058],[14.6223,58.124],[14.602,58.1276],[14.5622,58.1292],[14.5423,58.1415],[14.443,58.1627],[14.4194,58.2026],[14.4185,58.2022],[14.3398,58.1683],[14.3386,58.1682],[14.3243,58.1494],[14.285,58.0809],[14.2137,57.9099],[14.1829,57.9036],[14.1282,57.8836],[14.1125,57.8831],[14.1125,57.8823],[14.0893,57.8809],[14.0507,57.8741],[14.0481,57.8508],[14.0327,57.8398],[13.9992,57.8343],[13.9838,57.848],[13.9735,57.8658],[13.9606,57.8741],[13.9015,57.8617],[13.8963,57.8563],[13.8731,57.848],[13.8474,57.8535],[13.8345,57.8631],[13.8088,57.8699],[13.782,57.8706],[13.7703,57.8543],[13.7654,57.8237],[13.7967,57.8026],[13.7851,57.7842],[13.744,57.7561],[13.7604,57.7438],[13.7407,57.7279],[13.744,57.7086],[13.7533,57.7023],[13.7637,57.6954],[13.7538,57.676],[13.7176,57.6513],[13.7077,57.639],[13.7077,57.6214],[13.7242,57.6108],[13.7242,57.5958],[13.7254,57.5826],[13.7456,57.5834],[13.7703,57.5914],[13.8082,57.5878],[13.8247,57.5967],[13.828,57.6284],[13.8624,57.6293]]]}},
    {"type":"Feature","properties":{"kod":"0682","namn":"Nässjö","lan_kod":"06"},"geometry":{"type":"Polygon","coordinates":[[[14.8852,57.6205],[14.851,57.6227],[14.815,57.6269],[14.8202,57.6379],[14.8356,57.6489],[14.8665,57.6544],[14.8768,57.6709],[14.8948,57.6902],[14.9179,57.7081],[14.9437,57.7466],[14.9643,57.7699],[14.9849,57.7726],[14.9987,57.7819],[14.994,57.7842],[14.9825,57.7947],[14.9677,57.8237],[14.9512,57.8342],[14.9199,57.8421],[14.8935,57.8359],[14.8655,57.8272],[14.803,57.8245],[14.7634,57.821],[14.6877,57.785],[14.6746,57.7832],[14.6746,57.7731],[14.6388,57.7675],[14.6061,57.7647],[14.5808,57.7681],[14.5534,57.7636],[14.5271,57.7551],[14.5028,57.7546],[14.4775,57.7484],[14.4649,57.7383],[14.4765,57.722],[14.4628,57.7006],[14.447,57.6944],[14.4406,57.6837],[14.4238,57.6724],[14.4027,57.6639],[14.3816,57.6515],[14.3995,57.6425],[14.4016,57.6284],[14.3827,57.6216],[14.3647,57.6115],[14.3668,57.5968],[14.3553,57.5776],[14.3492,57.5776],[14.35,57.5702],[14.3682,57.5693],[14.3715,57.5596],[14.3846,57.5534],[14.4044,57.5499],[14.4225,57.541],[14.4555,57.5375],[14.4942,57.5149],[14.5147,57.5207],[14.5345,57.5207],[14.5444,57.5065],[14.5625,57.4959],[14.5856,57.4906],[14.6119,57.4649],[14.6465,57.4605],[14.6696,57.4782],[14.6926,57.4915],[14.7387,57.4933],[14.7601,57.4862],[14.7667,57.4632],[14.7898,57.449],[14.803,57.4366],[14.8408,57.4321],[14.8412,57.4302],[14.854,57.4835],[14.8655,57.4986],[14.8738,57.5154],[14.8771,57.5552],[14.8771,57.6108],[14.8852,57.6205]]]}},
    {"type":"Feature","properties":{"kod":"0683","namn":"Värnamo","lan_kod":"06"},"geometry":{"type":"Polygon","coordinates":[[[14.327,56.902],[14.3486,56.9116],[14.3694,56.9214],[14.3763,56.9335],[14.4011,56.9568],[14.4204,56.9711],[14.4246,56.9832],[14.397,57.0147],[14.3901,57.0283],[14.3749,57.0403],[14.3652,57.0531],[14.3749,57.0748],[14.3901,57.0898],[14.3914,57.1056],[14.3873,57.1168],[14.3721,57.137],[14.3887,57.1528],[14.3873,57.17],[14.4039,57.173],[14.4172,57.1738],[14.4161,57.193],[14.4341,57.207],[14.4522,57.2251],[14.4573,57.2641],[14.4727,57.2822],[14.4779,57.3002],[14.4625,57.3183],[14.4393,57.3322],[14.4264,57.3544],[14.4239,57.3822],[14.4033,57.4058],[14.4027,57.4057],[14.3672,57.4002],[14.3364,57.3836],[14.3132,57.3628],[14.3081,57.3461],[14.2926,57.3322],[14.2386,57.3517],[14.2025,57.3489],[14.182,57.3364],[14.1562,57.3322],[14.1331,57.335],[14.1022,57.3364],[14.0613,57.3281],[14.061,57.328],[14.0687,57.3114],[14.0327,57.303],[14.0198,57.2933],[13.9838,57.2877],[13.9529,57.2905],[13.9426,57.3016],[13.9375,57.3141],[13.9169,57.3058],[13.8937,57.2905],[13.8731,57.2822],[13.8603,57.2696],[13.8371,57.2613],[13.8062,57.2669],[13.7676,57.271],[13.7356,57.2745],[13.729,57.2752],[13.7033,57.2627],[13.7059,57.2209],[13.6879,57.2014],[13.6827,57.1833],[13.7162,57.1679],[13.7342,57.1693],[13.7445,57.1833],[13.7548,57.1763],[13.7676,57.1624],[13.7625,57.147],[13.7445,57.1302],[13.7831,57.0799],[13.7885,57.0534],[13.8034,57.0538],[13.8393,57.0478],[13.8489,57.0343],[13.871,57.0268],[13.9,57.0328],[13.9179,57.0388],[13.9414,57.0403],[13.9538,57.0538],[13.9649,57.0613],[13.9897,57.0666],[14.0104,57.0561],[14.0256,57.0591],[14.0394,57.0681],[14.0615,57.0756],[14.1002,57.0733],[14.1319,57.0613],[14.1374,57.0508],[14.1554,57.0433],[14.1788,57.0501],[14.1885,57.044],[14.1871,57.0208],[14.2258,56.9794],[14.2451,56.9418],[14.2824,56.9169],[14.3072,56.9071],[14.3266,56.9018],[14.327,56.902]]]}},
    {"type":"Feature","properties":{"kod":"0684","namn":"Sävsjö","lan_kod":"06"},"geometry":{"type":"Polygon","coordinates":[[[14.5093,57.1829],[14.5129,57.1835],[14.5405,57.185],[14.564,57.1932],[14.5806,57.2074],[14.6275,57.2111],[14.6482,57.2298],[14.6703,57.2336],[14.7159,57.2365],[14.7435,57.244],[14.8056,57.2492],[14.8118,57.2487],[14.8128,57.2633],[14.8046,57.2767],[14.8145,57.2918],[14.8392,57.3087],[14.8573,57.3825],[14.8458,57.4055],[14.8412,57.4302],[14.8408,57.4321],[14.803,57.4366],[14.7898,57.449],[14.7667,57.4632],[14.7601,57.4862],[14.7387,57.4933],[14.6926,57.4915],[14.6696,57.4782],[14.6465,57.4605],[14.6119,57.4649],[14.5856,57.4906],[14.5625,57.4959],[14.5444,57.5065],[14.5345,57.5207],[14.5147,57.5207],[14.4942,57.5149],[14.4835,57.5118],[14.4686,57.4933],[14.4192,57.4835],[14.3995,57.4711],[14.3922,57.4467],[14.4027,57.4057],[14.4033,57.4058],[14.4239,57.3822],[14.4264,57.3544],[14.4393,57.3322],[14.4625,57.3183],[14.4779,57.3002],[14.4727,57.2822],[14.4573,57.2641],[14.4522,57.2251],[14.4341,57.207],[14.4161,57.193],[14.4172,57.1738],[14.4398,57.1752],[14.4687,57.1767],[14.5093,57.1829]]]}},
    {"type":"Feature","properties":{"kod":"0685","namn":"Vetlanda","lan_kod":"06"},"geometry":{"type":"Polygon","coordinates":[[[15.5515,57.2323],[15.5492,57.2397],[15.5409,57.26],[15.4888,57.2859],[15.4846,57.3006],[15.4929,57.3152],[15.4908,57.3276],[15.5159,57.3355],[15.5305,57.3524],[15.5305,57.3726],[15.5263,57.4007],[15.5367,57.4108],[15.5221,57.4333],[15.4992,57.4467],[15.5096,57.4692],[15.5263,57.4826],[15.5597,57.4905],[15.5826,57.4871],[15.6014,57.477],[15.6139,57.4658],[15.6368,57.4725],[15.641,57.4838],[15.6451,57.5118],[15.6639,57.523],[15.6618,57.533],[15.641,57.5509],[15.6285,57.5722],[15.616,57.5856],[15.6168,57.5862],[15.5947,57.58],[15.5278,57.58],[15.5253,57.5662],[15.5047,57.5538],[15.4841,57.5331],[15.4069,57.5275],[15.3683,57.5206],[15.3323,57.5372],[15.2962,57.5386],[15.2679,57.5483],[15.2396,57.5524],[15.2139,57.5441],[15.1753,57.5372],[15.1238,57.5386],[15.0904,57.5483],[15.0492,57.5648],[15.0209,57.5676],[14.9874,57.5745],[14.9797,57.5855],[14.9591,57.6007],[14.8922,57.62],[14.8852,57.6205],[14.8771,57.6108],[14.8771,57.5552],[14.8738,57.5154],[14.8655,57.4986],[14.854,57.4835],[14.8412,57.4302],[14.8458,57.4055],[14.8573,57.3825],[14.8392,57.3087],[14.8145,57.2918],[14.8046,57.2767],[14.8128,57.2633],[14.8118,57.2487],[14.8318,57.247],[14.9008,57.2104],[14.9188,57.1969],[14.9202,57.182],[14.9312,57.166],[14.9674,57.1622],[15.0045,57.1622],[15.0249,57.168],[15.0381,57.1857],[15.077,57.2015],[15.1016,57.2133],[15.1079,57.2163],[15.1282,57.2177],[15.1565,57.2101],[15.1715,57.2158],[15.1662,57.2407],[15.1574,57.2503],[15.1768,57.255],[15.1927,57.246],[15.2148,57.2364],[15.2289,57.2364],[15.2431,57.245],[15.2634,57.2479],[15.3359,57.2474],[15.3818,57.2488],[15.4021,57.2512],[15.453,57.2444],[15.4648,57.2368],[15.4858,57.2328],[15.5474,57.2307],[15.5515,57.2322],[15.5515,57.2323]]]}},
    {"type":"Feature","properties":{"kod":"0686","namn":"Eksjö","lan_kod":"06"},"geometry":{"type":"Polygon","coordinates":[[[15.6655,57.6238],[15.6681,57.6258],[15.6597,57.6392],[15.618,57.6515],[15.4721,57.7117],[15.4596,57.7184],[15.4554,57.7384],[15.4554,57.7385],[15.4107,57.7385],[15.3843,57.7341],[15.3728,57.7253],[15.3448,57.7253],[15.3218,57.7367],[15.2987,57.7332],[15.2658,57.7341],[15.2493,57.7376],[15.2114,57.7367],[15.1604,57.742],[15.1472,57.7464],[15.134,57.7648],[15.1331,57.7709],[15.0517,57.7684],[15.0154,57.7736],[14.9987,57.7819],[14.9849,57.7726],[14.9643,57.7699],[14.9437,57.7466],[14.9179,57.7081],[14.8948,57.6902],[14.8768,57.6709],[14.8665,57.6544],[14.8356,57.6489],[14.8202,57.6379],[14.815,57.6269],[14.851,57.6227],[14.8852,57.6205],[14.8922,57.62],[14.9591,57.6007],[14.9797,57.5855],[14.9874,57.5745],[15.0209,57.5676],[15.0492,57.5648],[15.0904,57.5483],[15.1238,57.5386],[15.1753,57.5372],[15.2139,57.5441],[15.2396,57.5524],[15.2679,57.5483],[15.2962,57.5386],[15.3323,57.5372],[15.3683,57.5206],[15.4069,57.5275],[15.4841,57.5331],[15.5047,57.5538],[15.5253,57.5662],[15.5278,57.58],[15.5947,57.58],[15.6168,57.5862],[15.6347,57.599],[15.6493,57.6113],[15.6655,57.6238]]]}},
    {"type":"Feature","properties":{"kod":"0687","namn":"Tranås","lan_kod":"06"},"geometry":{"type":"Polygon","coordinates":[[[15.0284,57.9559],[15.0288,57.9626],[15.0362,58.0062],[15.0509,58.0124],[15.0878,58.014],[15.1068,58.0185],[15.1068,58.0325],[15.0952,58.0431],[15.0848,58.0568],[15.0846,58.0571],[15.0681,58.0675],[15.0615,58.078],[15.0582,58.0937],[15.05,58.1067],[15.0385,58.118],[15.0204,58.1424],[15.0088,58.1493],[15.0022,58.1632],[14.9825,58.1702],[14.9594,58.1684],[14.949,58.1624],[14.9413,58.158],[14.9248,58.1502],[14.9265,58.1398],[14.9215,58.1215],[14.9084,58.1128],[14.8474,58.1119],[14.8128,58.1145],[14.7783,58.125],[14.7568,58.1189],[14.7206,58.1293],[14.6959,58.1232],[14.6729,58.1154],[14.6317,58.1224],[14.6223,58.124],[14.6202,58.1058],[14.6531,58.0623],[14.6597,58.0388],[14.6514,58.0274],[14.6515,58.0273],[14.6564,58.0117],[14.6745,57.9978],[14.6827,57.9864],[14.7041,57.9725],[14.7338,57.9663],[14.7552,57.9777],[14.775,57.9751],[14.7997,57.9663],[14.826,57.9663],[14.8458,57.969],[14.8787,57.9707],[14.8919,57.9768],[14.9183,57.9716],[14.9528,57.9698],[14.9907,57.9559],[15.0284,57.9559]]]}},
    {"type":"Feature","properties":{"kod":"0760","namn":"Uppvidinge","lan_kod":"07"},"geometry":{"type":"Polygon","coordinates":[[[15.7479,57.0866],[15.7244,57.0961],[15.6785,57.1222],[15.6639,57.1392],[15.6451,57.1539],[15.6243,57.1584],[15.6014,57.1663],[15.5868,57.1765],[15.5742,57.2149],[15.5534,57.2262],[15.5515,57.2322],[15.5474,57.2307],[15.4858,57.2328],[15.4648,57.2368],[15.453,57.2444],[15.4021,57.2512],[15.3818,57.2488],[15.3359,57.2474],[15.2634,57.2479],[15.2431,57.245],[15.2289,57.2364],[15.2148,57.2364],[15.1927,57.246],[15.1768,57.255],[15.1574,57.2503],[15.1662,57.2407],[15.1715,57.2158],[15.1565,57.2101],[15.1282,57.2177],[15.1079,57.2163],[15.1016,57.2133],[15.1077,57.1991],[15.1077,57.1822],[15.1241,57.1723],[15.1455,57.1625],[15.1587,57.1527],[15.1521,57.1313],[15.1373,57.1214],[15.1439,57.1107],[15.1637,57.0991],[15.1653,57.083],[15.1735,57.0695],[15.2279,57.0606],[15.2361,57.0525],[15.2493,57.0328],[15.2575,57.0122],[15.2608,56.9978],[15.2444,56.9853],[15.2279,56.9799],[15.2164,56.9682],[15.1785,56.9574],[15.1768,56.9314],[15.1867,56.9197],[15.1884,56.899],[15.2015,56.8891],[15.2114,56.8711],[15.2081,56.8555],[15.2114,56.8567],[15.2592,56.8594],[15.2888,56.8648],[15.2921,56.89],[15.3069,56.8972],[15.3531,56.8891],[15.3662,56.8981],[15.3761,56.9116],[15.4239,56.9314],[15.4469,56.9269],[15.4568,56.9143],[15.4782,56.9089],[15.5013,56.9152],[15.5227,56.9251],[15.5415,56.9296],[15.5409,56.9304],[15.5471,56.9452],[15.568,56.9554],[15.5909,56.9531],[15.6097,56.9429],[15.6368,56.9418],[15.666,56.9327],[15.6827,56.9304],[15.7244,56.9395],[15.8224,56.9406],[15.8432,56.9679],[15.8516,56.9872],[15.8453,57.0099],[15.8328,57.0292],[15.812,57.0463],[15.764,57.0735],[15.7494,57.0859],[15.7479,57.0866]]]}},
    {"type":"Feature","properties":{"kod":"0761","namn":"Lessebo","lan_kod":"07"},"geometry":{"type":"Polygon","coordinates":[[[15.5703,56.8569],[15.5555,56.8791],[15.568,56.8951],[15.5722,56.9088],[15.5513,56.9156],[15.5415,56.9296],[15.5227,56.9251],[15.5013,56.9152],[15.4782,56.9089],[15.4568,56.9143],[15.4469,56.9269],[15.4239,56.9314],[15.3761,56.9116],[15.3662,56.8981],[15.3531,56.8891],[15.3069,56.8972],[15.2921,56.89],[15.2888,56.8648],[15.2592,56.8594],[15.2114,56.8567],[15.2081,56.8555],[15.1867,56.8477],[15.1488,56.8414],[15.1175,56.8387],[15.0994,56.8306],[15.0879,56.8198],[15.1011,56.8072],[15.0813,56.7801],[15.1373,56.7503],[15.1571,56.7377],[15.1612,56.7295],[15.2081,56.7295],[15.2164,56.7386],[15.2476,56.7359],[15.2658,56.7223],[15.274,56.7124],[15.2938,56.7051],[15.3251,56.6907],[15.3333,56.6798],[15.3382,56.6608],[15.3465,56.6445],[15.3586,56.6375],[15.3712,56.6339],[15.3887,56.6403],[15.4074,56.6448],[15.4241,56.6678],[15.4137,56.6781],[15.4283,56.6964],[15.4262,56.7101],[15.4491,56.7262],[15.4366,56.7422],[15.4116,56.7479],[15.4012,56.7582],[15.3887,56.7787],[15.3741,56.7913],[15.3928,56.8073],[15.4074,56.8107],[15.4387,56.813],[15.47,56.8221],[15.4992,56.8256],[15.5513,56.837],[15.568,56.8472],[15.5722,56.8541],[15.5703,56.8569]]]}},
    {"type":"Feature","properties":{"kod":"0763","namn":"Tingsryd","lan_kod":"07"},"geometry":{"type":"Polygon","coordinates":[[[14.7131,56.41],[14.7152,56.4091],[14.7569,56.4114],[14.8048,56.4102],[14.8319,56.4022],[14.8444,56.3952],[14.8695,56.3929],[14.882,56.3849],[14.8945,56.3849],[14.9153,56.3952],[14.9445,56.3975],[14.9446,56.3978],[14.9508,56.4149],[14.9737,56.4241],[14.9904,56.4368],[15.0133,56.4633],[15.053,56.4748],[15.0821,56.4794],[15.1364,56.4782],[15.1656,56.461],[15.1864,56.4517],[15.2052,56.4506],[15.2198,56.4587],[15.2281,56.4748],[15.2406,56.4875],[15.2615,56.4932],[15.2927,56.4932],[15.3136,56.4817],[15.3303,56.4805],[15.3532,56.4875],[15.3616,56.5105],[15.3657,56.5181],[15.3574,56.5243],[15.3553,56.5404],[15.3678,56.5622],[15.3741,56.5783],[15.3887,56.5909],[15.4074,56.599],[15.4074,56.6093],[15.3908,56.6242],[15.3699,56.6334],[15.3712,56.6339],[15.3586,56.6375],[15.3465,56.6445],[15.3382,56.6608],[15.3333,56.6798],[15.3251,56.6907],[15.2938,56.7051],[15.274,56.7124],[15.2658,56.7223],[15.2476,56.7359],[15.2164,56.7386],[15.2081,56.7295],[15.1472,56.7295],[15.1241,56.7214],[15.1126,56.7097],[15.1241,56.6943],[15.1175,56.669],[15.1011,56.65],[15.0731,56.6409],[15.05,56.6662],[15.0302,56.6735],[15.0055,56.6907],[15.0022,56.707],[14.9742,56.7133],[14.9463,56.7097],[14.9331,56.6997],[14.8968,56.6997],[14.8491,56.6626],[14.8293,56.6572],[14.7733,56.6662],[14.7536,56.6635],[14.7305,56.6717],[14.7083,56.6705],[14.7046,56.6679],[14.6669,56.6524],[14.6607,56.6412],[14.6748,56.6265],[14.6874,56.6213],[14.6905,56.6005],[14.6685,56.591],[14.6544,56.5685],[14.6075,56.5659],[14.6109,56.5626],[14.6109,56.5314],[14.6261,56.5162],[14.6303,56.507],[14.6206,56.4948],[14.6098,56.4752],[14.6192,56.4713],[14.6359,56.4644],[14.6526,56.4483],[14.6839,56.4333],[14.6964,56.4172],[14.7131,56.41]]]}},
    {"type":"Feature","properties":{"kod":"0764","namn":"Alvesta","lan_kod":"07"},"geometry":{"type":"Polygon","coordinates":[[[14.3251,56.7852],[14.3348,56.7856],[14.3625,56.778],[14.4094,56.7523],[14.426,56.7379],[14.4301,56.7212],[14.4315,56.6962],[14.4467,56.6818],[14.4757,56.6758],[14.4536,56.6492],[14.4549,56.6242],[14.4508,56.6082],[14.4563,56.5983],[14.4701,56.6074],[14.4881,56.6105],[14.5378,56.6044],[14.5447,56.5976],[14.5626,56.596],[14.5806,56.5907],[14.5861,56.5824],[14.6013,56.5717],[14.6075,56.5659],[14.6544,56.5685],[14.6685,56.591],[14.6905,56.6005],[14.6874,56.6213],[14.6748,56.6265],[14.6607,56.6412],[14.6669,56.6524],[14.7046,56.6679],[14.7083,56.6705],[14.7172,56.6766],[14.7109,56.6895],[14.6936,56.7033],[14.6842,56.7309],[14.6889,56.7937],[14.6826,56.8109],[14.6638,56.8273],[14.6292,56.829],[14.6057,56.8376],[14.5868,56.8479],[14.5853,56.8633],[14.5994,56.8719],[14.6277,56.8762],[14.6324,56.8942],[14.6512,56.9037],[14.6544,56.914],[14.6512,56.9354],[14.6701,56.9422],[14.6811,56.9525],[14.6858,56.9654],[14.7031,56.9748],[14.7031,56.9885],[14.6685,57.015],[14.6591,57.0389],[14.6591,57.0842],[14.6528,57.1124],[14.623,57.1158],[14.5821,57.1303],[14.5334,57.1422],[14.5287,57.1584],[14.5093,57.1829],[14.4687,57.1767],[14.4398,57.1752],[14.4172,57.1738],[14.4039,57.173],[14.3873,57.17],[14.3887,57.1528],[14.3721,57.137],[14.3873,57.1168],[14.3914,57.1056],[14.3901,57.0898],[14.3749,57.0748],[14.3652,57.0531],[14.3749,57.0403],[14.3901,57.0283],[14.397,57.0147],[14.4246,56.9832],[14.4204,56.9711],[14.4011,56.9568],[14.3763,56.9335],[14.3694,56.9214],[14.3486,56.9116],[14.327,56.902],[14.3287,56.8963],[14.3242,56.8678],[14.3242,56.8258],[14.3251,56.7852]]]}},
    {"type":"Feature","properties":{"kod":"0765","namn":"Älmhult","lan_kod":"07"},"geometry":{"type":"Polygon","coordinates":[[[14.5407,56.4802],[14.5942,56.4817],[14.6098,56.4752],[14.6206,56.4948],[14.6303,56.507],[14.6261,56.5162],[14.6109,56.5314],[14.6109,56.5626],[14.6075,56.5659],[14.6013,56.5717],[14.5861,56.5824],[14.5806,56.5907],[14.5626,56.596],[14.5447,56.5976],[14.5378,56.6044],[14.4881,56.6105],[14.4701,56.6074],[14.4563,56.5983],[14.4508,56.6082],[14.4549,56.6242],[14.4536,56.6492],[14.4757,56.6758],[14.4467,56.6818],[14.4315,56.6962],[14.4301,56.7212],[14.426,56.7379],[14.4094,56.7523],[14.3625,56.778],[14.3348,56.7856],[14.3251,56.7852],[14.3252,56.7833],[14.321,56.7689],[14.2686,56.7409],[14.2589,56.7303],[14.2189,56.7],[14.194,56.6947],[14.154,56.6947],[14.1457,56.7008],[14.125,56.7084],[14.1153,56.7167],[14.1112,56.7356],[14.0988,56.7394],[14.0864,56.7394],[14.0629,56.7288],[14.0477,56.7137],[14.0104,56.7],[14.0077,56.6856],[14.0091,56.672],[14.0049,56.6621],[13.9952,56.6522],[13.958,56.6613],[13.9373,56.6598],[13.9248,56.6522],[13.9028,56.631],[13.8263,56.6306],[13.8286,56.629],[13.8321,56.612],[13.8312,56.594],[13.8622,56.5599],[13.8586,56.5419],[13.8516,56.5312],[13.841,56.5234],[13.8171,56.5229],[13.8047,56.5176],[13.7977,56.5093],[13.795,56.4995],[13.7827,56.4883],[13.727,56.4732],[13.7173,56.4585],[13.7214,56.4492],[13.7215,56.4492],[13.7415,56.4632],[13.7726,56.469],[13.8185,56.4736],[13.9061,56.4725],[13.9395,56.4828],[13.9853,56.4921],[14.0104,56.4909],[14.0521,56.4932],[14.0625,56.5024],[14.0687,56.5197],[14.0854,56.5438],[14.1084,56.5576],[14.1209,56.5622],[14.1584,56.5404],[14.1855,56.5312],[14.2022,56.5231],[14.2439,56.522],[14.2835,56.5266],[14.3023,56.5266],[14.3419,56.522],[14.3753,56.5116],[14.417,56.5024],[14.4316,56.4944],[14.5191,56.4932],[14.5358,56.4875],[14.5407,56.4802]]]}},
    {"type":"Feature","properties":{"kod":"0767","namn":"Markaryd","lan_kod":"07"},"geometry":{"type":"Polygon","coordinates":[[[13.6001,56.4302],[13.6134,56.4322],[13.6414,56.4447],[13.6895,56.447],[13.7208,56.4491],[13.7214,56.4492],[13.7173,56.4585],[13.727,56.4732],[13.7827,56.4883],[13.795,56.4995],[13.7977,56.5093],[13.8047,56.5176],[13.8171,56.5229],[13.841,56.5234],[13.8516,56.5312],[13.8586,56.5419],[13.8622,56.5599],[13.8312,56.594],[13.8321,56.612],[13.8286,56.629],[13.8263,56.6306],[13.8215,56.6339],[13.7986,56.6402],[13.7941,56.6552],[13.8065,56.6786],[13.8003,56.6936],[13.7844,56.6989],[13.765,56.6926],[13.7473,56.6824],[13.7235,56.6756],[13.6864,56.6732],[13.6528,56.6747],[13.6298,56.68],[13.6157,56.6907],[13.5954,56.6965],[13.5688,56.6917],[13.5379,56.681],[13.5203,56.6722],[13.5088,56.6557],[13.4893,56.6426],[13.4444,56.6409],[13.4453,56.6403],[13.4453,56.6278],[13.4392,56.6153],[13.4453,56.6044],[13.465,56.5936],[13.4635,56.5818],[13.503,56.5425],[13.503,56.5308],[13.4681,56.5074],[13.4681,56.4914],[13.4833,56.4822],[13.4984,56.4696],[13.4984,56.4537],[13.4949,56.441],[13.528,56.4315],[13.5841,56.4278],[13.6001,56.4302]]]}},
    {"type":"Feature","properties":{"kod":"0780","namn":"Växjö","lan_kod":"07"},"geometry":{"type":"Polygon","coordinates":[[[14.7083,56.6705],[14.7305,56.6717],[14.7536,56.6635],[14.7733,56.6662],[14.8293,56.6572],[14.8491,56.6626],[14.8968,56.6997],[14.9331,56.6997],[14.9463,56.7097],[14.9742,56.7133],[15.0022,56.707],[15.0055,56.6907],[15.0302,56.6735],[15.05,56.6662],[15.0731,56.6409],[15.1011,56.65],[15.1175,56.669],[15.1241,56.6943],[15.1126,56.7097],[15.1241,56.7214],[15.1472,56.7295],[15.1612,56.7295],[15.1571,56.7377],[15.1373,56.7503],[15.0813,56.7801],[15.1011,56.8072],[15.0879,56.8198],[15.0994,56.8306],[15.1175,56.8387],[15.1488,56.8414],[15.1867,56.8477],[15.2081,56.8555],[15.2114,56.8711],[15.2015,56.8891],[15.1884,56.899],[15.1867,56.9197],[15.1768,56.9314],[15.1785,56.9574],[15.2164,56.9682],[15.2279,56.9799],[15.2444,56.9853],[15.2608,56.9978],[15.2575,57.0122],[15.2493,57.0328],[15.2361,57.0525],[15.2279,57.0606],[15.1735,57.0695],[15.1653,57.083],[15.1637,57.0991],[15.1439,57.1107],[15.1373,57.1214],[15.1521,57.1313],[15.1587,57.1527],[15.1455,57.1625],[15.1241,57.1723],[15.1077,57.1822],[15.1077,57.1991],[15.1016,57.2133],[15.077,57.2015],[15.0381,57.1857],[15.0249,57.168],[15.0045,57.1622],[14.9674,57.1622],[14.9312,57.166],[14.9202,57.182],[14.9188,57.1969],[14.9008,57.2104],[14.8318,57.247],[14.8118,57.2487],[14.8056,57.2492],[14.7435,57.244],[14.7159,57.2365],[14.6703,57.2336],[14.6482,57.2298],[14.6275,57.2111],[14.5806,57.2074],[14.564,57.1932],[14.5405,57.185],[14.5129,57.1835],[14.5093,57.1829],[14.5287,57.1584],[14.5334,57.1422],[14.5821,57.1303],[14.623,57.1158],[14.6528,57.1124],[14.6591,57.0842],[14.6591,57.0389],[14.6685,57.015],[14.7031,56.9885],[14.7031,56.9748],[14.6858,56.9654],[14.6811,56.9525],[14.6701,56.9422],[14.6512,56.9354],[14.6544,56.914],[14.6512,56.9037],[14.6324,56.8942],[14.6277,56.8762],[14.5994,56.8719],[14.5853,56.8633],[14.5868,56.8479],[14.6057,56.8376],[14.6292,56.829],[14.6638,56.8273],[14.6826,56.8109],[14.6889,56.7937],[14.6842,56.7309],[14.6936,56.7033],[14.7109,56.6895],[14.7172,56.6766],[14.7083,56.6705]]]}},
    {"type":"Feature","properties":{"kod":"0781","namn":"Ljungby","lan_kod":"07"},"geometry":{"type":"Polygon","coordinates":[[[13.351,56.8559],[13.3451,56.8543],[13.3345,56.841],[13.3512,56.8286],[13.3557,56.8103],[13.3603,56.7654],[13.3512,56.7104],[13.3513,56.7104],[13.3724,56.7029],[13.3891,56.6946],[13.4134,56.6779],[13.4256,56.6512],[13.4444,56.6409],[13.4893,56.6426],[13.5088,56.6557],[13.5203,56.6722],[13.5379,56.681],[13.5688,56.6917],[13.5954,56.6965],[13.6157,56.6907],[13.6298,56.68],[13.6528,56.6747],[13.6864,56.6732],[13.7235,56.6756],[13.7473,56.6824],[13.765,56.6926],[13.7844,56.6989],[13.8003,56.6936],[13.8065,56.6786],[13.7941,56.6552],[13.7986,56.6402],[13.8215,56.6339],[13.8263,56.6306],[13.9028,56.631],[13.9248,56.6522],[13.9373,56.6598],[13.958,56.6613],[13.9952,56.6522],[14.0049,56.6621],[14.0091,56.672],[14.0077,56.6856],[14.0104,56.7],[14.0477,56.7137],[14.0629,56.7288],[14.0864,56.7394],[14.0988,56.7394],[14.1112,56.7356],[14.1153,56.7167],[14.125,56.7084],[14.1457,56.7008],[14.154,56.6947],[14.194,56.6947],[14.2189,56.7],[14.2589,56.7303],[14.2686,56.7409],[14.321,56.7689],[14.3252,56.7833],[14.3251,56.7852],[14.3242,56.8258],[14.3242,56.8678],[14.3287,56.8963],[14.327,56.902],[14.3266,56.9018],[14.3072,56.9071],[14.2824,56.9169],[14.2451,56.9418],[14.2258,56.9794],[14.1871,57.0208],[14.1885,57.044],[14.1788,57.0501],[14.1554,57.0433],[14.1374,57.0508],[14.1319,57.0613],[14.1002,57.0733],[14.0615,57.0756],[14.0394,57.0681],[14.0256,57.0591],[14.0104,57.0561],[13.9897,57.0666],[13.9649,57.0613],[13.9538,57.0538],[13.9414,57.0403],[13.9179,57.0388],[13.9,57.0328],[13.871,57.0268],[13.8489,57.0343],[13.8393,57.0478],[13.8034,57.0538],[13.7885,57.0534],[13.7758,57.0531],[13.7495,57.0493],[13.7399,57.038],[13.733,57.0245],[13.7082,57.0033],[13.7141,57.001],[13.7141,56.9613],[13.708,56.9455],[13.6882,56.9389],[13.6579,56.9339],[13.6305,56.9223],[13.588,56.9215],[13.5577,56.9132],[13.5106,56.8966],[13.4909,56.9024],[13.459,56.9016],[13.4407,56.8908],[13.4043,56.8892],[13.3831,56.8825],[13.3755,56.8626],[13.351,56.8559]]]}},
    {"type":"Feature","properties":{"kod":"0821","namn":"Högsby","lan_kod":"08"},"geometry":{"type":"Polygon","coordinates":[[[16.2264,56.9926],[16.261,57.0014],[16.2633,57.0143],[16.261,57.035],[16.2633,57.0543],[16.2681,57.0646],[16.2538,57.0763],[16.2301,57.0879],[16.2206,57.0982],[16.1969,57.1085],[16.185,57.1188],[16.1613,57.1329],[16.1447,57.1497],[16.1684,57.187],[16.1661,57.2217],[16.1589,57.2384],[16.1738,57.2474],[16.1708,57.2602],[16.1756,57.2756],[16.1898,57.2858],[16.1447,57.2858],[16.1115,57.2833],[16.102,57.2756],[16.0854,57.2705],[16.0617,57.2769],[16.0561,57.278],[16.0308,57.2833],[15.9976,57.2743],[15.9644,57.273],[15.9312,57.2782],[15.9051,57.2743],[15.8648,57.2743],[15.8481,57.2705],[15.8221,57.2589],[15.7983,57.2512],[15.7936,57.2345],[15.7651,57.2345],[15.758,57.2448],[15.7366,57.2551],[15.7058,57.2602],[15.6797,57.2602],[15.6536,57.2666],[15.6251,57.2615],[15.6014,57.2358],[15.5515,57.2323],[15.5515,57.2322],[15.5534,57.2262],[15.5742,57.2149],[15.5868,57.1765],[15.6014,57.1663],[15.6243,57.1584],[15.6451,57.1539],[15.6639,57.1392],[15.6785,57.1222],[15.7244,57.0961],[15.7479,57.0866],[15.7746,57.0866],[15.8054,57.0904],[15.8315,57.1098],[15.8529,57.1149],[15.9003,57.1162],[15.9288,57.1111],[15.9478,57.102],[15.962,57.0904],[15.9858,57.0801],[16.0047,57.0427],[16.0166,57.0363],[16.0237,57.0182],[16.0261,57.0014],[16.0451,56.9949],[16.0735,56.9923],[16.102,57.004],[16.1234,57.0104],[16.1613,57.0117],[16.1898,57.0078],[16.2159,56.9975],[16.2264,56.9926]]]}},
    {"type":"Feature","properties":{"kod":"0834","namn":"Torsås","lan_kod":"08"},"geometry":{"type":"Polygon","coordinates":[[[16.083,56.3434],[16.1111,56.3727],[16.1261,56.3988],[16.139,56.432],[16.1368,56.4616],[16.1608,56.4869],[16.1113,56.4908],[16.0722,56.498],[16.0559,56.5052],[16.0364,56.5178],[16.0233,56.5268],[16.0038,56.5448],[15.9777,56.5466],[15.9549,56.5376],[15.9289,56.5376],[15.9093,56.5448],[15.8702,56.543],[15.8083,56.5448],[15.7757,56.5537],[15.7736,56.5529],[15.7562,56.5466],[15.7203,56.5268],[15.691,56.489],[15.6737,56.4741],[15.6993,56.4551],[15.7393,56.4351],[15.7753,56.4145],[15.8007,56.3857],[15.8207,56.3687],[15.8394,56.3561],[15.8581,56.348],[15.8821,56.3413],[15.9221,56.3413],[15.9462,56.3443],[15.9982,56.3295],[16.0196,56.3302],[16.0342,56.3406],[16.0569,56.3443],[16.083,56.3434]]]}},
    {"type":"Feature","properties":{"kod":"0840","namn":"Mörbylånga","lan_kod":"08"},"geometry":{"type":"Polygon","coordinates":[[[16.5599,56.7746],[16.4579,56.6483],[16.4247,56.6143],[16.3962,56.5621],[16.3653,56.5215],[16.3725,56.4901],[16.3938,56.4757],[16.3962,56.4534],[16.3938,56.4298],[16.4175,56.3839],[16.4199,56.3629],[16.4104,56.3405],[16.3914,56.3287],[16.3843,56.3155],[16.382,56.2918],[16.3986,56.2536],[16.4081,56.2101],[16.4389,56.2141],[16.4697,56.2325],[16.484,56.2576],[16.5219,56.301],[16.5362,56.3431],[16.5694,56.3865],[16.6002,56.4416],[16.6097,56.4718],[16.6358,56.5137],[16.6477,56.5569],[16.6714,56.5843],[16.6975,56.6],[16.7236,56.6274],[16.7165,56.6613],[16.724,56.6783],[16.707,56.6887],[16.688,56.6939],[16.669,56.6887],[16.6548,56.6965],[16.6192,56.6965],[16.6121,56.7095],[16.6145,56.7212],[16.6334,56.7343],[16.6382,56.746],[16.6334,56.7616],[16.6097,56.7707],[16.5765,56.772],[16.5599,56.7746]]]}},
    {"type":"Feature","properties":{"kod":"0860","namn":"Hultsfred","lan_kod":"08"},"geometry":{"type":"Polygon","coordinates":[[[16.0561,57.278],[16.0522,57.3192],[16.0569,57.3243],[16.0569,57.3461],[16.0498,57.364],[16.0569,57.3729],[16.0593,57.3985],[16.0498,57.4164],[16.0308,57.4304],[16.0142,57.4368],[15.9976,57.4496],[16.0237,57.4611],[16.0546,57.4611],[16.0901,57.4381],[16.1091,57.4304],[16.1305,57.4445],[16.1423,57.4458],[16.1447,57.4751],[16.1589,57.4802],[16.1756,57.4828],[16.1945,57.4879],[16.204,57.4981],[16.2105,57.5016],[16.1945,57.5274],[16.1661,57.5299],[16.1542,57.5388],[16.0925,57.549],[16.0593,57.5719],[16.0332,57.5986],[16.0071,57.6126],[15.9858,57.6114],[15.9668,57.6063],[15.9573,57.5948],[15.9336,57.5885],[15.9051,57.5859],[15.8766,57.5808],[15.8553,57.5707],[15.8387,57.5592],[15.8078,57.5656],[15.7936,57.5974],[15.7817,57.6075],[15.7438,57.6075],[15.7153,57.6126],[15.6868,57.6215],[15.6655,57.6238],[15.6493,57.6113],[15.6347,57.599],[15.6168,57.5862],[15.616,57.5856],[15.6285,57.5722],[15.641,57.5509],[15.6618,57.533],[15.6639,57.523],[15.6451,57.5118],[15.641,57.4838],[15.6368,57.4725],[15.6139,57.4658],[15.6014,57.477],[15.5826,57.4871],[15.5597,57.4905],[15.5263,57.4826],[15.5096,57.4692],[15.4992,57.4467],[15.5221,57.4333],[15.5367,57.4108],[15.5263,57.4007],[15.5305,57.3726],[15.5305,57.3524],[15.5159,57.3355],[15.4908,57.3276],[15.4929,57.3152],[15.4846,57.3006],[15.4888,57.2859],[15.5409,57.26],[15.5492,57.2397],[15.5515,57.2323],[15.6014,57.2358],[15.6251,57.2615],[15.6536,57.2666],[15.6797,57.2602],[15.7058,57.2602],[15.7366,57.2551],[15.758,57.2448],[15.7651,57.2345],[15.7936,57.2345],[15.7983,57.2512],[15.8221,57.2589],[15.8481,57.2705],[15.8648,57.2743],[15.9051,57.2743],[15.9312,57.2782],[15.9644,57.273],[15.9976,57.2743],[16.0308,57.2833],[16.0561,57.278]]]}},
    {"type":"Feature","properties":{"kod":"0861","namn":"Mönsterås","lan_kod":"08"},"geometry":{"type":"Polygon","coordinates":[[[16.4877,56.9156],[16.5012,56.9229],[16.5098,56.9569],[16.5376,57.0117],[16.5676,57.0421],[16.5805,57.0654],[16.5805,57.0933],[16.5698,57.112],[16.5318,57.1554],[16.5077,57.1561],[16.4745,57.1548],[16.4508,57.169],[16.4365,57.1921],[16.4081,57.2037],[16.3725,57.2101],[16.3416,57.2217],[16.3393,57.2576],[16.3274,57.264],[16.2965,57.273],[16.2515,57.2525],[16.2135,57.2525],[16.1779,57.2499],[16.1738,57.2474],[16.1589,57.2384],[16.1661,57.2217],[16.1684,57.187],[16.1447,57.1497],[16.1613,57.1329],[16.185,57.1188],[16.1969,57.1085],[16.2206,57.0982],[16.2301,57.0879],[16.2538,57.0763],[16.2681,57.0646],[16.2633,57.0543],[16.261,57.035],[16.2633,57.0143],[16.261,57.0014],[16.2264,56.9926],[16.2325,56.9898],[16.2349,56.9652],[16.2416,56.9495],[16.2436,56.9509],[16.277,56.9463],[16.2853,56.9395],[16.3133,56.9361],[16.3654,56.9183],[16.4176,56.9147],[16.4599,56.9165],[16.4877,56.9156]]]}},
    {"type":"Feature","properties":{"kod":"0862","namn":"Emmaboda","lan_kod":"08"},"geometry":{"type":"Polygon","coordinates":[[[15.4857,56.509],[15.5367,56.5231],[15.5659,56.5312],[15.593,56.5208],[15.641,56.4898],[15.6726,56.475],[15.6737,56.4741],[15.691,56.489],[15.7203,56.5268],[15.7562,56.5466],[15.7736,56.5529],[15.7494,56.5645],[15.7619,56.5852],[15.7703,56.5909],[15.7786,56.6058],[15.7791,56.6058],[15.7713,56.6272],[15.7527,56.6412],[15.7326,56.6493],[15.7059,56.6566],[15.6913,56.6793],[15.6646,56.6808],[15.6499,56.6881],[15.6659,56.6998],[15.6793,56.7196],[15.7019,56.7379],[15.7046,56.7518],[15.7113,56.7635],[15.7273,56.7738],[15.734,56.7913],[15.7487,56.8052],[15.7366,56.8147],[15.714,56.8235],[15.6926,56.8169],[15.6806,56.8264],[15.6739,56.8373],[15.6632,56.8446],[15.6606,56.8519],[15.6392,56.857],[15.5703,56.8569],[15.5722,56.8541],[15.568,56.8472],[15.5513,56.837],[15.4992,56.8256],[15.47,56.8221],[15.4387,56.813],[15.4074,56.8107],[15.3928,56.8073],[15.3741,56.7913],[15.3887,56.7787],[15.4012,56.7582],[15.4116,56.7479],[15.4366,56.7422],[15.4491,56.7262],[15.4262,56.7101],[15.4283,56.6964],[15.4137,56.6781],[15.4241,56.6678],[15.4074,56.6448],[15.3887,56.6403],[15.3712,56.6339],[15.3699,56.6334],[15.3908,56.6242],[15.4074,56.6093],[15.4074,56.599],[15.3887,56.5909],[15.3741,56.5783],[15.3678,56.5622],[15.3553,56.5404],[15.3574,56.5243],[15.3657,56.5181],[15.3678,56.522],[15.4325,56.5243],[15.47,56.5174],[15.4825,56.5082],[15.4857,56.509]]]}},
    {"type":"Feature","properties":{"kod":"0880","namn":"Kalmar","lan_kod":"08"},"geometry":{"type":"Polygon","coordinates":[[[16.1608,56.4869],[16.1883,56.5184],[16.2075,56.5361],[16.2397,56.5987],[16.2611,56.6282],[16.2976,56.6518],[16.3254,56.6541],[16.3683,56.673],[16.4026,56.6965],[16.4133,56.7435],[16.4369,56.7623],[16.4605,56.7717],[16.4605,56.7905],[16.454,56.807],[16.439,56.8187],[16.4347,56.8375],[16.4369,56.8515],[16.4626,56.8656],[16.4712,56.8832],[16.4712,56.8995],[16.4776,56.9101],[16.4877,56.9156],[16.4599,56.9165],[16.4176,56.9147],[16.3654,56.9183],[16.3133,56.9361],[16.2853,56.9395],[16.277,56.9463],[16.2436,56.9509],[16.2416,56.9495],[16.229,56.9406],[16.2165,56.9327],[16.1894,56.9281],[16.1769,56.9145],[16.181,56.8997],[16.1748,56.8871],[16.1498,56.8735],[16.1435,56.8643],[16.1247,56.8655],[16.1185,56.8507],[16.1227,56.8073],[16.1372,56.7982],[16.1435,56.781],[16.1393,56.7685],[16.1227,56.7639],[16.0893,56.7639],[16.0643,56.7616],[16.0518,56.757],[16.0518,56.7479],[16.0684,56.741],[16.0643,56.725],[16.0768,56.7182],[16.0851,56.7079],[16.0747,56.6941],[16.0622,56.6895],[16.0205,56.6895],[15.9955,56.7067],[15.9475,56.7101],[15.9329,56.6987],[15.9308,56.6861],[15.9371,56.6712],[15.9475,56.6666],[15.9329,56.6598],[15.9246,56.6483],[15.9079,56.6437],[15.8995,56.6231],[15.8787,56.6219],[15.8599,56.615],[15.8391,56.6173],[15.812,56.615],[15.7974,56.6058],[15.7786,56.6058],[15.7703,56.5909],[15.7619,56.5852],[15.7494,56.5645],[15.7736,56.5529],[15.7757,56.5537],[15.8083,56.5448],[15.8702,56.543],[15.9093,56.5448],[15.9289,56.5376],[15.9549,56.5376],[15.9777,56.5466],[16.0038,56.5448],[16.0233,56.5268],[16.0364,56.5178],[16.0559,56.5052],[16.0722,56.498],[16.1113,56.4908],[16.1608,56.4869]]]}},
    {"type":"Feature","properties":{"kod":"0881","namn":"Nybro","lan_kod":"08"},"geometry":{"type":"Polygon","coordinates":[[[16.2416,56.9495],[16.2349,56.9652],[16.2325,56.9898],[16.2264,56.9926],[16.2159,56.9975],[16.1898,57.0078],[16.1613,57.0117],[16.1234,57.0104],[16.102,57.004],[16.0735,56.9923],[16.0451,56.9949],[16.0261,57.0014],[16.0237,57.0182],[16.0166,57.0363],[16.0047,57.0427],[15.9858,57.0801],[15.962,57.0904],[15.9478,57.102],[15.9288,57.1111],[15.9003,57.1162],[15.8529,57.1149],[15.8315,57.1098],[15.8054,57.0904],[15.7746,57.0866],[15.7479,57.0866],[15.7494,57.0859],[15.764,57.0735],[15.812,57.0463],[15.8328,57.0292],[15.8453,57.0099],[15.8516,56.9872],[15.8432,56.9679],[15.8224,56.9406],[15.7244,56.9395],[15.6827,56.9304],[15.666,56.9327],[15.6368,56.9418],[15.6097,56.9429],[15.5909,56.9531],[15.568,56.9554],[15.5471,56.9452],[15.5409,56.9304],[15.5415,56.9296],[15.5513,56.9156],[15.5722,56.9088],[15.568,56.8951],[15.5555,56.8791],[15.5703,56.8569],[15.6392,56.857],[15.6606,56.8519],[15.6632,56.8446],[15.6739,56.8373],[15.6806,56.8264],[15.6926,56.8169],[15.714,56.8235],[15.7366,56.8147],[15.7487,56.8052],[15.734,56.7913],[15.7273,56.7738],[15.7113,56.7635],[15.7046,56.7518],[15.7019,56.7379],[15.6793,56.7196],[15.6659,56.6998],[15.6499,56.6881],[15.6646,56.6808],[15.6913,56.6793],[15.7059,56.6566],[15.7326,56.6493],[15.7527,56.6412],[15.7713,56.6272],[15.7791,56.6058],[15.7974,56.6058],[15.812,56.615],[15.8391,56.6173],[15.8599,56.615],[15.8787,56.6219],[15.8995,56.6231],[15.9079,56.6437],[15.9246,56.6483],[15.9329,56.6598],[15.9475,56.6666],[15.9371,56.6712],[15.9308,56.6861],[15.9329,56.6987],[15.9475,56.7101],[15.9955,56.7067],[16.0205,56.6895],[16.0622,56.6895],[16.0747,56.6941],[16.0851,56.7079],[16.0768,56.7182],[16.0643,56.725],[16.0684,56.741],[16.0518,56.7479],[16.0518,56.757],[16.0643,56.7616],[16.0893,56.7639],[16.1227,56.7639],[16.1393,56.7685],[16.1435,56.781],[16.1372,56.7982],[16.1227,56.8073],[16.1185,56.8507],[16.1247,56.8655],[16.1435,56.8643],[16.1498,56.8735],[16.1748,56.8871],[16.181,56.8997],[16.1769,56.9145],[16.1894,56.9281],[16.2165,56.9327],[16.229,56.9406],[16.2416,56.9495]]]}},
    {"type":"Feature","properties":{"kod":"0882","namn":"Oskarshamn","lan_kod":"08"},"geometry":{"type":"Polygon","coordinates":[[[16.5318,57.1554],[16.5098,57.1794],[16.4905,57.1957],[16.4776,57.2212],[16.4819,57.2467],[16.5098,57.2711],[16.559,57.3278],[16.5976,57.3521],[16.6255,57.3787],[16.6426,57.4018],[16.6662,57.4179],[16.6855,57.4433],[16.6898,57.4606],[16.6855,57.5113],[16.6705,57.5389],[16.6383,57.5746],[16.631,57.5953],[16.5718,57.5999],[16.5433,57.6101],[16.4958,57.5834],[16.4863,57.5681],[16.4721,57.5567],[16.4626,57.5452],[16.4152,57.5388],[16.3582,57.5401],[16.3235,57.5424],[16.3203,57.5427],[16.3084,57.5338],[16.2942,57.5299],[16.2562,57.5287],[16.2444,57.5146],[16.2277,57.5108],[16.2105,57.5016],[16.204,57.4981],[16.1945,57.4879],[16.1756,57.4828],[16.1589,57.4802],[16.1447,57.4751],[16.1423,57.4458],[16.1305,57.4445],[16.1091,57.4304],[16.0901,57.4381],[16.0546,57.4611],[16.0237,57.4611],[15.9976,57.4496],[16.0142,57.4368],[16.0308,57.4304],[16.0498,57.4164],[16.0593,57.3985],[16.0569,57.3729],[16.0498,57.364],[16.0569,57.3461],[16.0569,57.3243],[16.0522,57.3192],[16.0561,57.278],[16.0617,57.2769],[16.0854,57.2705],[16.102,57.2756],[16.1115,57.2833],[16.1447,57.2858],[16.1898,57.2858],[16.1756,57.2756],[16.1708,57.2602],[16.1738,57.2474],[16.1779,57.2499],[16.2135,57.2525],[16.2515,57.2525],[16.2965,57.273],[16.3274,57.264],[16.3393,57.2576],[16.3416,57.2217],[16.3725,57.2101],[16.4081,57.2037],[16.4365,57.1921],[16.4508,57.169],[16.4745,57.1548],[16.5077,57.1561],[16.5318,57.1554]]]}},
    {"type":"Feature","properties":{"kod":"0883","namn":"Västervik","lan_kod":"08"},"geometry":{"type":"Polygon","coordinates":[[[16.631,57.5953],[16.6298,57.5987],[16.6448,57.6251],[16.6812,57.6584],[16.6919,57.6939],[16.7155,57.7088],[16.7155,57.7488],[16.6812,57.774],[16.6491,57.8071],[16.6233,57.8254],[16.5548,57.8619],[16.529,57.8813],[16.5119,57.8915],[16.5119,57.9075],[16.5462,57.9075],[16.574,57.9097],[16.6148,57.9166],[16.6426,57.912],[16.6726,57.9018],[16.7284,57.8858],[16.7562,57.8744],[16.7798,57.879],[16.797,57.8904],[16.8012,57.9086],[16.7927,57.9359],[16.7648,57.9553],[16.7327,57.9848],[16.7391,58.0087],[16.7607,58.0169],[16.7148,58.0145],[16.6606,58.0167],[16.6231,58.0333],[16.6189,58.0576],[16.6064,58.0653],[16.6002,58.0774],[16.5981,58.095],[16.5856,58.105],[16.5731,58.1259],[16.5564,58.1325],[16.5334,58.1314],[16.5001,58.1182],[16.4813,58.1182],[16.4459,58.1424],[16.425,58.1501],[16.3979,58.1501],[16.3437,58.1424],[16.2916,58.1655],[16.2707,58.1655],[16.2353,58.149],[16.2227,58.1402],[16.1956,58.1336],[16.1852,58.1259],[16.1935,58.1094],[16.1852,58.0972],[16.1644,58.0895],[16.1477,58.0995],[16.131,58.1039],[16.1039,58.0972],[16.0455,58.095],[16.0315,58.0887],[16.0309,58.0884],[16.0267,58.073],[16.0163,58.0686],[15.9996,58.0565],[16.0038,58.0476],[16.0538,58.0267],[16.0789,58.0123],[16.083,57.9946],[16.0538,57.9836],[16.0309,57.9769],[16.0288,57.957],[16.0497,57.9515],[16.0559,57.9349],[16.0726,57.926],[16.0789,57.9072],[16.0742,57.8973],[16.0878,57.8949],[16.1115,57.8684],[16.1281,57.8621],[16.1305,57.8141],[16.1566,57.8015],[16.1708,57.7901],[16.1827,57.7762],[16.1827,57.737],[16.1756,57.7179],[16.1613,57.7103],[16.1352,57.7015],[16.121,57.6926],[16.1281,57.6736],[16.1447,57.666],[16.1566,57.652],[16.1874,57.6444],[16.2111,57.6469],[16.2301,57.6431],[16.2349,57.6241],[16.2491,57.6088],[16.2681,57.5986],[16.2799,57.577],[16.3037,57.5605],[16.3235,57.5424],[16.3582,57.5401],[16.4152,57.5388],[16.4626,57.5452],[16.4721,57.5567],[16.4863,57.5681],[16.4958,57.5834],[16.5433,57.6101],[16.5718,57.5999],[16.631,57.5953]]]}},
    {"type":"Feature","properties":{"kod":"0884","namn":"Vimmerby","lan_kod":"08"},"geometry":{"type":"Polygon","coordinates":[[[16.3235,57.5424],[16.3037,57.5605],[16.2799,57.577],[16.2681,57.5986],[16.2491,57.6088],[16.2349,57.6241],[16.2301,57.6431],[16.2111,57.6469],[16.1874,57.6444],[16.1566,57.652],[16.1447,57.666],[16.1281,57.6736],[16.121,57.6926],[16.1352,57.7015],[16.1613,57.7103],[16.1756,57.7179],[16.1827,57.737],[16.1827,57.7762],[16.1708,57.7901],[16.1566,57.8015],[16.1305,57.8141],[16.1281,57.8621],[16.1115,57.8684],[16.0878,57.8949],[16.0742,57.8973],[16.0726,57.8939],[15.9955,57.8595],[15.9871,57.8495],[15.9642,57.8362],[15.9392,57.834],[15.9183,57.8407],[15.9058,57.8495],[15.8808,57.8507],[15.8516,57.8418],[15.8224,57.8495],[15.7744,57.8828],[15.7369,57.8873],[15.6389,57.8817],[15.6222,57.8706],[15.616,57.8407],[15.5909,57.8329],[15.5686,57.823],[15.5659,57.8218],[15.5576,57.7974],[15.5367,57.7818],[15.4742,57.7796],[15.4554,57.7584],[15.4554,57.7384],[15.4596,57.7184],[15.4721,57.7117],[15.618,57.6515],[15.6597,57.6392],[15.6681,57.6258],[15.6655,57.6238],[15.6868,57.6215],[15.7153,57.6126],[15.7438,57.6075],[15.7817,57.6075],[15.7936,57.5974],[15.8078,57.5656],[15.8387,57.5592],[15.8553,57.5707],[15.8766,57.5808],[15.9051,57.5859],[15.9336,57.5885],[15.9573,57.5948],[15.9668,57.6063],[15.9858,57.6114],[16.0071,57.6126],[16.0332,57.5986],[16.0593,57.5719],[16.0925,57.549],[16.1542,57.5388],[16.1661,57.5299],[16.1945,57.5274],[16.2105,57.5016],[16.2277,57.5108],[16.2444,57.5146],[16.2562,57.5287],[16.2942,57.5299],[16.3084,57.5338],[16.3203,57.5427],[16.3235,57.5424]]]}},
    {"type":"Feature","properties":{"kod":"0885","namn":"Borgholm","lan_kod":"08"},"geometry":{"type":"Polygon","coordinates":[[[16.724,56.6783],[16.7331,56.6991],[16.7592,56.733],[16.7687,56.772],[16.7877,56.7928],[16.8209,56.8175],[16.8565,56.8382],[16.8849,56.8577],[16.8873,56.9432],[16.8849,56.9742],[16.9276,57.013],[16.9395,57.0363],[16.9561,57.0582],[16.9798,57.0711],[16.9917,57.0956],[17.013,57.1175],[17.032,57.1484],[17.0795,57.2075],[17.0795,57.223],[17.0629,57.2409],[17.0605,57.2692],[17.07,57.2871],[17.0842,57.2999],[17.1056,57.3064],[17.1364,57.3115],[17.1435,57.323],[17.1388,57.3422],[17.1151,57.3691],[17.0866,57.3742],[17.0463,57.3627],[17.0059,57.3384],[16.9822,57.3269],[16.9703,57.314],[16.9608,57.3089],[16.9537,57.2807],[16.9419,57.2679],[16.9324,57.2499],[16.93,57.214],[16.9086,57.1998],[16.8968,57.1793],[16.8944,57.1239],[16.8588,57.0866],[16.8541,57.0685],[16.8351,57.0556],[16.8327,57.0401],[16.8137,57.0221],[16.7971,56.9962],[16.7616,56.9574],[16.7473,56.9341],[16.7236,56.9134],[16.6975,56.8979],[16.6595,56.8927],[16.6334,56.8681],[16.6168,56.8486],[16.5599,56.7746],[16.5765,56.772],[16.6097,56.7707],[16.6334,56.7616],[16.6382,56.746],[16.6334,56.7343],[16.6145,56.7212],[16.6121,56.7095],[16.6192,56.6965],[16.6548,56.6965],[16.669,56.6887],[16.688,56.6939],[16.707,56.6887],[16.724,56.6783]]]}},
    {"type":"Feature","properties":{"kod":"0980","namn":"Gotland","lan_kod":"09"},"geometry":{"type":"MultiPolygon","coordinates":[[[[18.7809,57.8568],[18.7703,57.8681],[18.7688,57.9004],[18.7657,57.9108],[18.7354,57.9286],[18.7065,57.9254],[18.667,57.9117],[18.6397,57.8987],[18.6184,57.885],[18.5896,57.8495],[18.5729,57.839],[18.5623,57.8374],[18.541,57.839],[18.5091,57.8333],[18.4772,57.822],[18.456,57.8107],[18.4286,57.7921],[18.4104,57.7735],[18.3876,57.7427],[18.33,57.6827],[18.3011,57.6575],[18.2798,57.6485],[18.2146,57.612],[18.2024,57.603],[18.166,57.5859],[18.1356,57.5762],[18.1219,57.5664],[18.1113,57.5509],[18.1037,57.5118],[18.1143,57.4832],[18.1128,57.4677],[18.1295,57.462],[18.1341,57.4547],[18.1386,57.4424],[18.1371,57.4211],[18.1508,57.4154],[18.1599,57.4048],[18.1766,57.3974],[18.1811,57.3835],[18.1796,57.3639],[18.1751,57.3483],[18.1675,57.3385],[18.1553,57.336],[18.1477,57.3131],[18.1356,57.3057],[18.1143,57.2885],[18.1022,57.2819],[18.0992,57.2704],[18.1037,57.2589],[18.1174,57.2482],[18.1219,57.2376],[18.1189,57.2302],[18.1371,57.2047],[18.1462,57.1685],[18.1614,57.1619],[18.1705,57.1396],[18.1796,57.1298],[18.1827,57.1116],[18.1918,57.0976],[18.2039,57.091],[18.2054,57.0695],[18.2525,57.0761],[18.2707,57.077],[18.2814,57.0695],[18.289,57.0572],[18.2814,57.0448],[18.2647,57.0349],[18.2343,57.0316],[18.2191,57.0241],[18.1963,57.0167],[18.1827,57.0001],[18.1751,56.9819],[18.1629,56.9646],[18.1447,56.9563],[18.131,56.9472],[18.1174,56.9348],[18.1113,56.919],[18.1161,56.9089],[18.1902,56.9069],[18.2273,56.9129],[18.2532,56.921],[18.3348,56.9574],[18.3645,56.9837],[18.357,57.0079],[18.3274,57.0241],[18.3422,57.0402],[18.3645,57.0523],[18.3719,57.0684],[18.3867,57.0825],[18.4015,57.1027],[18.4201,57.1127],[18.4275,57.1429],[18.4942,57.1751],[18.5276,57.1851],[18.5535,57.1992],[18.5869,57.1992],[18.5987,57.2071],[18.6245,57.208],[18.6427,57.2112],[18.6534,57.2186],[18.6883,57.2195],[18.702,57.2244],[18.705,57.2597],[18.6746,57.2983],[18.6898,57.3155],[18.7141,57.3327],[18.7536,57.3459],[18.7657,57.3581],[18.7976,57.368],[18.8325,57.3712],[18.8933,57.3712],[18.9115,57.3827],[18.9191,57.3999],[18.9115,57.4179],[18.8933,57.4293],[18.8052,57.4391],[18.7794,57.4473],[18.7764,57.4596],[18.7566,57.4653],[18.7536,57.4775],[18.7536,57.5044],[18.7672,57.5257],[18.7885,57.5436],[18.7946,57.5534],[18.7931,57.6095],[18.8006,57.7102],[18.8234,57.7184],[18.8401,57.7208],[18.8872,57.7248],[18.8963,57.7224],[18.91,57.7216],[18.9267,57.7265],[18.957,57.7248],[18.9707,57.7265],[18.992,57.7419],[19.0132,57.7459],[19.0269,57.7702],[19.0254,57.7816],[19.0345,57.7961],[19.08,57.8034],[19.0891,57.8131],[19.0891,57.8269],[19.0816,57.8398],[19.0542,57.86],[19.0481,57.8745],[19.036,57.8826],[19.0223,57.8883],[19.0208,57.8996],[19.0132,57.91],[18.9859,57.9108],[18.9479,57.9221],[18.9069,57.9237],[18.8842,57.9213],[18.8523,57.9149],[18.8416,57.9052],[18.8386,57.8899],[18.8295,57.8673],[18.8082,57.8511],[18.7809,57.8568]]],[[[19.153,57.8558],[19.1506,57.8823],[19.1601,57.9075],[19.1957,57.9239],[19.2242,57.9289],[19.2527,57.9365],[19.3025,57.9378],[19.3238,57.9428],[19.3428,57.9516],[19.3404,57.9667],[19.3048,57.9831],[19.2076,57.9906],[19.1554,57.9906],[19.1127,57.9768],[19.0866,57.9642],[19.0723,57.9378],[19.0629,57.9277],[19.0581,57.9126],[19.0676,57.9075],[19.0866,57.8861],[19.0937,57.8659],[19.1127,57.8508],[19.1317,57.8495],[19.153,57.8558]]],[[[19.274,58.3335],[19.2977,58.341],[19.3072,58.3534],[19.2977,58.3709],[19.2669,58.3895],[19.236,58.3957],[19.1744,58.3982],[19.1554,58.3957],[19.1625,58.3846],[19.1815,58.3721],[19.1886,58.3559],[19.2076,58.3422],[19.2384,58.3323],[19.274,58.3335]]]]}},
    {"type":"Feature","properties":{"kod":"1060","namn":"Olofström","lan_kod":"10"},"geometry":{"type":"Polygon","coordinates":[[[14.4332,56.3317],[14.4441,56.3236],[14.4587,56.3178],[14.4608,56.2785],[14.467,56.2588],[14.4715,56.2576],[14.5066,56.2484],[14.5692,56.2507],[14.59,56.2461],[14.5978,56.2202],[14.6317,56.2229],[14.663,56.2287],[14.6636,56.229],[14.6922,56.2461],[14.7006,56.2553],[14.7256,56.2716],[14.7485,56.2797],[14.7527,56.2947],[14.761,56.3063],[14.7652,56.3271],[14.7464,56.3444],[14.7131,56.3814],[14.7131,56.41],[14.6964,56.4172],[14.6839,56.4333],[14.6526,56.4483],[14.6359,56.4644],[14.6192,56.4713],[14.6098,56.4752],[14.5942,56.4817],[14.5407,56.4802],[14.5421,56.4782],[14.5212,56.4621],[14.5025,56.4506],[14.4649,56.4345],[14.4441,56.4172],[14.4295,56.3895],[14.4316,56.3329],[14.4332,56.3317]]]}},
    {"type":"Feature","properties":{"kod":"1080","namn":"Karlskrona","lan_kod":"10"},"geometry":{"type":"Polygon","coordinates":[[[15.5155,56.1848],[15.571,56.1775],[15.6546,56.1775],[15.8046,56.1739],[15.8153,56.162],[15.8089,56.1453],[15.7875,56.1286],[15.7853,56.1071],[15.8218,56.1035],[15.8389,56.0903],[15.8646,56.0867],[15.8989,56.1023],[15.9118,56.1405],[15.9332,56.1632],[15.9761,56.2002],[16.0082,56.2145],[16.0254,56.2276],[16.0532,56.2788],[16.0768,56.2954],[16.0854,56.3121],[16.0747,56.3335],[16.083,56.3434],[16.0569,56.3443],[16.0342,56.3406],[16.0196,56.3302],[15.9982,56.3295],[15.9462,56.3443],[15.9221,56.3413],[15.8821,56.3413],[15.8581,56.348],[15.8394,56.3561],[15.8207,56.3687],[15.8007,56.3857],[15.7753,56.4145],[15.7393,56.4351],[15.6993,56.4551],[15.6737,56.4741],[15.6726,56.475],[15.641,56.4898],[15.593,56.5208],[15.5659,56.5312],[15.5367,56.5231],[15.4857,56.509],[15.4908,56.5013],[15.5054,56.4886],[15.5096,56.4725],[15.5013,56.4679],[15.4804,56.469],[15.4512,56.4656],[15.4387,56.4494],[15.4366,56.4356],[15.3845,56.431],[15.3657,56.4264],[15.3595,56.4125],[15.3282,56.4068],[15.3136,56.3999],[15.3282,56.3883],[15.347,56.3768],[15.3699,56.3745],[15.3887,56.3652],[15.3908,56.3514],[15.3845,56.341],[15.4095,56.3121],[15.4325,56.3063],[15.4908,56.3074],[15.5096,56.297],[15.4929,56.2843],[15.4888,56.2669],[15.5034,56.2507],[15.4846,56.2449],[15.4908,56.2241],[15.5054,56.2159],[15.5155,56.1848]]]}},
    {"type":"Feature","properties":{"kod":"1081","namn":"Ronneby","lan_kod":"10"},"geometry":{"type":"Polygon","coordinates":[[[15.0759,56.1621],[15.1659,56.1584],[15.2538,56.1596],[15.2945,56.1525],[15.3202,56.1393],[15.3845,56.1429],[15.4038,56.1501],[15.4188,56.1632],[15.4381,56.1763],[15.4853,56.1859],[15.5155,56.1848],[15.5054,56.2159],[15.4908,56.2241],[15.4846,56.2449],[15.5034,56.2507],[15.4888,56.2669],[15.4929,56.2843],[15.5096,56.297],[15.4908,56.3074],[15.4325,56.3063],[15.4095,56.3121],[15.3845,56.341],[15.3908,56.3514],[15.3887,56.3652],[15.3699,56.3745],[15.347,56.3768],[15.3282,56.3883],[15.3136,56.3999],[15.3282,56.4068],[15.3595,56.4125],[15.3657,56.4264],[15.3845,56.431],[15.4366,56.4356],[15.4387,56.4494],[15.4512,56.4656],[15.4804,56.469],[15.5013,56.4679],[15.5096,56.4725],[15.5054,56.4886],[15.4908,56.5013],[15.4857,56.509],[15.4825,56.5082],[15.47,56.5174],[15.4325,56.5243],[15.3678,56.522],[15.3657,56.5181],[15.3616,56.5105],[15.3532,56.4875],[15.3303,56.4805],[15.3136,56.4817],[15.2927,56.4932],[15.2615,56.4932],[15.2406,56.4875],[15.2281,56.4748],[15.2198,56.4587],[15.2052,56.4506],[15.1864,56.4517],[15.1656,56.461],[15.1364,56.4782],[15.0821,56.4794],[15.053,56.4748],[15.0133,56.4633],[14.9904,56.4368],[14.9737,56.4241],[14.9508,56.4149],[14.9446,56.3978],[14.95,56.3954],[15.0071,56.3941],[15.0238,56.3906],[15.0467,56.3722],[15.0488,56.3514],[15.0425,56.3294],[15.03,56.3132],[15.0363,56.3016],[15.0467,56.2959],[15.0509,56.2831],[15.0696,56.275],[15.078,56.2507],[15.0905,56.2368],[15.0759,56.2194],[15.0759,56.1621]]]}},
    {"type":"Feature","properties":{"kod":"1082","namn":"Karlshamn","lan_kod":"10"},"geometry":{"type":"Polygon","coordinates":[[[14.6636,56.229],[14.6776,56.2194],[14.7029,56.1811],[14.7373,56.1811],[14.7737,56.1787],[14.8058,56.1632],[14.868,56.162],[14.9794,56.1632],[15.0759,56.1621],[15.0759,56.2194],[15.0905,56.2368],[15.078,56.2507],[15.0696,56.275],[15.0509,56.2831],[15.0467,56.2959],[15.0363,56.3016],[15.03,56.3132],[15.0425,56.3294],[15.0488,56.3514],[15.0467,56.3722],[15.0238,56.3906],[15.0071,56.3941],[14.95,56.3954],[14.9446,56.3978],[14.9445,56.3975],[14.9153,56.3952],[14.8945,56.3849],[14.882,56.3849],[14.8695,56.3929],[14.8444,56.3952],[14.8319,56.4022],[14.8048,56.4102],[14.7569,56.4114],[14.7152,56.4091],[14.7131,56.41],[14.7131,56.3814],[14.7464,56.3444],[14.7652,56.3271],[14.761,56.3063],[14.7527,56.2947],[14.7485,56.2797],[14.7256,56.2716],[14.7006,56.2553],[14.6922,56.2461],[14.6636,56.229]]]}},
    {"type":"Feature","properties":{"kod":"1083","namn":"Sölvesborg","lan_kod":"10"},"geometry":{"type":"Polygon","coordinates":[[[14.5588,56.0483],[14.6001,56.0389],[14.6279,56.0233],[14.6451,56.0053],[14.6837,56.0005],[14.7287,56.0017],[14.7608,56.0149],[14.7694,56.0389],[14.7608,56.0616],[14.7394,56.0712],[14.6837,56.1369],[14.6837,56.168],[14.7029,56.1811],[14.6776,56.2194],[14.6636,56.229],[14.663,56.2287],[14.6317,56.2229],[14.5978,56.2202],[14.5984,56.2183],[14.6151,56.1904],[14.6088,56.1614],[14.5942,56.1358],[14.5608,56.0917],[14.5588,56.0483]]]}},
    {"type":"Feature","properties":{"kod":"1214","namn":"Svalöv","lan_kod":"12"},"geometry":{"type":"Polygon","coordinates":[[[12.9629,55.965],[12.9657,55.9588],[13.0241,55.932],[13.0262,55.9168],[12.997,55.9039],[13.0032,55.8899],[13.0116,55.8782],[13.0324,55.8805],[13.0533,55.8887],[13.0825,55.8876],[13.1012,55.8759],[13.1074,55.8643],[13.1283,55.8607],[13.1617,55.8607],[13.183,55.8619],[13.1909,55.8759],[13.1784,55.8876],[13.1533,55.8993],[13.1575,55.9098],[13.1784,55.9296],[13.1951,55.9226],[13.2138,55.9191],[13.2409,55.9296],[13.2722,55.9331],[13.2847,55.9238],[13.3035,55.9203],[13.3056,55.9355],[13.3035,55.9728],[13.3118,55.995],[13.3473,56.009],[13.366,56.0311],[13.3622,56.0376],[13.3577,56.0451],[13.3306,56.0509],[13.2555,56.0486],[13.2347,56.0568],[13.1951,56.0893],[13.1638,56.1033],[13.1325,56.1149],[13.1194,56.1174],[13.1158,56.1149],[13.1022,56.1149],[13.0991,56.0952],[13.0866,56.0835],[13.0574,56.0731],[13.0491,56.0498],[13.047,56.03],[13.0095,55.9997],[12.9965,55.9975],[13.0074,55.9833],[12.999,55.9728],[12.9629,55.965]]]}},
    {"type":"Feature","properties":{"kod":"1230","namn":"Staffanstorp","lan_kod":"12"},"geometry":{"type":"Polygon","coordinates":[[[13.1692,55.7359],[13.1471,55.7235],[13.1434,55.6854],[13.1533,55.6836],[13.1575,55.6718],[13.145,55.6612],[13.145,55.653],[13.1617,55.6447],[13.1742,55.6436],[13.1729,55.6319],[13.1763,55.6318],[13.1868,55.6236],[13.1992,55.6271],[13.2493,55.6436],[13.2951,55.6424],[13.3306,55.6283],[13.3536,55.6277],[13.3535,55.6283],[13.364,55.6294],[13.3806,55.6412],[13.3827,55.6565],[13.3327,55.6812],[13.3222,55.6965],[13.3056,55.7035],[13.2451,55.7047],[13.2159,55.7106],[13.1951,55.7212],[13.17,55.7294],[13.1692,55.7359]]]}},
    {"type":"Feature","properties":{"kod":"1231","namn":"Burlöv","lan_kod":"12"},"geometry":{"type":"Polygon","coordinates":[[[13.1729,55.6319],[13.1742,55.6436],[13.1617,55.6447],[13.145,55.653],[13.145,55.6612],[13.1575,55.6718],[13.1533,55.6836],[13.1434,55.6854],[13.1346,55.6871],[13.1012,55.6683],[13.0737,55.6674],[13.0804,55.6526],[13.097,55.6471],[13.1137,55.6389],[13.1408,55.633],[13.1729,55.6319]]]}},
    {"type":"Feature","properties":{"kod":"1233","namn":"Vellinge","lan_kod":"12"},"geometry":{"type":"Polygon","coordinates":[[[12.9966,55.3885],[13.0241,55.3992],[13.0387,55.4158],[13.0825,55.4418],[13.0804,55.4797],[13.1033,55.4879],[13.17,55.4856],[13.1867,55.4986],[13.1871,55.5009],[13.1888,55.5127],[13.1638,55.5233],[13.1471,55.5363],[13.145,55.5517],[13.1351,55.5554],[13.1325,55.5564],[13.047,55.5375],[13.0199,55.5375],[12.9824,55.5352],[12.9477,55.5218],[12.9361,55.5198],[12.9433,55.5121],[12.9497,55.4817],[12.9519,55.4477],[12.9347,55.4258],[12.9197,55.4258],[12.9026,55.4392],[12.8897,55.4416],[12.8683,55.4307],[12.8512,55.4137],[12.8426,55.4015],[12.8469,55.3906],[12.8876,55.3893],[12.9069,55.3942],[12.9262,55.3942],[12.9476,55.3979],[12.9712,55.3966],[12.9966,55.3885]]]}},
    {"type":"Feature","properties":{"kod":"1256","namn":"Östra Göinge","lan_kod":"12"},"geometry":{"type":"Polygon","coordinates":[[[14.051,56.1777],[14.0708,56.173],[14.0854,56.1637],[14.1104,56.1591],[14.1334,56.151],[14.1667,56.1486],[14.1709,56.1614],[14.1813,56.1707],[14.2418,56.1846],[14.2835,56.2148],[14.3044,56.2403],[14.2939,56.2542],[14.3065,56.2681],[14.3523,56.2924],[14.3653,56.3176],[14.3325,56.3197],[14.3103,56.3216],[14.3018,56.3245],[14.2984,56.3344],[14.3043,56.3439],[14.3223,56.3505],[14.3376,56.3652],[14.3325,56.3812],[14.3154,56.3926],[14.2898,56.3931],[14.2659,56.3708],[14.2463,56.3756],[14.2454,56.403],[14.248,56.4214],[14.2539,56.4408],[14.271,56.4573],[14.2719,56.471],[14.2574,56.4762],[14.2317,56.4653],[14.2087,56.4516],[14.1873,56.4214],[14.1771,56.4124],[14.1566,56.3987],[14.1233,56.3883],[14.0942,56.3727],[14.0865,56.3614],[14.0575,56.3609],[14.003,56.3458],[14.0164,56.3384],[14.0285,56.2969],[14.0164,56.2762],[13.9964,56.2643],[13.9964,56.2473],[14.0111,56.2347],[14.0218,56.2206],[14.0258,56.2065],[14.0498,56.1961],[14.051,56.1777]]]}},
    {"type":"Feature","properties":{"kod":"1257","namn":"Örkelljunga","lan_kod":"12"},"geometry":{"type":"Polygon","coordinates":[[[13.1573,56.2537],[13.1721,56.2461],[13.2076,56.2345],[13.2242,56.2264],[13.2534,56.2298],[13.2639,56.2438],[13.291,56.2449],[13.2923,56.2432],[13.3025,56.248],[13.3225,56.2532],[13.3599,56.2858],[13.3866,56.2954],[13.4346,56.2962],[13.4446,56.301],[13.4453,56.3014],[13.4653,56.3103],[13.4786,56.3251],[13.524,56.3295],[13.5374,56.3376],[13.528,56.3554],[13.528,56.3702],[13.5414,56.3901],[13.5574,56.4012],[13.5827,56.4101],[13.5987,56.4263],[13.6001,56.4302],[13.5841,56.4278],[13.528,56.4315],[13.4949,56.441],[13.4947,56.4411],[13.4226,56.4411],[13.3723,56.416],[13.2805,56.3791],[13.2618,56.3514],[13.2451,56.3421],[13.2438,56.3431],[13.2263,56.3317],[13.2242,56.3167],[13.1951,56.3028],[13.1784,56.2924],[13.1679,56.2739],[13.1638,56.2553],[13.1573,56.2537]]]}},
    {"type":"Feature","properties":{"kod":"1260","namn":"Bjuv","lan_kod":"12"},"geometry":{"type":"Polygon","coordinates":[[[12.9965,55.9975],[13.0095,55.9997],[13.047,56.03],[13.0491,56.0498],[13.0574,56.0731],[13.0866,56.0835],[13.0991,56.0952],[13.1022,56.1149],[13.095,56.1149],[13.0741,56.1242],[13.0428,56.1335],[13.0136,56.1382],[12.9907,56.1463],[12.9573,56.1451],[12.949,56.1324],[12.9136,56.1254],[12.8958,56.1248],[12.9052,56.1196],[12.949,56.0789],[12.949,56.0602],[12.9427,56.0241],[12.9699,56.0078],[12.9949,55.9997],[12.9965,55.9975]]]}},
    {"type":"Feature","properties":{"kod":"1261","namn":"Kävlinge","lan_kod":"12"},"geometry":{"type":"Polygon","coordinates":[[[12.8962,55.8488],[12.9326,55.8372],[12.9412,55.8131],[12.939,55.7589],[12.9648,55.742],[12.9948,55.7396],[13.0048,55.735],[13.0178,55.754],[13.0658,55.7869],[13.0804,55.7869],[13.0866,55.7822],[13.0929,55.7728],[13.1533,55.7728],[13.1586,55.7769],[13.17,55.7857],[13.1721,55.8162],[13.2159,55.8162],[13.2384,55.821],[13.243,55.822],[13.2347,55.8607],[13.2034,55.863],[13.183,55.8619],[13.1617,55.8607],[13.1283,55.8607],[13.1074,55.8643],[13.1075,55.8642],[13.0616,55.8513],[13.0074,55.856],[12.8962,55.8488]]]}},
    {"type":"Feature","properties":{"kod":"1262","namn":"Lomma","lan_kod":"12"},"geometry":{"type":"Polygon","coordinates":[[[13.0048,55.735],[13.0291,55.7239],[13.0398,55.7034],[13.0655,55.6853],[13.0737,55.6674],[13.1012,55.6683],[13.1346,55.6871],[13.1434,55.6854],[13.1471,55.7235],[13.1692,55.7359],[13.1679,55.7458],[13.1679,55.7681],[13.1586,55.7769],[13.1533,55.7728],[13.0929,55.7728],[13.0866,55.7822],[13.0804,55.7869],[13.0658,55.7869],[13.0178,55.754],[13.0048,55.735]]]}},
    {"type":"Feature","properties":{"kod":"1263","namn":"Svedala","lan_kod":"12"},"geometry":{"type":"Polygon","coordinates":[[[13.1871,55.5009],[13.2493,55.5021],[13.2659,55.5056],[13.3014,55.5056],[13.3202,55.508],[13.3994,55.4986],[13.439,55.5068],[13.462,55.5151],[13.4672,55.5144],[13.4703,55.5399],[13.4772,55.5484],[13.4432,55.5493],[13.4182,55.5729],[13.3973,55.5764],[13.3806,55.5859],[13.3577,55.5906],[13.3556,55.6106],[13.3536,55.6277],[13.3306,55.6283],[13.2951,55.6424],[13.2493,55.6436],[13.1992,55.6271],[13.1868,55.6236],[13.1784,55.6212],[13.17,55.5976],[13.1617,55.587],[13.145,55.5764],[13.1367,55.5658],[13.1351,55.5554],[13.145,55.5517],[13.1471,55.5363],[13.1638,55.5233],[13.1888,55.5127],[13.1871,55.5009]]]}},
    {"type":"Feature","properties":{"kod":"1264","namn":"Skurup","lan_kod":"12"},"geometry":{"type":"Polygon","coordinates":[[[13.7115,55.5479],[13.6955,55.5517],[13.6663,55.5635],[13.6329,55.5635],[13.6058,55.567],[13.5892,55.5764],[13.5766,55.5894],[13.5569,55.5902],[13.5474,55.5906],[13.5329,55.5847],[13.5245,55.5705],[13.4807,55.5528],[13.4772,55.5484],[13.4703,55.5399],[13.4672,55.5144],[13.4891,55.5115],[13.4995,55.4986],[13.5057,55.4797],[13.4828,55.4702],[13.4766,55.4548],[13.5078,55.4454],[13.5132,55.3864],[13.5692,55.3906],[13.6013,55.4015],[13.6442,55.4222],[13.6699,55.4283],[13.685,55.4295],[13.6767,55.4442],[13.6559,55.4619],[13.6559,55.4832],[13.6642,55.5009],[13.6746,55.5104],[13.6913,55.5411],[13.7115,55.5479]]]}},
    {"type":"Feature","properties":{"kod":"1265","namn":"Sjöbo","lan_kod":"12"},"geometry":{"type":"Polygon","coordinates":[[[13.9577,55.7816],[13.9082,55.7845],[13.8331,55.8068],[13.8185,55.8021],[13.7935,55.7892],[13.7601,55.7646],[13.7163,55.7646],[13.6976,55.7599],[13.6746,55.7505],[13.6339,55.7482],[13.6329,55.7482],[13.6225,55.7317],[13.6105,55.7205],[13.61,55.72],[13.6288,55.7071],[13.6455,55.6847],[13.6309,55.6647],[13.5683,55.6542],[13.5579,55.6306],[13.5569,55.5902],[13.5766,55.5894],[13.5892,55.5764],[13.6058,55.567],[13.6329,55.5635],[13.6663,55.5635],[13.6955,55.5517],[13.7115,55.5479],[13.7226,55.5517],[13.7435,55.5528],[13.7747,55.5635],[13.7956,55.567],[13.8081,55.5835],[13.831,55.5906],[13.8729,55.5945],[13.879,55.6094],[13.9061,55.6153],[13.9207,55.6153],[13.952,55.6236],[13.9541,55.6436],[13.9645,55.6553],[13.9791,55.6589],[14.0104,55.6741],[14.0062,55.6847],[13.9874,55.6953],[13.9791,55.7106],[13.9353,55.7294],[13.9207,55.7411],[13.929,55.7575],[13.9499,55.7728],[13.9577,55.7816]]]}},
    {"type":"Feature","properties":{"kod":"1266","namn":"Hörby","lan_kod":"12"},"geometry":{"type":"Polygon","coordinates":[[[13.6537,55.9866],[13.6413,55.9518],[13.5954,55.9285],[13.5912,55.9098],[13.5787,55.8911],[13.5975,55.8829],[13.5996,55.8618],[13.5912,55.8513],[13.5773,55.8482],[13.5954,55.8431],[13.6413,55.8396],[13.6517,55.8267],[13.6267,55.808],[13.6079,55.788],[13.5996,55.774],[13.6225,55.7681],[13.6339,55.7482],[13.6746,55.7505],[13.6976,55.7599],[13.7163,55.7646],[13.7601,55.7646],[13.7935,55.7892],[13.8185,55.8021],[13.8331,55.8068],[13.9082,55.7845],[13.9577,55.7816],[13.9603,55.7845],[13.9875,55.8014],[13.977,55.8103],[13.9707,55.8267],[13.9499,55.8326],[13.9186,55.8443],[13.9124,55.856],[13.9207,55.8712],[13.9395,55.8922],[13.929,55.9133],[13.927,55.9355],[13.9103,55.9495],[13.8769,55.925],[13.8519,55.9203],[13.8331,55.9121],[13.8123,55.9168],[13.7956,55.9296],[13.7977,55.9425],[13.7768,55.953],[13.7729,55.967],[13.7602,55.9697],[13.7415,55.9817],[13.6561,55.9839],[13.6537,55.9866]]]}},
    {"type":"Feature","properties":{"kod":"1267","namn":"Höör","lan_kod":"12"},"geometry":{"type":"Polygon","coordinates":[[[13.4125,56.0357],[13.414,56.0078],[13.4119,55.9752],[13.4223,55.967],[13.4432,55.967],[13.4557,55.9542],[13.4766,55.9425],[13.4891,55.9308],[13.4807,55.9191],[13.464,55.9121],[13.4578,55.8981],[13.4661,55.8677],[13.4724,55.8536],[13.4828,55.8454],[13.4974,55.829],[13.4995,55.8197],[13.5203,55.8068],[13.5349,55.8091],[13.5412,55.8185],[13.5433,55.8302],[13.5495,55.8361],[13.5704,55.8466],[13.5773,55.8482],[13.5912,55.8513],[13.5996,55.8618],[13.5975,55.8829],[13.5787,55.8911],[13.5912,55.9098],[13.5954,55.9285],[13.6413,55.9518],[13.6537,55.9866],[13.6508,55.9899],[13.6628,56.0048],[13.6882,56.0137],[13.6935,56.0309],[13.6948,56.051],[13.6655,56.0592],[13.6481,56.0711],[13.6214,56.0771],[13.5961,56.089],[13.5907,56.1024],[13.5721,56.1106],[13.5494,56.1076],[13.5378,56.1032],[13.5412,56.0998],[13.5245,56.0835],[13.4995,56.0812],[13.4828,56.0626],[13.4682,56.0533],[13.4578,56.0428],[13.4348,56.0346],[13.4125,56.0357]]]}},
    {"type":"Feature","properties":{"kod":"1270","namn":"Tomelilla","lan_kod":"12"},"geometry":{"type":"Polygon","coordinates":[[[13.9875,55.8014],[13.9603,55.7845],[13.9577,55.7816],[13.9499,55.7728],[13.929,55.7575],[13.9207,55.7411],[13.9353,55.7294],[13.9791,55.7106],[13.9874,55.6953],[14.0062,55.6847],[14.0104,55.6741],[13.9791,55.6589],[13.9645,55.6553],[13.9541,55.6436],[13.952,55.6236],[13.9207,55.6153],[13.9061,55.6153],[13.879,55.6094],[13.8729,55.5945],[13.8727,55.5941],[13.8852,55.5811],[13.9061,55.5694],[13.9165,55.5505],[13.929,55.5422],[13.9561,55.5174],[14.0083,55.4962],[14.0333,55.4974],[14.0479,55.5068],[14.0708,55.5115],[14.0944,55.5123],[14.0965,55.516],[14.1392,55.5349],[14.1579,55.5469],[14.1619,55.5628],[14.1606,55.5862],[14.1766,55.5975],[14.1859,55.6141],[14.1846,55.6314],[14.1512,55.6405],[14.1326,55.642],[14.1112,55.6472],[14.0898,55.6638],[14.0832,55.6962],[14.0858,55.7119],[14.1072,55.7255],[14.1406,55.739],[14.1566,55.7525],[14.1446,55.7645],[14.1245,55.7765],[14.1234,55.7833],[14.1209,55.7833],[14.1021,55.8009],[14.0854,55.8068],[14.0667,55.7927],[14.0458,55.7833],[14.0187,55.7939],[13.9895,55.7998],[13.9875,55.8014]]]}},
    {"type":"Feature","properties":{"kod":"1272","namn":"Bromölla","lan_kod":"12"},"geometry":{"type":"Polygon","coordinates":[[[14.497,56.0372],[14.5251,56.0461],[14.5588,56.0483],[14.5608,56.0917],[14.5942,56.1358],[14.6088,56.1614],[14.6151,56.1904],[14.5984,56.2183],[14.5978,56.2202],[14.59,56.2461],[14.5692,56.2507],[14.5066,56.2484],[14.4715,56.2576],[14.4608,56.2403],[14.442,56.2206],[14.4545,56.2043],[14.4503,56.1846],[14.4774,56.1742],[14.467,56.1533],[14.4816,56.1475],[14.4795,56.1149],[14.4628,56.0975],[14.4399,56.0917],[14.4107,56.0789],[14.4107,56.0672],[14.4274,56.0591],[14.4587,56.0568],[14.492,56.0439],[14.497,56.0372]]]}},
    {"type":"Feature","properties":{"kod":"1273","namn":"Osby","lan_kod":"12"},"geometry":{"type":"Polygon","coordinates":[[[14.003,56.3458],[14.0575,56.3609],[14.0865,56.3614],[14.0942,56.3727],[14.1233,56.3883],[14.1566,56.3987],[14.1771,56.4124],[14.1873,56.4214],[14.2087,56.4516],[14.2317,56.4653],[14.2574,56.4762],[14.2719,56.471],[14.271,56.4573],[14.2539,56.4408],[14.248,56.4214],[14.2454,56.403],[14.2463,56.3756],[14.2659,56.3708],[14.2898,56.3931],[14.3154,56.3926],[14.3325,56.3812],[14.3376,56.3652],[14.3223,56.3505],[14.3043,56.3439],[14.2984,56.3344],[14.3018,56.3245],[14.3103,56.3216],[14.3325,56.3197],[14.3653,56.3176],[14.3684,56.3174],[14.4111,56.323],[14.4332,56.3317],[14.4316,56.3329],[14.4295,56.3895],[14.4441,56.4172],[14.4649,56.4345],[14.5025,56.4506],[14.5212,56.4621],[14.5421,56.4782],[14.5407,56.4802],[14.5358,56.4875],[14.5191,56.4932],[14.4316,56.4944],[14.417,56.5024],[14.3753,56.5116],[14.3419,56.522],[14.3023,56.5266],[14.2835,56.5266],[14.2439,56.522],[14.2022,56.5231],[14.1855,56.5312],[14.1584,56.5404],[14.1209,56.5622],[14.1084,56.5576],[14.0854,56.5438],[14.0687,56.5197],[14.0625,56.5024],[14.0521,56.4932],[14.0104,56.4909],[13.9853,56.4921],[13.9395,56.4828],[13.9061,56.4725],[13.8185,56.4736],[13.7726,56.469],[13.7415,56.4632],[13.7215,56.4492],[13.7214,56.4492],[13.7208,56.4491],[13.7389,56.4344],[13.7669,56.43],[13.7896,56.4189],[13.8189,56.4123],[13.8523,56.4101],[13.9257,56.4256],[13.9337,56.4174],[13.9364,56.4071],[13.935,56.3931],[13.9644,56.3849],[13.9644,56.3702],[13.9551,56.348],[13.9697,56.3465],[14.0004,56.3472],[14.003,56.3458]]]}},
    {"type":"Feature","properties":{"kod":"1275","namn":"Perstorp","lan_kod":"12"},"geometry":{"type":"Polygon","coordinates":[[[13.4339,56.1316],[13.462,56.1382],[13.4786,56.1544],[13.4995,56.1858],[13.4844,56.2178],[13.4912,56.2325],[13.4853,56.2481],[13.4562,56.278],[13.4519,56.2932],[13.4446,56.301],[13.4346,56.2962],[13.3866,56.2954],[13.3599,56.2858],[13.3225,56.2532],[13.3025,56.248],[13.2923,56.2432],[13.2993,56.2345],[13.3077,56.2113],[13.3264,56.1939],[13.3285,56.1614],[13.3368,56.1556],[13.3994,56.1556],[13.4077,56.1463],[13.4328,56.1324],[13.4339,56.1316]]]}},
    {"type":"Feature","properties":{"kod":"1276","namn":"Klippan","lan_kod":"12"},"geometry":{"type":"Polygon","coordinates":[[[13.0317,56.2114],[13.0637,56.2067],[13.1096,56.1765],[13.1346,56.1649],[13.1471,56.1486],[13.1283,56.1324],[13.1262,56.1219],[13.1194,56.1174],[13.1325,56.1149],[13.1638,56.1033],[13.1951,56.0893],[13.2347,56.0568],[13.2555,56.0486],[13.3306,56.0509],[13.3577,56.0451],[13.3622,56.0376],[13.3869,56.037],[13.4125,56.0357],[13.4348,56.0346],[13.4578,56.0428],[13.4682,56.0533],[13.4828,56.0626],[13.4995,56.0812],[13.5245,56.0835],[13.5412,56.0998],[13.5378,56.1032],[13.5329,56.108],[13.487,56.1114],[13.4536,56.1184],[13.4339,56.1316],[13.4328,56.1324],[13.4077,56.1463],[13.3994,56.1556],[13.3368,56.1556],[13.3285,56.1614],[13.3264,56.1939],[13.3077,56.2113],[13.2993,56.2345],[13.2923,56.2432],[13.291,56.2449],[13.2639,56.2438],[13.2534,56.2298],[13.2242,56.2264],[13.2076,56.2345],[13.1721,56.2461],[13.1573,56.2537],[13.145,56.2507],[13.1221,56.2391],[13.0887,56.2345],[13.0449,56.2322],[13.0428,56.2148],[13.0317,56.2114]]]}},
    {"type":"Feature","properties":{"kod":"1277","namn":"Åstorp","lan_kod":"12"},"geometry":{"type":"Polygon","coordinates":[[[12.8958,56.1248],[12.9136,56.1254],[12.949,56.1324],[12.9573,56.1451],[12.9907,56.1463],[13.0136,56.1382],[13.0428,56.1335],[13.0741,56.1242],[13.095,56.1149],[13.1158,56.1149],[13.1194,56.1174],[13.1262,56.1219],[13.1283,56.1324],[13.1471,56.1486],[13.1346,56.1649],[13.1096,56.1765],[13.0637,56.2067],[13.0317,56.2114],[13.0157,56.2067],[12.997,56.1985],[12.9865,56.1788],[12.9657,56.1742],[12.9448,56.1614],[12.8578,56.1579],[12.8635,56.1521],[12.8885,56.1289],[12.8958,56.1248]]]}},
    {"type":"Feature","properties":{"kod":"1278","namn":"Båstad","lan_kod":"12"},"geometry":{"type":"Polygon","coordinates":[[[13.0008,56.3932],[12.997,56.3964],[12.9928,56.4056],[13.0074,56.4195],[13.0116,56.4333],[12.997,56.4587],[12.9782,56.4644],[12.9189,56.4703],[12.894,56.4592],[12.8512,56.4497],[12.8083,56.4533],[12.7719,56.4687],[12.744,56.4687],[12.6883,56.4604],[12.6497,56.4414],[12.6283,56.4201],[12.6433,56.394],[12.6776,56.3893],[12.7011,56.3834],[12.7354,56.3655],[12.7504,56.3418],[12.7562,56.3377],[12.7801,56.3421],[12.8197,56.3444],[12.8385,56.3537],[12.9031,56.3641],[12.9052,56.3895],[12.9156,56.401],[12.9448,56.3906],[12.9699,56.3895],[13.0008,56.3932]]]}},
    {"type":"Feature","properties":{"kod":"1280","namn":"Malmö","lan_kod":"12"},"geometry":{"type":"Polygon","coordinates":[[[13.1351,55.5554],[13.1367,55.5658],[13.145,55.5764],[13.1617,55.587],[13.17,55.5976],[13.1784,55.6212],[13.1868,55.6236],[13.1763,55.6318],[13.1729,55.6319],[13.1408,55.633],[13.1137,55.6389],[13.097,55.6471],[13.0804,55.6526],[13.0505,55.643],[13.0033,55.6333],[12.9605,55.6151],[12.9305,55.5861],[12.9176,55.5606],[12.924,55.5327],[12.9361,55.5198],[12.9477,55.5218],[12.9824,55.5352],[13.0199,55.5375],[13.047,55.5375],[13.1325,55.5564],[13.1351,55.5554]]]}},
    {"type":"Feature","properties":{"kod":"1281","namn":"Lund","lan_kod":"12"},"geometry":{"type":"Polygon","coordinates":[[[13.1586,55.7769],[13.1679,55.7681],[13.1679,55.7458],[13.1692,55.7359],[13.17,55.7294],[13.1951,55.7212],[13.2159,55.7106],[13.2451,55.7047],[13.3056,55.7035],[13.3222,55.6965],[13.3327,55.6812],[13.3827,55.6565],[13.3806,55.6412],[13.364,55.6294],[13.3535,55.6283],[13.3536,55.6277],[13.3556,55.6106],[13.3577,55.5906],[13.3806,55.5859],[13.3973,55.5764],[13.4182,55.5729],[13.4432,55.5493],[13.4772,55.5484],[13.4807,55.5528],[13.5245,55.5705],[13.5329,55.5847],[13.5474,55.5906],[13.5569,55.5902],[13.5579,55.6306],[13.5683,55.6542],[13.6309,55.6647],[13.6455,55.6847],[13.6288,55.7071],[13.61,55.72],[13.6105,55.7205],[13.5725,55.7258],[13.5495,55.7388],[13.5224,55.747],[13.4974,55.7517],[13.4766,55.7622],[13.4515,55.7611],[13.4098,55.7681],[13.389,55.7787],[13.3473,55.7787],[13.3285,55.7833],[13.3202,55.7974],[13.3056,55.8056],[13.2805,55.8056],[13.2555,55.808],[13.2493,55.8173],[13.2384,55.821],[13.2159,55.8162],[13.1721,55.8162],[13.17,55.7857],[13.1586,55.7769]]]}},
    {"type":"Feature","properties":{"kod":"1282","namn":"Landskrona","lan_kod":"12"},"geometry":{"type":"Polygon","coordinates":[[[12.7519,55.981],[12.7847,55.9466],[12.849,55.8637],[12.8962,55.8488],[13.0074,55.856],[13.0616,55.8513],[13.1075,55.8642],[13.1074,55.8643],[13.1012,55.8759],[13.0825,55.8876],[13.0533,55.8887],[13.0324,55.8805],[13.0116,55.8782],[13.0032,55.8899],[12.997,55.9039],[13.0262,55.9168],[13.0241,55.932],[12.9657,55.9588],[12.9629,55.965],[12.9615,55.9647],[12.9407,55.9682],[12.9281,55.9752],[12.9094,55.974],[12.8885,55.9658],[12.8614,55.9693],[12.8364,55.981],[12.7519,55.981]]]}},
    {"type":"Feature","properties":{"kod":"1283","namn":"Helsingborg","lan_kod":"12"},"geometry":{"type":"Polygon","coordinates":[[[12.5909,56.1473],[12.6497,56.0891],[12.6861,56.058],[12.7183,56.0161],[12.7519,55.981],[12.8364,55.981],[12.8614,55.9693],[12.8885,55.9658],[12.9094,55.974],[12.9281,55.9752],[12.9407,55.9682],[12.9615,55.9647],[12.9629,55.965],[12.999,55.9728],[13.0074,55.9833],[12.9965,55.9975],[12.9949,55.9997],[12.9699,56.0078],[12.9427,56.0241],[12.949,56.0602],[12.949,56.0789],[12.9052,56.1196],[12.8958,56.1248],[12.8885,56.1289],[12.8635,56.1521],[12.8578,56.1579],[12.8406,56.1753],[12.8281,56.1951],[12.8343,56.2159],[12.8218,56.2345],[12.8172,56.238],[12.7715,56.2335],[12.7572,56.2136],[12.7405,56.2009],[12.7134,56.1939],[12.705,56.1835],[12.6904,56.1742],[12.6758,56.1672],[12.6508,56.1672],[12.6133,56.1533],[12.5909,56.1473]]]}},
    {"type":"Feature","properties":{"kod":"1284","namn":"Höganäs","lan_kod":"12"},"geometry":{"type":"Polygon","coordinates":[[[12.7715,56.2335],[12.7547,56.2335],[12.7054,56.2466],[12.6926,56.2538],[12.5704,56.3014],[12.5232,56.3109],[12.4868,56.3121],[12.4675,56.299],[12.4975,56.2776],[12.549,56.2109],[12.5532,56.193],[12.5682,56.168],[12.5909,56.1473],[12.6133,56.1533],[12.6508,56.1672],[12.6758,56.1672],[12.6904,56.1742],[12.705,56.1835],[12.7134,56.1939],[12.7405,56.2009],[12.7572,56.2136],[12.7715,56.2335]]]}},
    {"type":"Feature","properties":{"kod":"1285","namn":"Eslöv","lan_kod":"12"},"geometry":{"type":"Polygon","coordinates":[[[13.2384,55.821],[13.2493,55.8173],[13.2555,55.808],[13.2805,55.8056],[13.3056,55.8056],[13.3202,55.7974],[13.3285,55.7833],[13.3473,55.7787],[13.389,55.7787],[13.4098,55.7681],[13.4515,55.7611],[13.4766,55.7622],[13.4974,55.7517],[13.5224,55.747],[13.5495,55.7388],[13.5725,55.7258],[13.6105,55.7205],[13.6225,55.7317],[13.6329,55.7482],[13.6339,55.7482],[13.6225,55.7681],[13.5996,55.774],[13.6079,55.788],[13.6267,55.808],[13.6517,55.8267],[13.6413,55.8396],[13.5954,55.8431],[13.5773,55.8482],[13.5704,55.8466],[13.5495,55.8361],[13.5433,55.8302],[13.5412,55.8185],[13.5349,55.8091],[13.5203,55.8068],[13.4995,55.8197],[13.4974,55.829],[13.4828,55.8454],[13.4724,55.8536],[13.4661,55.8677],[13.4578,55.8981],[13.464,55.9121],[13.4807,55.9191],[13.4891,55.9308],[13.4766,55.9425],[13.4557,55.9542],[13.4432,55.967],[13.4223,55.967],[13.4119,55.9752],[13.414,56.0078],[13.4125,56.0357],[13.3869,56.037],[13.3622,56.0376],[13.366,56.0311],[13.3473,56.009],[13.3118,55.995],[13.3035,55.9728],[13.3056,55.9355],[13.3035,55.9203],[13.2847,55.9238],[13.2722,55.9331],[13.2409,55.9296],[13.2138,55.9191],[13.1951,55.9226],[13.1784,55.9296],[13.1575,55.9098],[13.1533,55.8993],[13.1784,55.8876],[13.1909,55.8759],[13.183,55.8619],[13.2034,55.863],[13.2347,55.8607],[13.243,55.822],[13.2384,55.821]]]}},
    {"type":"Feature","properties":{"kod":"1286","namn":"Ystad","lan_kod":"12"},"geometry":{"type":"Polygon","coordinates":[[[14.0944,55.5123],[14.0708,55.5115],[14.0479,55.5068],[14.0333,55.4974],[14.0083,55.4962],[13.9561,55.5174],[13.929,55.5422],[13.9165,55.5505],[13.9061,55.5694],[13.8852,55.5811],[13.8727,55.5941],[13.8729,55.5945],[13.831,55.5906],[13.8081,55.5835],[13.7956,55.567],[13.7747,55.5635],[13.7435,55.5528],[13.7226,55.5517],[13.7115,55.5479],[13.6913,55.5411],[13.6746,55.5104],[13.6642,55.5009],[13.6559,55.4832],[13.6559,55.4619],[13.6767,55.4442],[13.685,55.4295],[13.7149,55.4319],[13.8242,55.4344],[13.9657,55.4331],[14.015,55.4222],[14.0685,55.4015],[14.1071,55.3954],[14.1543,55.3954],[14.2036,55.4015],[14.2379,55.4161],[14.2669,55.4341],[14.2366,55.4358],[14.2113,55.4457],[14.1686,55.4691],[14.1659,55.4767],[14.1646,55.4986],[14.1566,55.5099],[14.1326,55.5062],[14.0992,55.5054],[14.0925,55.5092],[14.0944,55.5123]]]}},
    {"type":"Feature","properties":{"kod":"1287","namn":"Trelleborg","lan_kod":"12"},"geometry":{"type":"Polygon","coordinates":[[[12.9966,55.3885],[13.0055,55.3857],[13.0933,55.3711],[13.1276,55.3711],[13.1598,55.3686],[13.2005,55.3613],[13.2455,55.3504],[13.3055,55.3467],[13.3591,55.3394],[13.4041,55.3455],[13.4277,55.3638],[13.4727,55.3784],[13.5132,55.3864],[13.5078,55.4454],[13.4766,55.4548],[13.4828,55.4702],[13.5057,55.4797],[13.4995,55.4986],[13.4891,55.5115],[13.4672,55.5144],[13.462,55.5151],[13.439,55.5068],[13.3994,55.4986],[13.3202,55.508],[13.3014,55.5056],[13.2659,55.5056],[13.2493,55.5021],[13.1871,55.5009],[13.1867,55.4986],[13.17,55.4856],[13.1033,55.4879],[13.0804,55.4797],[13.0825,55.4418],[13.0387,55.4158],[13.0241,55.3992],[12.9966,55.3885]]]}},
    {"type":"Feature","properties":{"kod":"1290","namn":"Kristianstad","lan_kod":"12"},"geometry":{"type":"Polygon","coordinates":[[[13.7729,55.967],[13.7768,55.953],[13.7977,55.9425],[13.7956,55.9296],[13.8123,55.9168],[13.8331,55.9121],[13.8519,55.9203],[13.8769,55.925],[13.9103,55.9495],[13.927,55.9355],[13.929,55.9133],[13.9395,55.8922],[13.9207,55.8712],[13.9124,55.856],[13.9186,55.8443],[13.9499,55.8326],[13.9707,55.8267],[13.977,55.8103],[13.9875,55.8014],[13.9895,55.7998],[14.0187,55.7939],[14.0458,55.7833],[14.0667,55.7927],[14.0854,55.8068],[14.1021,55.8009],[14.1209,55.7833],[14.1647,55.7833],[14.2043,55.7892],[14.2207,55.7878],[14.2657,55.8408],[14.2936,55.8901],[14.3172,55.9166],[14.3429,55.9394],[14.3665,55.9658],[14.4158,55.9886],[14.4501,56.0113],[14.4908,56.0353],[14.497,56.0372],[14.492,56.0439],[14.4587,56.0568],[14.4274,56.0591],[14.4107,56.0672],[14.4107,56.0789],[14.4399,56.0917],[14.4628,56.0975],[14.4795,56.1149],[14.4816,56.1475],[14.467,56.1533],[14.4774,56.1742],[14.4503,56.1846],[14.4545,56.2043],[14.442,56.2206],[14.4608,56.2403],[14.4715,56.2576],[14.467,56.2588],[14.4608,56.2785],[14.4587,56.3178],[14.4441,56.3236],[14.4332,56.3317],[14.4111,56.323],[14.3684,56.3174],[14.3653,56.3176],[14.3523,56.2924],[14.3065,56.2681],[14.2939,56.2542],[14.3044,56.2403],[14.2835,56.2148],[14.2418,56.1846],[14.1813,56.1707],[14.1709,56.1614],[14.1667,56.1486],[14.1334,56.151],[14.1104,56.1591],[14.0854,56.1637],[14.0708,56.173],[14.051,56.1777],[14.0511,56.176],[14.0338,56.1664],[14.0218,56.156],[14.0205,56.1262],[13.9684,56.0846],[13.943,56.0719],[13.919,56.0473],[13.8937,56.0436],[13.8683,56.0436],[13.8523,56.048],[13.8376,56.048],[13.8163,56.0242],[13.8043,56.0152],[13.7989,56.0011],[13.8056,55.9831],[13.7949,55.9682],[13.7776,55.966],[13.7729,55.967]]]}},
    {"type":"Feature","properties":{"kod":"1291","namn":"Simrishamn","lan_kod":"12"},"geometry":{"type":"Polygon","coordinates":[[[14.1234,55.7833],[14.1245,55.7765],[14.1446,55.7645],[14.1566,55.7525],[14.1406,55.739],[14.1072,55.7255],[14.0858,55.7119],[14.0832,55.6962],[14.0898,55.6638],[14.1112,55.6472],[14.1326,55.642],[14.1512,55.6405],[14.1846,55.6314],[14.1859,55.6141],[14.1766,55.5975],[14.1606,55.5862],[14.1619,55.5628],[14.1579,55.5469],[14.1392,55.5349],[14.0965,55.516],[14.0944,55.5123],[14.0925,55.5092],[14.0992,55.5054],[14.1326,55.5062],[14.1566,55.5099],[14.1646,55.4986],[14.1659,55.4767],[14.1686,55.4691],[14.2113,55.4457],[14.2366,55.4358],[14.2669,55.4341],[14.3322,55.4745],[14.3536,55.5012],[14.3707,55.54],[14.3686,55.5667],[14.2979,55.6321],[14.2722,55.6696],[14.2357,55.7034],[14.21,55.7215],[14.2014,55.7505],[14.2164,55.783],[14.2207,55.7878],[14.2043,55.7892],[14.1647,55.7833],[14.1234,55.7833]]]}},
    {"type":"Feature","properties":{"kod":"1292","namn":"Ängelholm","lan_kod":"12"},"geometry":{"type":"Polygon","coordinates":[[[12.8578,56.1579],[12.9448,56.1614],[12.9657,56.1742],[12.9865,56.1788],[12.997,56.1985],[13.0157,56.2067],[13.0317,56.2114],[13.0428,56.2148],[13.0449,56.2322],[13.0887,56.2345],[13.1221,56.2391],[13.145,56.2507],[13.1573,56.2537],[13.1638,56.2553],[13.1679,56.2739],[13.1784,56.2924],[13.1951,56.3028],[13.2242,56.3167],[13.2263,56.3317],[13.2438,56.3431],[13.2284,56.3548],[13.1971,56.3745],[13.1721,56.3802],[13.0428,56.3779],[13.0095,56.386],[13.0008,56.3932],[12.9699,56.3895],[12.9448,56.3906],[12.9156,56.401],[12.9052,56.3895],[12.9031,56.3641],[12.8385,56.3537],[12.8197,56.3444],[12.7801,56.3421],[12.7562,56.3377],[12.7997,56.305],[12.8276,56.2633],[12.8172,56.238],[12.8218,56.2345],[12.8343,56.2159],[12.8281,56.1951],[12.8406,56.1753],[12.8578,56.1579]]]}},
    {"type":"Feature","properties":{"kod":"1293","namn":"Hässleholm","lan_kod":"12"},"geometry":{"type":"Polygon","coordinates":[[[13.5378,56.1032],[13.5494,56.1076],[13.5721,56.1106],[13.5907,56.1024],[13.5961,56.089],[13.6214,56.0771],[13.6481,56.0711],[13.6655,56.0592],[13.6948,56.051],[13.6935,56.0309],[13.6882,56.0137],[13.6628,56.0048],[13.6508,55.9899],[13.6537,55.9866],[13.6561,55.9839],[13.7415,55.9817],[13.7602,55.9697],[13.7729,55.967],[13.7776,55.966],[13.7949,55.9682],[13.8056,55.9831],[13.7989,56.0011],[13.8043,56.0152],[13.8163,56.0242],[13.8376,56.048],[13.8523,56.048],[13.8683,56.0436],[13.8937,56.0436],[13.919,56.0473],[13.943,56.0719],[13.9684,56.0846],[14.0205,56.1262],[14.0218,56.156],[14.0338,56.1664],[14.0511,56.176],[14.051,56.1777],[14.0498,56.1961],[14.0258,56.2065],[14.0218,56.2206],[14.0111,56.2347],[13.9964,56.2473],[13.9964,56.2643],[14.0164,56.2762],[14.0285,56.2969],[14.0164,56.3384],[14.003,56.3458],[14.0004,56.3472],[13.9697,56.3465],[13.9551,56.348],[13.9644,56.3702],[13.9644,56.3849],[13.935,56.3931],[13.9364,56.4071],[13.9337,56.4174],[13.9257,56.4256],[13.8523,56.4101],[13.8189,56.4123],[13.7896,56.4189],[13.7669,56.43],[13.7389,56.4344],[13.7208,56.4491],[13.6895,56.447],[13.6414,56.4447],[13.6134,56.4322],[13.6001,56.4302],[13.5987,56.4263],[13.5827,56.4101],[13.5574,56.4012],[13.5414,56.3901],[13.528,56.3702],[13.528,56.3554],[13.5374,56.3376],[13.524,56.3295],[13.4786,56.3251],[13.4653,56.3103],[13.4453,56.3014],[13.4446,56.301],[13.4519,56.2932],[13.4562,56.278],[13.4853,56.2481],[13.4912,56.2325],[13.4844,56.2178],[13.4995,56.1858],[13.4786,56.1544],[13.462,56.1382],[13.4339,56.1316],[13.4536,56.1184],[13.487,56.1114],[13.5329,56.108],[13.5378,56.1032]]]}},
    {"type":"Feature","properties":{"kod":"1315","namn":"Hylte","lan_kod":"13"},"geometry":{"type":"Polygon","coordinates":[[[13.351,56.8559],[13.3755,56.8626],[13.3831,56.8825],[13.4043,56.8892],[13.4407,56.8908],[13.459,56.9016],[13.4909,56.9024],[13.5106,56.8966],[13.5577,56.9132],[13.588,56.9215],[13.6305,56.9223],[13.6579,56.9339],[13.6882,56.9389],[13.708,56.9455],[13.7141,56.9613],[13.7141,57.001],[13.7082,57.0033],[13.6974,57.0076],[13.6776,57.0084],[13.6442,57.0216],[13.6366,57.0324],[13.6351,57.0679],[13.629,57.0844],[13.6154,57.091],[13.5911,57.0951],[13.5744,57.1017],[13.5516,57.1034],[13.5334,57.1108],[13.5273,57.1248],[13.5182,57.1289],[13.4863,57.1215],[13.4772,57.1289],[13.462,57.1347],[13.3846,57.1339],[13.3603,57.1289],[13.3375,57.1223],[13.3011,57.1157],[13.2692,57.1083],[13.2479,57.0885],[13.213,57.0761],[13.1887,57.0539],[13.1705,57.0547],[13.1614,57.0605],[13.1538,57.0761],[13.1325,57.0927],[13.1249,57.11],[13.1264,57.1129],[13.0724,57.1085],[13.0581,57.0917],[13.0557,57.0698],[13.0344,57.0608],[12.9893,57.0698],[12.9608,57.0737],[12.9442,57.0453],[12.9205,57.0375],[12.892,57.0337],[12.8707,57.0221],[12.8731,57.004],[12.9039,56.9885],[12.911,56.9833],[12.9466,56.9794],[12.9561,56.9717],[12.9597,56.97],[12.9703,56.9652],[12.9941,56.9406],[13.0296,56.9354],[13.0353,56.8958],[13.0505,56.8867],[13.0581,56.8767],[13.0763,56.8684],[13.0961,56.8668],[13.1158,56.8784],[13.1553,56.9099],[13.1811,56.9132],[13.2145,56.9074],[13.2236,56.8925],[13.1948,56.8759],[13.1933,56.8643],[13.2115,56.8585],[13.2403,56.8576],[13.2585,56.8593],[13.2707,56.8684],[13.2935,56.8734],[13.3178,56.8734],[13.3269,56.8643],[13.351,56.8559]]]}},
    {"type":"Feature","properties":{"kod":"1380","namn":"Halmstad","lan_kod":"13"},"geometry":{"type":"Polygon","coordinates":[[[12.9597,56.97],[12.9442,56.9637],[12.9215,56.9488],[12.9184,56.9265],[12.9048,56.9132],[12.9002,56.8991],[12.8896,56.8892],[12.8228,56.8776],[12.7894,56.8742],[12.7362,56.8443],[12.7059,56.8352],[12.6755,56.8186],[12.6557,56.7986],[12.6295,56.7964],[12.639,56.7459],[12.6454,56.7283],[12.6797,56.7094],[12.6947,56.6977],[12.7076,56.6836],[12.729,56.6741],[12.7397,56.6565],[12.7697,56.64],[12.7954,56.6412],[12.8169,56.6553],[12.8469,56.6576],[12.8876,56.6482],[12.9155,56.6341],[12.9219,56.614],[12.9455,56.581],[12.946,56.5768],[13.0141,56.5785],[13.0232,56.5885],[13.0429,56.5952],[13.0536,56.6111],[13.0566,56.6203],[13.1067,56.6295],[13.1097,56.6353],[13.1325,56.6378],[13.1644,56.6512],[13.1933,56.6562],[13.2115,56.6887],[13.2251,56.6979],[13.298,56.6979],[13.3162,56.7046],[13.3513,56.7104],[13.3512,56.7104],[13.3603,56.7654],[13.3557,56.8103],[13.3512,56.8286],[13.3345,56.841],[13.3451,56.8543],[13.351,56.8559],[13.3269,56.8643],[13.3178,56.8734],[13.2935,56.8734],[13.2707,56.8684],[13.2585,56.8593],[13.2403,56.8576],[13.2115,56.8585],[13.1933,56.8643],[13.1948,56.8759],[13.2236,56.8925],[13.2145,56.9074],[13.1811,56.9132],[13.1553,56.9099],[13.1158,56.8784],[13.0961,56.8668],[13.0763,56.8684],[13.0581,56.8767],[13.0505,56.8867],[13.0353,56.8958],[13.0296,56.9354],[12.9941,56.9406],[12.9703,56.9652],[12.9597,56.97]]]}},
    {"type":"Feature","properties":{"kod":"1381","namn":"Laholm","lan_kod":"13"},"geometry":{"type":"Polygon","coordinates":[[[13.0008,56.3932],[13.0095,56.386],[13.0428,56.3779],[13.1721,56.3802],[13.1971,56.3745],[13.2284,56.3548],[13.2438,56.3431],[13.2451,56.3421],[13.2618,56.3514],[13.2805,56.3791],[13.3723,56.416],[13.4226,56.4411],[13.4947,56.4411],[13.4949,56.441],[13.4984,56.4537],[13.4984,56.4696],[13.4833,56.4822],[13.4681,56.4914],[13.4681,56.5074],[13.503,56.5308],[13.503,56.5425],[13.4635,56.5818],[13.465,56.5936],[13.4453,56.6044],[13.4392,56.6153],[13.4453,56.6278],[13.4453,56.6403],[13.4444,56.6409],[13.4256,56.6512],[13.4134,56.6779],[13.3891,56.6946],[13.3724,56.7029],[13.3513,56.7104],[13.3162,56.7046],[13.298,56.6979],[13.2251,56.6979],[13.2115,56.6887],[13.1933,56.6562],[13.1644,56.6512],[13.1325,56.6378],[13.1097,56.6353],[13.1067,56.6295],[13.0566,56.6203],[13.0536,56.6111],[13.0429,56.5952],[13.0232,56.5885],[13.0141,56.5785],[12.946,56.5768],[12.9562,56.5089],[12.9497,56.4841],[12.9189,56.4703],[12.9782,56.4644],[12.997,56.4587],[13.0116,56.4333],[13.0074,56.4195],[12.9928,56.4056],[12.997,56.3964],[13.0008,56.3932]]]}},
    {"type":"Feature","properties":{"kod":"1382","namn":"Falkenberg","lan_kod":"13"},"geometry":{"type":"Polygon","coordinates":[[[12.33,57.0091],[12.3411,56.9954],[12.3453,56.9615],[12.3732,56.9265],[12.3904,56.9159],[12.4718,56.8925],[12.5125,56.8714],[12.5511,56.8597],[12.6111,56.8187],[12.6283,56.8023],[12.6295,56.7964],[12.6557,56.7986],[12.6755,56.8186],[12.7059,56.8352],[12.7362,56.8443],[12.7894,56.8742],[12.8228,56.8776],[12.8896,56.8892],[12.9002,56.8991],[12.9048,56.9132],[12.9184,56.9265],[12.9215,56.9488],[12.9442,56.9637],[12.9597,56.97],[12.9561,56.9717],[12.9466,56.9794],[12.911,56.9833],[12.9039,56.9885],[12.8731,57.004],[12.8707,57.0221],[12.892,57.0337],[12.9205,57.0375],[12.9442,57.0453],[12.9608,57.0737],[12.9893,57.0698],[13.0344,57.0608],[13.0557,57.0698],[13.0581,57.0917],[13.0724,57.1085],[13.1264,57.1129],[13.1305,57.1212],[13.1295,57.1486],[13.1354,57.1597],[13.1461,57.1665],[13.1422,57.1744],[13.1388,57.1745],[13.1247,57.175],[13.1111,57.1723],[13.0946,57.1723],[13.081,57.1755],[13.0703,57.1929],[13.0605,57.1965],[12.976,57.1997],[12.9488,57.2039],[12.9488,57.2176],[12.9585,57.2292],[12.9595,57.2407],[12.975,57.2481],[12.9809,57.2576],[12.9779,57.2696],[12.9575,57.2796],[12.906,57.2844],[12.8835,57.2934],[12.844,57.2967],[12.8175,57.2991],[12.8167,57.2991],[12.803,57.2942],[12.7886,57.2963],[12.759,57.2696],[12.7241,57.2556],[12.7074,57.2458],[12.677,57.2425],[12.6633,57.2326],[12.6482,57.2162],[12.6755,57.2055],[12.6785,57.1857],[12.6375,57.1454],[12.6254,57.1298],[12.6192,57.1175],[12.6145,57.0995],[12.6287,57.0904],[12.6192,57.0788],[12.605,57.0672],[12.6311,57.0543],[12.6287,57.0401],[12.6002,57.0375],[12.5789,57.0221],[12.5623,57.0143],[12.5148,57.0337],[12.4603,57.0259],[12.4104,57.013],[12.33,57.0091]]]}},
    {"type":"Feature","properties":{"kod":"1383","namn":"Varberg","lan_kod":"13"},"geometry":{"type":"Polygon","coordinates":[[[12.0914,57.3462],[12.0967,57.3428],[12.1053,57.322],[12.1031,57.2699],[12.1224,57.2247],[12.1782,57.1852],[12.2103,57.141],[12.2382,57.1131],[12.33,57.0091],[12.4104,57.013],[12.4603,57.0259],[12.5148,57.0337],[12.5623,57.0143],[12.5789,57.0221],[12.6002,57.0375],[12.6287,57.0401],[12.6311,57.0543],[12.605,57.0672],[12.6192,57.0788],[12.6287,57.0904],[12.6145,57.0995],[12.6192,57.1175],[12.6254,57.1298],[12.6375,57.1454],[12.6785,57.1857],[12.6755,57.2055],[12.6482,57.2162],[12.6633,57.2326],[12.677,57.2425],[12.7074,57.2458],[12.7241,57.2556],[12.759,57.2696],[12.7886,57.2963],[12.7742,57.2983],[12.7727,57.3073],[12.7605,57.3278],[12.7468,57.3344],[12.7408,57.345],[12.7301,57.3499],[12.6861,57.354],[12.6679,57.3598],[12.639,57.3614],[12.6132,57.3532],[12.6026,57.3459],[12.5813,57.3368],[12.5631,57.3254],[12.5479,57.3098],[12.5267,57.3016],[12.51,57.2975],[12.4902,57.2893],[12.4675,57.2917],[12.4553,57.2999],[12.4523,57.3155],[12.4553,57.3303],[12.4492,57.3377],[12.4249,57.345],[12.4158,57.3549],[12.4169,57.3593],[12.4007,57.3565],[12.3748,57.3549],[12.3673,57.3426],[12.3536,57.3319],[12.3323,57.3254],[12.3247,57.3188],[12.2777,57.3262],[12.2594,57.3377],[12.2352,57.3377],[12.22,57.3262],[12.1942,57.3213],[12.1775,57.3262],[12.1744,57.336],[12.1532,57.3418],[12.1304,57.3467],[12.0914,57.3462]]]}},
    {"type":"Feature","properties":{"kod":"1384","namn":"Kungsbacka","lan_kod":"13"},"geometry":{"type":"Polygon","coordinates":[[[12.4169,57.3593],[12.4187,57.3674],[12.4262,57.3848],[12.4423,57.3972],[12.4477,57.4203],[12.4447,57.4498],[12.4265,57.462],[12.4128,57.462],[12.3855,57.4718],[12.3673,57.4726],[12.3612,57.4783],[12.3688,57.4906],[12.3855,57.502],[12.3688,57.5159],[12.3566,57.5224],[12.3505,57.5354],[12.3536,57.5582],[12.3703,57.568],[12.3703,57.581],[12.3536,57.5876],[12.3399,57.5981],[12.3263,57.6014],[12.3092,57.6052],[12.308,57.6055],[12.2822,57.6022],[12.2579,57.5941],[12.2458,57.5843],[12.2184,57.5802],[12.182,57.5802],[12.138,57.5778],[12.1243,57.5672],[12.1076,57.5631],[12.0636,57.5631],[12.0378,57.5672],[12.0271,57.5737],[12.0234,57.5741],[11.9907,57.577],[11.9122,57.5709],[11.9167,57.5573],[11.9274,57.471],[11.9145,57.4468],[11.9167,57.4283],[11.9317,57.4087],[11.9403,57.3879],[11.9574,57.3706],[11.996,57.3613],[12.0281,57.3683],[12.0303,57.3879],[12.0389,57.4133],[12.0389,57.4364],[12.0624,57.4479],[12.0967,57.4387],[12.101,57.4075],[12.0989,57.381],[12.0839,57.3625],[12.0839,57.3509],[12.0914,57.3462],[12.1304,57.3467],[12.1532,57.3418],[12.1744,57.336],[12.1775,57.3262],[12.1942,57.3213],[12.22,57.3262],[12.2352,57.3377],[12.2594,57.3377],[12.2777,57.3262],[12.3247,57.3188],[12.3323,57.3254],[12.3536,57.3319],[12.3673,57.3426],[12.3748,57.3549],[12.4007,57.3565],[12.4169,57.3593]]]}},
    {"type":"Feature","properties":{"kod":"1401","namn":"Härryda","lan_kod":"14"},"geometry":{"type":"Polygon","coordinates":[[[12.1003,57.694],[12.0948,57.6908],[12.0972,57.6786],[12.1068,57.6658],[12.132,57.642],[12.1476,57.6414],[12.1668,57.6491],[12.1991,57.6516],[12.2195,57.6433],[12.2699,57.6375],[12.2975,57.6292],[12.3055,57.6231],[12.3551,57.6337],[12.3778,57.642],[12.4018,57.6375],[12.4234,57.6311],[12.451,57.6311],[12.475,57.6247],[12.4954,57.6234],[12.5349,57.6317],[12.5841,57.6324],[12.5902,57.6335],[12.5902,57.6581],[12.5785,57.6644],[12.5404,57.7019],[12.5404,57.7191],[12.5199,57.7332],[12.4818,57.7363],[12.4643,57.7472],[12.4643,57.7473],[12.2267,57.7429],[12.2243,57.7369],[12.1991,57.7247],[12.1704,57.7023],[12.144,57.6959],[12.1065,57.6921],[12.1003,57.694]]]}},
    {"type":"Feature","properties":{"kod":"1402","namn":"Partille","lan_kod":"14"},"geometry":{"type":"Polygon","coordinates":[[[12.1,57.6941],[12.1003,57.694],[12.1065,57.6921],[12.144,57.6959],[12.1704,57.7023],[12.1991,57.7247],[12.2243,57.7369],[12.2267,57.7429],[12.2291,57.749],[12.222,57.792],[12.2066,57.7879],[12.1568,57.7832],[12.1276,57.7785],[12.1158,57.7613],[12.0924,57.752],[12.0866,57.7363],[12.0924,57.7144],[12.1012,57.6941],[12.1,57.6941]]]}},
    {"type":"Feature","properties":{"kod":"1407","namn":"Öckerö","lan_kod":"14"},"geometry":{"type":"Polygon","coordinates":[[[11.699,57.7447],[11.6917,57.7536],[11.6801,57.7552],[11.6502,57.7385],[11.6437,57.7256],[11.6335,57.7214],[11.6342,57.7105],[11.6276,57.7023],[11.616,57.6969],[11.6262,57.6891],[11.6429,57.6809],[11.6662,57.6809],[11.6822,57.6922],[11.6924,57.7326],[11.699,57.7447]]]}},
    {"type":"Feature","properties":{"kod":"1415","namn":"Stenungsund","lan_kod":"14"},"geometry":{"type":"Polygon","coordinates":[[[12.0704,58.0359],[12.0622,58.0452],[12.0835,58.0665],[12.0741,58.0778],[12.0741,58.0915],[12.0835,58.1078],[12.0741,58.124],[12.0481,58.1377],[12.0126,58.1527],[11.9983,58.1595],[11.9889,58.1639],[11.8983,58.1614],[11.8417,58.0711],[11.8245,58.0257],[11.8123,57.9724],[11.9096,57.9724],[11.952,57.9749],[11.9837,57.9692],[12.0095,57.9749],[12.017,58.0005],[12.0307,58.0142],[12.0579,58.0238],[12.067,58.035],[12.0704,58.0359]]]}},
    {"type":"Feature","properties":{"kod":"1419","namn":"Tjörn","lan_kod":"14"},"geometry":{"type":"Polygon","coordinates":[[[11.6911,58.069],[11.6461,58.0565],[11.6178,58.0427],[11.5634,58.0427],[11.5161,58.0365],[11.5137,58.019],[11.5232,57.9989],[11.5445,57.9864],[11.5516,57.9713],[11.5516,57.9525],[11.587,57.9337],[11.6154,57.9337],[11.6627,57.9651],[11.684,57.9751],[11.7407,57.9876],[11.7431,58.014],[11.762,58.0252],[11.762,58.039],[11.7407,58.0578],[11.7194,58.0665],[11.6911,58.069]]]}},
    {"type":"Feature","properties":{"kod":"1421","namn":"Orust","lan_kod":"14"},"geometry":{"type":"Polygon","coordinates":[[[11.7265,58.2785],[11.7052,58.2673],[11.6958,58.2511],[11.6792,58.2399],[11.5989,58.2237],[11.5681,58.2088],[11.5539,58.1976],[11.5279,58.1826],[11.4948,58.1801],[11.457,58.1664],[11.4286,58.1465],[11.4215,58.1252],[11.4215,58.1103],[11.4357,58.089],[11.4735,58.0628],[11.4948,58.0603],[11.5516,58.0865],[11.5799,58.0953],[11.6201,58.099],[11.7076,58.104],[11.7454,58.1028],[11.7927,58.1227],[11.8093,58.1352],[11.8282,58.1452],[11.8305,58.1739],[11.8235,58.2275],[11.7785,58.266],[11.7596,58.2747],[11.7265,58.2785]]]}},
    {"type":"Feature","properties":{"kod":"1427","namn":"Sotenäs","lan_kod":"14"},"geometry":{"type":"Polygon","coordinates":[[[11.2973,58.4713],[11.2973,58.4555],[11.2866,58.4387],[11.2673,58.4252],[11.2523,58.4196],[11.2351,58.4005],[11.233,58.3825],[11.2501,58.3668],[11.263,58.3454],[11.308,58.3421],[11.3602,58.3424],[11.3695,58.3542],[11.3955,58.3666],[11.4168,58.3926],[11.4334,58.4075],[11.4665,58.4471],[11.4806,58.4731],[11.4948,58.4879],[11.4806,58.4879],[11.4641,58.5015],[11.4558,58.503],[11.4428,58.5052],[11.4168,58.4904],[11.3506,58.4867],[11.3222,58.4768],[11.2973,58.4713]]]}},
    {"type":"Feature","properties":{"kod":"1430","namn":"Munkedal","lan_kod":"14"},"geometry":{"type":"Polygon","coordinates":[[[11.9194,58.4451],[11.9086,58.5139],[11.8944,58.52],[11.8802,58.5386],[11.8707,58.5793],[11.8839,58.614],[11.9134,58.6371],[11.9356,58.6582],[11.943,58.6889],[11.9319,58.7062],[11.9024,58.7235],[11.8728,58.7369],[11.8691,58.7503],[11.8658,58.7513],[11.8248,58.7637],[11.8063,58.8135],[11.7841,58.8211],[11.7384,58.8182],[11.7407,58.7992],[11.7407,58.7747],[11.736,58.7538],[11.7218,58.7293],[11.7218,58.7084],[11.7029,58.6974],[11.7005,58.6482],[11.6603,58.6408],[11.5847,58.6667],[11.5634,58.6617],[11.5397,58.6371],[11.535,58.6174],[11.5185,58.5977],[11.5043,58.5435],[11.4735,58.5299],[11.4617,58.5163],[11.4558,58.503],[11.4641,58.5015],[11.4806,58.4879],[11.5185,58.4879],[11.5516,58.4941],[11.5847,58.4916],[11.6059,58.4768],[11.6083,58.4434],[11.5928,58.4346],[11.6059,58.4308],[11.6209,58.4095],[11.6305,58.4037],[11.6556,58.4125],[11.7005,58.4372],[11.7194,58.436],[11.7502,58.431],[11.7738,58.436],[11.8045,58.4459],[11.8329,58.4471],[11.8802,58.4385],[11.9109,58.4385],[11.9194,58.4451]]]}},
    {"type":"Feature","properties":{"kod":"1435","namn":"Tanum","lan_kod":"14"},"geometry":{"type":"Polygon","coordinates":[[[11.2231,58.8307],[11.2223,58.8025],[11.2094,58.7958],[11.1901,58.7636],[11.1794,58.7392],[11.1751,58.7202],[11.1794,58.6969],[11.2051,58.6813],[11.2308,58.6579],[11.2415,58.6434],[11.2523,58.5496],[11.2651,58.4936],[11.2887,58.488],[11.2973,58.4757],[11.2973,58.4713],[11.3222,58.4768],[11.3506,58.4867],[11.4168,58.4904],[11.4428,58.5052],[11.4558,58.503],[11.4617,58.5163],[11.4735,58.5299],[11.5043,58.5435],[11.5185,58.5977],[11.535,58.6174],[11.5397,58.6371],[11.5634,58.6617],[11.5847,58.6667],[11.6603,58.6408],[11.7005,58.6482],[11.7029,58.6974],[11.7218,58.7084],[11.7218,58.7293],[11.736,58.7538],[11.7407,58.7747],[11.7407,58.7992],[11.7384,58.8182],[11.7336,58.8567],[11.7194,58.8738],[11.6981,58.8872],[11.684,58.9019],[11.6636,58.9102],[11.6616,58.9067],[11.6445,58.9012],[11.533,58.8846],[11.4966,58.8834],[11.4816,58.8846],[11.4777,58.8863],[11.4546,58.8689],[11.405,58.8494],[11.3884,58.8555],[11.353,58.8604],[11.3364,58.8432],[11.2797,58.842],[11.2466,58.8322],[11.2231,58.8307]]]}},
    {"type":"Feature","properties":{"kod":"1438","namn":"Dals-Ed","lan_kod":"14"},"geometry":{"type":"Polygon","coordinates":[[[11.8432,59.2414],[11.8267,59.2273],[11.7967,59.1933],[11.7881,59.1537],[11.7859,59.0899],[11.7388,59.036],[11.7152,59.0238],[11.7045,58.9907],[11.7024,58.9686],[11.6916,58.9443],[11.6723,58.9255],[11.6636,58.9102],[11.684,58.9019],[11.6981,58.8872],[11.7194,58.8738],[11.7336,58.8567],[11.7384,58.8182],[11.7841,58.8211],[11.8063,58.8135],[11.8248,58.7637],[11.8658,58.7513],[11.8802,58.76],[11.8944,58.7783],[11.9109,58.7894],[11.9298,58.7943],[11.9724,58.7992],[12.015,58.8004],[12.0202,58.8031],[12.0315,58.809],[12.0551,58.8212],[12.0859,58.8445],[12.1143,58.8445],[12.1355,58.8555],[12.1237,58.8787],[12.1213,58.9166],[12.1119,58.9251],[12.1213,58.941],[12.1686,58.9617],[12.1734,58.9861],[12.1568,58.9946],[12.1473,59.0202],[12.1166,59.0384],[12.0717,59.0445],[12.0481,59.0591],[12.0268,59.0639],[12.022,59.0822],[12.0031,59.0992],[12.015,59.1101],[12.0126,59.1283],[11.9984,59.1356],[11.9819,59.1501],[11.9606,59.1598],[11.9346,59.1683],[11.9015,59.1683],[11.8707,59.1853],[11.8636,59.1937],[11.8447,59.2034],[11.8636,59.2119],[11.8707,59.2276],[11.8707,59.2354],[11.8697,59.2357],[11.8432,59.2414]]]}},
    {"type":"Feature","properties":{"kod":"1439","namn":"Färgelanda","lan_kod":"14"},"geometry":{"type":"Polygon","coordinates":[[[12.1056,58.4518],[12.1199,58.4974],[12.1411,58.5076],[12.1472,58.5187],[12.1441,58.5456],[12.1592,58.594],[12.1828,58.6224],[12.2041,58.6334],[12.2135,58.6445],[12.2144,58.6495],[12.2159,58.6593],[12.2466,58.6875],[12.2608,58.706],[12.2375,58.7287],[12.2249,58.7377],[12.2326,58.7563],[12.2319,58.7638],[12.1994,58.7722],[12.1875,58.7857],[12.1663,58.7992],[12.1473,58.8004],[12.1237,58.7906],[12.0906,58.7833],[12.0362,58.7845],[12.0268,58.7894],[12.0202,58.8031],[12.015,58.8004],[11.9724,58.7992],[11.9298,58.7943],[11.9109,58.7894],[11.8944,58.7783],[11.8802,58.76],[11.8658,58.7513],[11.8691,58.7503],[11.8728,58.7369],[11.9024,58.7235],[11.9319,58.7062],[11.943,58.6889],[11.9356,58.6582],[11.9134,58.6371],[11.8839,58.614],[11.8707,58.5793],[11.8802,58.5386],[11.8944,58.52],[11.9086,58.5139],[11.9194,58.4451],[11.9251,58.4496],[11.9889,58.4521],[12.0126,58.4595],[12.0599,58.4558],[12.0953,58.4558],[12.1056,58.4518]]]}},
    {"type":"Feature","properties":{"kod":"1440","namn":"Ale","lan_kod":"14"},"geometry":{"type":"Polygon","coordinates":[[[12.0168,57.8697],[12.0309,57.8456],[12.0514,57.8284],[12.069,57.8331],[12.0807,57.8471],[12.1188,57.8627],[12.148,57.8705],[12.1838,57.8705],[12.1926,57.8792],[12.2395,57.8841],[12.2652,57.8945],[12.2939,57.8977],[12.3197,57.9042],[12.3302,57.9138],[12.3287,57.9307],[12.3484,57.9564],[12.3484,57.9733],[12.3696,57.9869],[12.373,57.986],[12.3869,57.9951],[12.4407,58.0077],[12.4589,58.0166],[12.4528,58.0454],[12.4528,58.0734],[12.4604,58.087],[12.48,58.103],[12.4718,58.1127],[12.4664,58.119],[12.4362,58.123],[12.4166,58.1204],[12.3938,58.1174],[12.3545,58.0934],[12.3257,58.0814],[12.2455,58.0342],[12.2137,58.0278],[12.1331,58.024],[12.1335,58.0238],[12.1487,58.0158],[12.1547,57.9973],[12.1502,57.9781],[12.1093,57.9588],[12.1018,57.9436],[12.076,57.9227],[12.076,57.9066],[12.067,57.8945],[12.0488,57.8825],[12.0168,57.8697]]]}},
    {"type":"Feature","properties":{"kod":"1441","namn":"Lerum","lan_kod":"14"},"geometry":{"type":"Polygon","coordinates":[[[12.2267,57.7429],[12.4643,57.7473],[12.4643,57.7472],[12.4942,57.7714],[12.5194,57.7823],[12.5224,57.7814],[12.5224,57.7971],[12.4952,57.8148],[12.48,57.8221],[12.4664,57.8479],[12.4679,57.8817],[12.4619,57.8929],[12.4377,57.901],[12.4346,57.9138],[12.4346,57.9419],[12.4089,57.9508],[12.4014,57.9612],[12.4014,57.9789],[12.373,57.986],[12.3696,57.9869],[12.3484,57.9733],[12.3484,57.9564],[12.3287,57.9307],[12.3302,57.9138],[12.3197,57.9042],[12.2939,57.8977],[12.2652,57.8945],[12.2395,57.8841],[12.1926,57.8792],[12.1838,57.8705],[12.1861,57.8705],[12.2095,57.858],[12.2212,57.8393],[12.2505,57.8222],[12.2593,57.8128],[12.2417,57.7972],[12.222,57.792],[12.2291,57.749],[12.2267,57.7429]]]}},
    {"type":"Feature","properties":{"kod":"1442","namn":"Vårgårda","lan_kod":"14"},"geometry":{"type":"Polygon","coordinates":[[[12.9583,57.9511],[12.9914,57.9663],[13.0032,57.9851],[13.0079,58.0052],[13.0221,58.014],[12.9937,58.054],[12.9559,58.059],[12.9181,58.0603],[12.885,58.084],[12.8826,58.094],[12.8897,58.1028],[12.9323,58.114],[12.937,58.1277],[12.9336,58.1286],[12.9134,58.134],[12.8661,58.1352],[12.8424,58.119],[12.7904,58.1165],[12.7491,58.1182],[12.7507,58.1141],[12.7439,58.1079],[12.7149,58.0982],[12.6703,58.0875],[12.6374,58.0711],[12.6142,58.0547],[12.5909,58.0244],[12.5851,58.0091],[12.5929,57.9962],[12.6577,57.9834],[12.6829,57.9629],[12.6945,57.9428],[12.6965,57.9253],[12.6965,57.9073],[12.682,57.8862],[12.6911,57.8713],[12.7004,57.8775],[12.7136,57.88],[12.7892,57.8819],[12.7993,57.8808],[12.8005,57.8824],[12.8642,57.8864],[12.8811,57.8993],[12.8942,57.9163],[12.9186,57.9381],[12.9485,57.9511],[12.9583,57.9511]]]}},
    {"type":"Feature","properties":{"kod":"1443","namn":"Bollebygd","lan_kod":"14"},"geometry":{"type":"Polygon","coordinates":[[[12.6778,57.6506],[12.6937,57.6656],[12.7199,57.6786],[12.7836,57.6996],[12.7986,57.7086],[12.8005,57.7176],[12.7537,57.7406],[12.748,57.7606],[12.7499,57.7696],[12.7593,57.7796],[12.7612,57.8006],[12.7537,57.8096],[12.7405,57.8196],[12.7462,57.8286],[12.7836,57.8425],[12.7911,57.8555],[12.7911,57.8704],[12.7993,57.8808],[12.7892,57.8819],[12.7136,57.88],[12.7004,57.8775],[12.6911,57.8713],[12.6861,57.8679],[12.6753,57.8596],[12.6501,57.8494],[12.6345,57.8379],[12.6333,57.8251],[12.6225,57.813],[12.6057,57.8072],[12.5853,57.7938],[12.5709,57.7887],[12.5589,57.7798],[12.5349,57.7778],[12.5224,57.7814],[12.5194,57.7823],[12.4942,57.7714],[12.4643,57.7472],[12.4818,57.7363],[12.5199,57.7332],[12.5404,57.7191],[12.5404,57.7019],[12.5785,57.6644],[12.5902,57.6581],[12.5902,57.6335],[12.6165,57.6382],[12.6741,57.6516],[12.6778,57.6506]]]}},
    {"type":"Feature","properties":{"kod":"1444","namn":"Grästorp","lan_kod":"14"},"geometry":{"type":"Polygon","coordinates":[[[12.8784,58.4018],[12.8708,58.4137],[12.8921,58.4335],[12.8873,58.4422],[12.8401,58.4335],[12.7951,58.431],[12.7715,58.4162],[12.7313,58.4137],[12.6935,58.4149],[12.6656,58.4233],[12.6177,58.3936],[12.5875,58.3833],[12.5267,58.3785],[12.4823,58.363],[12.5218,58.3217],[12.5532,58.3222],[12.5725,58.3171],[12.5948,58.3059],[12.6113,58.2972],[12.6132,58.2896],[12.6006,58.2789],[12.587,58.2697],[12.5783,58.2596],[12.5735,58.2478],[12.5764,58.2376],[12.5802,58.2362],[12.606,58.2387],[12.6509,58.2412],[12.6651,58.2548],[12.6864,58.2586],[12.7124,58.2685],[12.7148,58.2959],[12.7408,58.2934],[12.7786,58.2847],[12.7999,58.2884],[12.8141,58.2921],[12.8526,58.2903],[12.8519,58.2934],[12.8661,58.3058],[12.8566,58.3157],[12.8401,58.3269],[12.8235,58.3381],[12.8401,58.3778],[12.859,58.3976],[12.8784,58.4018]]]}},
    {"type":"Feature","properties":{"kod":"1445","namn":"Essunga","lan_kod":"14"},"geometry":{"type":"Polygon","coordinates":[[[12.7491,58.1182],[12.7904,58.1165],[12.8424,58.119],[12.8661,58.1352],[12.9134,58.134],[12.9336,58.1286],[12.963,58.1297],[12.963,58.1539],[12.9204,58.1751],[12.9063,58.1864],[12.9039,58.1951],[12.9228,58.2075],[12.9063,58.2175],[12.8708,58.2287],[12.8495,58.2337],[12.833,58.2449],[12.8424,58.2548],[12.8755,58.2685],[12.8543,58.2834],[12.8526,58.2903],[12.8141,58.2921],[12.7999,58.2884],[12.7786,58.2847],[12.7408,58.2934],[12.7148,58.2959],[12.7124,58.2685],[12.6864,58.2586],[12.6651,58.2548],[12.6509,58.2412],[12.606,58.2387],[12.5802,58.2362],[12.58,58.2362],[12.5818,58.2055],[12.6045,58.2122],[12.6335,58.2101],[12.6606,58.2025],[12.7091,58.1994],[12.7294,58.1912],[12.7401,58.181],[12.7401,58.1693],[12.7246,58.158],[12.7207,58.1458],[12.7352,58.1361],[12.7468,58.1243],[12.7491,58.1182]]]}},
    {"type":"Feature","properties":{"kod":"1446","namn":"Karlsborg","lan_kod":"14"},"geometry":{"type":"Polygon","coordinates":[[[14.5449,58.3939],[14.5457,58.3955],[14.6629,58.5236],[14.7844,58.6565],[14.7837,58.6563],[14.7208,58.7062],[14.7276,58.7138],[14.7248,58.7617],[14.7031,58.7613],[14.6601,58.7605],[14.6457,58.7542],[14.6373,58.7331],[14.6421,58.7138],[14.6289,58.7032],[14.5917,58.7057],[14.5833,58.7113],[14.5845,58.7244],[14.5761,58.7381],[14.5509,58.748],[14.5234,58.7393],[14.5126,58.7486],[14.5054,58.7903],[14.4994,58.8046],[14.4634,58.8176],[14.442,58.8198],[14.4265,58.8004],[14.4194,58.7685],[14.3815,58.7465],[14.339,58.744],[14.313,58.7391],[14.2941,58.7256],[14.2917,58.7133],[14.3082,58.7035],[14.3177,58.6851],[14.3035,58.6654],[14.2988,58.6531],[14.3012,58.6421],[14.3224,58.6359],[14.3626,58.631],[14.3721,58.599],[14.3698,58.5747],[14.3674,58.5497],[14.3815,58.5336],[14.4075,58.5114],[14.4028,58.4966],[14.3224,58.4471],[14.3201,58.436],[14.3274,58.4244],[14.3319,58.4261],[14.4241,58.429],[14.4253,58.4298],[14.4304,58.4261],[14.5446,58.3938],[14.5447,58.3939],[14.5449,58.3939]]]}},
    {"type":"Feature","properties":{"kod":"1447","namn":"Gullspång","lan_kod":"14"},"geometry":{"type":"Polygon","coordinates":[[[13.6027,59.0219],[13.8344,58.97],[13.875,58.9586],[13.8935,58.9395],[13.9341,58.9185],[13.9969,58.9128],[14.0375,58.9109],[14.0782,58.9128],[14.1299,58.9109],[14.1705,58.8995],[14.1742,58.8689],[14.1631,58.8422],[14.1594,58.8211],[14.1745,58.8114],[14.1948,58.8151],[14.235,58.8273],[14.2728,58.8445],[14.3437,58.8481],[14.4208,58.8581],[14.4058,58.8747],[14.4238,58.8995],[14.3818,58.9224],[14.3423,58.9527],[14.3195,58.9768],[14.3231,58.9935],[14.3317,59.0047],[14.3327,59.0059],[14.3223,59.0303],[14.3025,59.0373],[14.2457,59.056],[14.2109,59.0598],[14.1686,59.0687],[14.1164,59.0738],[14.0866,59.0662],[14.0792,59.0669],[14.0221,59.0359],[13.6027,59.0219]]]}},
    {"type":"Feature","properties":{"kod":"1452","namn":"Tranemo","lan_kod":"14"},"geometry":{"type":"Polygon","coordinates":[[[13.7254,57.5826],[13.7242,57.5958],[13.7242,57.6108],[13.7077,57.6214],[13.7077,57.639],[13.7176,57.6513],[13.7538,57.676],[13.7637,57.6954],[13.7533,57.7023],[13.7204,57.7035],[13.694,57.6988],[13.6764,57.6753],[13.6325,57.6722],[13.5857,57.6879],[13.5564,57.6832],[13.5037,57.644],[13.451,57.6377],[13.4217,57.6409],[13.3895,57.6471],[13.369,57.6409],[13.3573,57.6518],[13.3427,57.6769],[13.3313,57.6967],[13.3309,57.6972],[13.2899,57.6879],[13.249,57.6722],[13.2349,57.6692],[13.2372,57.6628],[13.2343,57.6346],[13.2226,57.6268],[13.205,57.6017],[13.1845,57.5875],[13.1787,57.575],[13.167,57.5609],[13.205,57.5546],[13.2314,57.5546],[13.2548,57.5624],[13.2841,57.5609],[13.2987,57.553],[13.2987,57.52],[13.2899,57.5058],[13.2695,57.4933],[13.2548,57.4807],[13.2519,57.4665],[13.2695,57.4492],[13.2636,57.4318],[13.249,57.4098],[13.2724,57.3908],[13.2929,57.383],[13.2929,57.3545],[13.2665,57.3308],[13.3318,57.3171],[13.3339,57.3292],[13.3971,57.3457],[13.4161,57.3565],[13.4467,57.3673],[13.4635,57.3815],[13.4867,57.3895],[13.5046,57.4014],[13.532,57.4258],[13.5436,57.4434],[13.5932,57.4802],[13.6258,57.5108],[13.648,57.5397],[13.7258,57.5781],[13.7254,57.5826]]]}},
    {"type":"Feature","properties":{"kod":"1460","namn":"Bengtsfors","lan_kod":"14"},"geometry":{"type":"Polygon","coordinates":[[[11.8707,59.2354],[11.8707,59.2276],[11.8636,59.2119],[11.8447,59.2034],[11.8636,59.1937],[11.8707,59.1853],[11.9015,59.1683],[11.9346,59.1683],[11.9606,59.1598],[11.9819,59.1501],[11.9984,59.1356],[12.0126,59.1283],[12.015,59.1101],[12.0031,59.0992],[12.022,59.0822],[12.0268,59.0639],[12.0481,59.0591],[12.0717,59.0445],[12.1166,59.0384],[12.1473,59.0202],[12.1568,58.9946],[12.1734,58.9861],[12.1686,58.9617],[12.1213,58.941],[12.1119,58.9251],[12.1213,58.9166],[12.1237,58.8787],[12.1355,58.8555],[12.1143,58.8445],[12.0859,58.8445],[12.0551,58.8212],[12.0315,58.809],[12.0202,58.8031],[12.0268,58.7894],[12.0362,58.7845],[12.0906,58.7833],[12.1237,58.7906],[12.1473,58.8004],[12.1663,58.7992],[12.1875,58.7857],[12.1994,58.7722],[12.2319,58.7638],[12.2325,58.7636],[12.2537,58.7759],[12.2821,58.7796],[12.2892,58.7931],[12.2845,58.809],[12.2774,58.8163],[12.2656,58.8224],[12.2561,58.8359],[12.2656,58.853],[12.2963,58.8616],[12.3365,58.8628],[12.3696,58.8567],[12.3885,58.8604],[12.4192,58.8518],[12.4476,58.8616],[12.449,58.8628],[12.4642,58.8763],[12.4689,58.8946],[12.4689,58.9178],[12.4831,58.9288],[12.4878,58.9385],[12.4736,58.9532],[12.4429,58.969],[12.4334,58.9861],[12.4405,59.0104],[12.45,59.0396],[12.4358,59.0579],[12.4547,59.0688],[12.4571,59.0894],[12.4712,59.104],[12.4854,59.1344],[12.4906,59.1401],[12.4836,59.1593],[12.4637,59.1797],[12.4624,59.1798],[12.414,59.1835],[12.3966,59.1835],[12.3419,59.1924],[12.3246,59.1988],[12.2873,59.2039],[12.2724,59.2141],[12.2599,59.2573],[12.2425,59.2611],[12.2077,59.2522],[12.168,59.2522],[12.1406,59.2598],[12.1208,59.2484],[12.1332,59.2204],[12.1257,59.1962],[12.086,59.1899],[12.0189,59.2217],[11.994,59.2382],[11.9642,59.2395],[11.9443,59.228],[11.8996,59.228],[11.8707,59.2354]]]}},
    {"type":"Feature","properties":{"kod":"1461","namn":"Mellerud","lan_kod":"14"},"geometry":{"type":"Polygon","coordinates":[[[12.2319,58.7638],[12.2326,58.7563],[12.2249,58.7377],[12.2375,58.7287],[12.2608,58.706],[12.2466,58.6875],[12.2159,58.6593],[12.2144,58.6495],[12.3346,58.6197],[12.4158,58.5909],[12.4602,58.5909],[12.4971,58.5813],[12.5377,58.5639],[12.5747,58.5524],[12.6338,58.5234],[12.6892,58.5331],[12.7679,58.5499],[12.7705,58.5504],[12.848,58.6505],[12.899,58.747],[12.5739,58.8114],[12.5602,58.82],[12.5557,58.8302],[12.536,58.8388],[12.4967,58.831],[12.4891,58.8553],[12.4634,58.8615],[12.449,58.8628],[12.4476,58.8616],[12.4192,58.8518],[12.3885,58.8604],[12.3696,58.8567],[12.3365,58.8628],[12.2963,58.8616],[12.2656,58.853],[12.2561,58.8359],[12.2656,58.8224],[12.2774,58.8163],[12.2845,58.809],[12.2892,58.7931],[12.2821,58.7796],[12.2537,58.7759],[12.2325,58.7636],[12.2319,58.7638]]]}},
    {"type":"Feature","properties":{"kod":"1462","namn":"Lilla Edet","lan_kod":"14"},"geometry":{"type":"Polygon","coordinates":[[[12.1331,58.024],[12.2137,58.0278],[12.2455,58.0342],[12.3257,58.0814],[12.3545,58.0934],[12.3938,58.1174],[12.4166,58.1204],[12.4003,58.129],[12.2868,58.134],[12.2396,58.1427],[12.2065,58.1564],[12.197,58.1726],[12.2041,58.2038],[12.1923,58.215],[12.1994,58.2312],[12.2135,58.2399],[12.2372,58.2586],[12.2466,58.2723],[12.2301,58.2822],[12.1899,58.2884],[12.1804,58.2971],[12.171,58.3108],[12.1569,58.3231],[12.1568,58.3232],[12.1355,58.317],[12.1332,58.2859],[12.0859,58.2511],[12.0386,58.1976],[12.0102,58.1739],[11.9983,58.1595],[12.0126,58.1527],[12.0481,58.1377],[12.0741,58.124],[12.0835,58.1078],[12.0741,58.0915],[12.0741,58.0778],[12.0835,58.0665],[12.0622,58.0452],[12.0704,58.0359],[12.0881,58.0406],[12.1199,58.031],[12.1331,58.024]]]}},
    {"type":"Feature","properties":{"kod":"1463","namn":"Mark","lan_kod":"14"},"geometry":{"type":"Polygon","coordinates":[[[12.4169,57.3593],[12.4158,57.3549],[12.4249,57.345],[12.4492,57.3377],[12.4553,57.3303],[12.4523,57.3155],[12.4553,57.2999],[12.4675,57.2917],[12.4902,57.2893],[12.51,57.2975],[12.5267,57.3016],[12.5479,57.3098],[12.5631,57.3254],[12.5813,57.3368],[12.6026,57.3459],[12.6132,57.3532],[12.639,57.3614],[12.6679,57.3598],[12.6861,57.354],[12.7301,57.3499],[12.7408,57.345],[12.7468,57.3344],[12.7605,57.3278],[12.7727,57.3073],[12.7742,57.2983],[12.7886,57.2963],[12.803,57.2942],[12.8167,57.2991],[12.8175,57.2991],[12.8432,57.3138],[12.8504,57.3281],[12.8528,57.3397],[12.8659,57.3481],[12.8875,57.3553],[12.8983,57.3617],[12.9043,57.3805],[12.9055,57.396],[12.9175,57.4102],[12.9271,57.4283],[12.9271,57.4515],[12.9151,57.4689],[12.8971,57.4747],[12.8935,57.4909],[12.9211,57.5153],[12.9283,57.5244],[12.9547,57.536],[12.9727,57.5559],[12.9823,57.5701],[12.9823,57.5823],[12.9559,57.5829],[12.9403,57.5778],[12.9079,57.5823],[12.8336,57.6093],[12.8096,57.5958],[12.752,57.5797],[12.7196,57.5823],[12.6968,57.5913],[12.6741,57.5971],[12.6729,57.6093],[12.6968,57.6362],[12.6921,57.6465],[12.6778,57.6506],[12.6741,57.6516],[12.6165,57.6382],[12.5902,57.6335],[12.5841,57.6324],[12.5349,57.6317],[12.4954,57.6234],[12.475,57.6247],[12.451,57.6311],[12.4234,57.6311],[12.4018,57.6375],[12.3778,57.642],[12.3551,57.6337],[12.3055,57.6231],[12.3119,57.6183],[12.3092,57.6052],[12.3263,57.6014],[12.3399,57.5981],[12.3536,57.5876],[12.3703,57.581],[12.3703,57.568],[12.3536,57.5582],[12.3505,57.5354],[12.3566,57.5224],[12.3688,57.5159],[12.3855,57.502],[12.3688,57.4906],[12.3612,57.4783],[12.3673,57.4726],[12.3855,57.4718],[12.4128,57.462],[12.4265,57.462],[12.4447,57.4498],[12.4477,57.4203],[12.4423,57.3972],[12.4262,57.3848],[12.4187,57.3674],[12.4169,57.3593]]]}},
    {"type":"Feature","properties":{"kod":"1465","namn":"Svenljunga","lan_kod":"14"},"geometry":{"type":"Polygon","coordinates":[[[13.1388,57.1745],[13.1599,57.1872],[13.1747,57.1929],[13.1937,57.2164],[13.2021,57.2312],[13.2169,57.242],[13.2232,57.2546],[13.2337,57.2665],[13.2474,57.2734],[13.2769,57.2768],[13.2991,57.2854],[13.3307,57.3104],[13.3318,57.3171],[13.2665,57.3308],[13.2929,57.3545],[13.2929,57.383],[13.2724,57.3908],[13.249,57.4098],[13.2636,57.4318],[13.2695,57.4492],[13.2519,57.4665],[13.2548,57.4807],[13.2695,57.4933],[13.2899,57.5058],[13.2987,57.52],[13.2987,57.553],[13.2841,57.5609],[13.2548,57.5624],[13.2314,57.5546],[13.205,57.5546],[13.167,57.5609],[13.1787,57.575],[13.1845,57.5875],[13.205,57.6017],[13.2226,57.6268],[13.2343,57.6346],[13.2372,57.6628],[13.2349,57.6692],[13.2285,57.6863],[13.2109,57.691],[13.1699,57.6879],[13.1494,57.6691],[13.1406,57.6487],[13.1113,57.6315],[13.0616,57.6158],[13.0264,57.5923],[12.9823,57.5789],[12.9823,57.5701],[12.9727,57.5559],[12.9547,57.536],[12.9283,57.5244],[12.9211,57.5153],[12.8935,57.4909],[12.8971,57.4747],[12.9151,57.4689],[12.9271,57.4515],[12.9271,57.4283],[12.9175,57.4102],[12.9055,57.396],[12.9043,57.3805],[12.8983,57.3617],[12.8875,57.3553],[12.8659,57.3481],[12.8528,57.3397],[12.8504,57.3281],[12.8432,57.3138],[12.8175,57.2991],[12.844,57.2967],[12.8835,57.2934],[12.906,57.2844],[12.9575,57.2796],[12.9779,57.2696],[12.9809,57.2576],[12.975,57.2481],[12.9595,57.2407],[12.9585,57.2292],[12.9488,57.2176],[12.9488,57.2039],[12.976,57.1997],[13.0605,57.1965],[13.0703,57.1929],[13.081,57.1755],[13.0946,57.1723],[13.1111,57.1723],[13.1247,57.175],[13.1388,57.1745]]]}},
    {"type":"Feature","properties":{"kod":"1466","namn":"Herrljunga","lan_kod":"14"},"geometry":{"type":"Polygon","coordinates":[[[13.4057,57.9968],[13.4098,58.0089],[13.3933,58.0277],[13.3697,58.0365],[13.3484,58.054],[13.346,58.0965],[13.3413,58.1078],[13.3035,58.1115],[13.242,58.1028],[13.2325,58.1152],[13.239,58.1365],[13.0458,58.1327],[12.963,58.1297],[12.9336,58.1286],[12.937,58.1277],[12.9323,58.114],[12.8897,58.1028],[12.8826,58.094],[12.885,58.084],[12.9181,58.0603],[12.9559,58.059],[12.9937,58.054],[13.0221,58.014],[13.0079,58.0052],[13.0032,57.9851],[12.9914,57.9663],[12.9583,57.9511],[12.9654,57.9511],[12.9804,57.9401],[13.0029,57.9302],[13.0085,57.9212],[13.0441,57.9153],[13.0647,57.9182],[13.1153,57.9173],[13.1557,57.9078],[13.1809,57.9133],[13.239,57.9232],[13.2577,57.9352],[13.2784,57.9551],[13.3008,57.966],[13.3552,57.9739],[13.3852,57.9869],[13.402,57.9968],[13.4057,57.9968]]]}},
    {"type":"Feature","properties":{"kod":"1470","namn":"Vara","lan_kod":"14"},"geometry":{"type":"Polygon","coordinates":[[[13.4299,58.2974],[13.3758,58.3127],[13.2911,58.3309],[13.2805,58.3436],[13.2744,58.3587],[13.2563,58.3683],[13.2353,58.3726],[13.2183,58.3679],[13.1947,58.3517],[13.1403,58.3629],[13.0859,58.3679],[13.0599,58.3579],[13.0339,58.3406],[13.0127,58.343],[13.0056,58.3555],[13.0079,58.3716],[12.9866,58.3852],[12.9583,58.3988],[12.9299,58.405],[12.8873,58.4038],[12.8784,58.4018],[12.859,58.3976],[12.8401,58.3778],[12.8235,58.3381],[12.8401,58.3269],[12.8566,58.3157],[12.8661,58.3058],[12.8519,58.2934],[12.8526,58.2903],[12.8543,58.2834],[12.8755,58.2685],[12.8424,58.2548],[12.833,58.2449],[12.8495,58.2337],[12.8708,58.2287],[12.9063,58.2175],[12.9228,58.2075],[12.9039,58.1951],[12.9063,58.1864],[12.9204,58.1751],[12.963,58.1539],[12.963,58.1297],[13.0458,58.1327],[13.239,58.1365],[13.242,58.1465],[13.2633,58.1751],[13.2727,58.1988],[13.3011,58.2138],[13.3413,58.2175],[13.3578,58.2275],[13.372,58.2412],[13.4193,58.2723],[13.4288,58.2971],[13.4299,58.2974]]]}},
    {"type":"Feature","properties":{"kod":"1471","namn":"Götene","lan_kod":"14"},"geometry":{"type":"Polygon","coordinates":[[[13.4165,58.7356],[13.3342,58.6593],[13.2514,58.5879],[13.2467,58.5373],[13.3011,58.5077],[13.32,58.5065],[13.3507,58.4953],[13.3578,58.4681],[13.3744,58.4607],[13.3914,58.4563],[13.3924,58.457],[13.4197,58.4546],[13.4469,58.4578],[13.4696,58.4673],[13.5014,58.4752],[13.568,58.4792],[13.5982,58.4863],[13.627,58.4903],[13.6587,58.4926],[13.6691,58.4962],[13.6678,58.4966],[13.6603,58.5061],[13.6648,58.5219],[13.6845,58.5345],[13.7072,58.5582],[13.7329,58.5645],[13.7379,58.5661],[13.7162,58.5774],[13.6866,58.587],[13.6534,58.5928],[13.6312,58.6005],[13.6349,58.6197],[13.6497,58.6294],[13.6571,58.6371],[13.6349,58.6524],[13.6201,58.6601],[13.6312,58.6736],[13.646,58.6793],[13.646,58.6889],[13.6238,58.7139],[13.5943,58.7331],[13.415,58.7401],[13.4182,58.7357],[13.4165,58.7356]]]}},
    {"type":"Feature","properties":{"kod":"1472","namn":"Tibro","lan_kod":"14"},"geometry":{"type":"Polygon","coordinates":[[[14.3274,58.4244],[14.3201,58.436],[14.3224,58.4471],[14.4028,58.4966],[14.4075,58.5114],[14.3815,58.5336],[14.3674,58.5497],[14.3698,58.5747],[14.3153,58.562],[14.2988,58.5534],[14.2633,58.5423],[14.2255,58.5398],[14.1954,58.5337],[14.1593,58.4953],[14.1522,58.4793],[14.1049,58.4657],[14.0978,58.4496],[14.1049,58.4385],[14.1073,58.4248],[14.1617,58.4001],[14.1819,58.3863],[14.1995,58.3877],[14.2113,58.3827],[14.2444,58.3815],[14.2846,58.384],[14.2941,58.4013],[14.3082,58.4174],[14.3274,58.4244]]]}},
    {"type":"Feature","properties":{"kod":"1473","namn":"Töreboda","lan_kod":"14"},"geometry":{"type":"Polygon","coordinates":[[[14.442,58.8198],[14.4394,58.8201],[14.431,58.8276],[14.4142,58.8313],[14.4046,58.8443],[14.4214,58.8573],[14.4208,58.8581],[14.3437,58.8481],[14.2728,58.8445],[14.235,58.8273],[14.1948,58.8151],[14.1745,58.8114],[14.1546,58.8077],[14.1144,58.7992],[14.0576,58.798],[14.0387,58.7845],[14.0789,58.7747],[14.0718,58.7575],[14.0411,58.7317],[14.0127,58.7232],[13.982,58.7182],[13.9654,58.706],[13.9773,58.7011],[13.9985,58.6826],[13.9796,58.6691],[13.982,58.6519],[13.9418,58.6224],[13.9725,58.6088],[13.9741,58.6089],[14.0056,58.6113],[14.0387,58.6113],[14.0718,58.6076],[14.0931,58.594],[14.1049,58.5657],[14.1404,58.5349],[14.1948,58.5336],[14.1954,58.5337],[14.2255,58.5398],[14.2633,58.5423],[14.2988,58.5534],[14.3153,58.562],[14.3698,58.5747],[14.3721,58.599],[14.3626,58.631],[14.3224,58.6359],[14.3012,58.6421],[14.2988,58.6531],[14.3035,58.6654],[14.3177,58.6851],[14.3082,58.7035],[14.2917,58.7133],[14.2941,58.7256],[14.313,58.7391],[14.339,58.744],[14.3815,58.7465],[14.4194,58.7685],[14.4265,58.8004],[14.442,58.8198]]]}},
    {"type":"Feature","properties":{"kod":"1480","namn":"Göteborg","lan_kod":"14"},"geometry":{"type":"Polygon","coordinates":[[[12.0234,57.5741],[12.0251,57.5938],[12.0192,57.6189],[12.0017,57.6377],[11.9899,57.6581],[11.9899,57.6832],[12.0192,57.6925],[12.0719,57.6941],[12.1012,57.6941],[12.0924,57.7144],[12.0866,57.7363],[12.0924,57.752],[12.1158,57.7613],[12.1276,57.7785],[12.1568,57.7832],[12.2066,57.7879],[12.222,57.792],[12.2417,57.7972],[12.2593,57.8128],[12.2505,57.8222],[12.2212,57.8393],[12.2095,57.858],[12.1861,57.8705],[12.148,57.8705],[12.1188,57.8627],[12.0807,57.8471],[12.069,57.8331],[12.0514,57.8284],[12.0309,57.8456],[12.0168,57.8697],[12.0163,57.8705],[11.987,57.8674],[11.9489,57.8534],[11.8816,57.816],[11.8494,57.8019],[11.8095,57.7899],[11.8031,57.7671],[11.7645,57.7488],[11.7281,57.7225],[11.7259,57.7053],[11.7495,57.695],[11.8267,57.6859],[11.8502,57.6744],[11.876,57.6285],[11.9038,57.5964],[11.9122,57.5709],[11.9907,57.577],[12.0234,57.5741]]]}},
    {"type":"Feature","properties":{"kod":"1481","namn":"Mölndal","lan_kod":"14"},"geometry":{"type":"Polygon","coordinates":[[[12.3092,57.6052],[12.3119,57.6183],[12.3055,57.6231],[12.2975,57.6292],[12.2699,57.6375],[12.2195,57.6433],[12.1991,57.6516],[12.1668,57.6491],[12.1476,57.6414],[12.132,57.642],[12.1068,57.6658],[12.0972,57.6786],[12.0948,57.6908],[12.1003,57.694],[12.1,57.6941],[12.0719,57.6941],[12.0192,57.6925],[11.9899,57.6832],[11.9899,57.6581],[12.0017,57.6377],[12.0192,57.6189],[12.0251,57.5938],[12.0234,57.5741],[12.0271,57.5737],[12.0378,57.5672],[12.0636,57.5631],[12.1076,57.5631],[12.1243,57.5672],[12.138,57.5778],[12.182,57.5802],[12.2184,57.5802],[12.2458,57.5843],[12.2579,57.5941],[12.2822,57.6022],[12.308,57.6055],[12.3092,57.6052]]]}},
    {"type":"Feature","properties":{"kod":"1482","namn":"Kungälv","lan_kod":"14"},"geometry":{"type":"Polygon","coordinates":[[[11.987,57.8674],[12.0163,57.8705],[12.0168,57.8697],[12.0488,57.8825],[12.067,57.8945],[12.076,57.9066],[12.076,57.9227],[12.1018,57.9436],[12.1093,57.9588],[12.1502,57.9781],[12.1547,57.9973],[12.1487,58.0158],[12.1335,58.0238],[12.1331,58.024],[12.1199,58.031],[12.0881,58.0406],[12.0704,58.0359],[12.067,58.035],[12.0579,58.0238],[12.0307,58.0142],[12.017,58.0005],[12.0095,57.9749],[11.9837,57.9692],[11.952,57.9749],[11.9096,57.9724],[11.8123,57.9724],[11.7752,57.9473],[11.7238,57.8927],[11.7024,57.8664],[11.7002,57.8391],[11.7131,57.8083],[11.7431,57.7934],[11.7988,57.7934],[11.8095,57.7899],[11.8494,57.8019],[11.8816,57.816],[11.9489,57.8534],[11.987,57.8674]]]}},
    {"type":"Feature","properties":{"kod":"1484","namn":"Lysekil","lan_kod":"14"},"geometry":{"type":"Polygon","coordinates":[[[11.3602,58.3424],[11.3744,58.3274],[11.383,58.3072],[11.413,58.2869],[11.4645,58.2801],[11.4859,58.2847],[11.5309,58.3184],[11.5545,58.3454],[11.563,58.3668],[11.5545,58.4073],[11.563,58.4263],[11.5866,58.4364],[11.5928,58.4346],[11.6083,58.4434],[11.6059,58.4768],[11.5847,58.4916],[11.5516,58.4941],[11.5185,58.4879],[11.4948,58.4879],[11.4806,58.4731],[11.4665,58.4471],[11.4334,58.4075],[11.4168,58.3926],[11.3955,58.3666],[11.3695,58.3542],[11.3602,58.3424]]]}},
    {"type":"Feature","properties":{"kod":"1485","namn":"Uddevalla","lan_kod":"14"},"geometry":{"type":"Polygon","coordinates":[[[11.9983,58.1595],[12.0102,58.1739],[12.0386,58.1976],[12.0859,58.2511],[12.1332,58.2859],[12.1355,58.317],[12.1568,58.3232],[12.1569,58.3231],[12.1569,58.3232],[12.1544,58.3443],[12.1544,58.3617],[12.1686,58.379],[12.1804,58.3889],[12.1852,58.4026],[12.1757,58.4149],[12.1568,58.4236],[12.1355,58.4298],[12.119,58.4348],[12.1143,58.4484],[12.1056,58.4518],[12.0953,58.4558],[12.0599,58.4558],[12.0126,58.4595],[11.9889,58.4521],[11.9251,58.4496],[11.9194,58.4451],[11.9109,58.4385],[11.8802,58.4385],[11.8329,58.4471],[11.8045,58.4459],[11.7738,58.436],[11.7502,58.431],[11.7194,58.436],[11.7005,58.4372],[11.6556,58.4125],[11.6305,58.4037],[11.6402,58.3915],[11.6359,58.3713],[11.5973,58.3274],[11.5523,58.2948],[11.5223,58.2677],[11.5116,58.2542],[11.5202,58.2362],[11.5652,58.2339],[11.6081,58.2475],[11.6423,58.27],[11.6745,58.297],[11.7088,58.3094],[11.7709,58.3196],[11.7967,58.3173],[11.8481,58.2914],[11.9017,58.2215],[11.9081,58.1775],[11.8983,58.1614],[11.9889,58.1639],[11.9983,58.1595]]]}},
    {"type":"Feature","properties":{"kod":"1486","namn":"Strömstad","lan_kod":"14"},"geometry":{"type":"Polygon","coordinates":[[[11.4777,58.8863],[11.4645,58.8923],[11.4602,58.9144],[11.4687,58.9753],[11.458,58.9907],[11.4323,59.004],[11.4152,59.0448],[11.3937,59.0635],[11.3766,59.0712],[11.3487,59.101],[11.3166,59.1087],[11.2823,59.0977],[11.2737,59.0877],[11.2287,59.0822],[11.1858,59.0668],[11.1558,59.0326],[11.1301,59.015],[11.0958,58.9686],[11.1022,58.9443],[11.1237,58.9277],[11.1472,58.9144],[11.1601,58.9001],[11.1772,58.8901],[11.1901,58.8746],[11.1944,58.8535],[11.2223,58.8391],[11.2231,58.8307],[11.2466,58.8322],[11.2797,58.842],[11.3364,58.8432],[11.353,58.8604],[11.3884,58.8555],[11.405,58.8494],[11.4546,58.8689],[11.4777,58.8863]]]}},
    {"type":"Feature","properties":{"kod":"1487","namn":"Vänersborg","lan_kod":"14"},"geometry":{"type":"Polygon","coordinates":[[[12.1544,58.3617],[12.1569,58.3232],[12.2074,58.3278],[12.2501,58.3298],[12.2675,58.3344],[12.2762,58.3415],[12.2917,58.3471],[12.3285,58.3456],[12.343,58.3384],[12.3682,58.3339],[12.3759,58.3242],[12.3895,58.313],[12.4089,58.2804],[12.434,58.2774],[12.4544,58.286],[12.4621,58.2927],[12.4892,58.3054],[12.5038,58.3069],[12.5125,58.312],[12.5212,58.3217],[12.5218,58.3217],[12.4823,58.363],[12.5267,58.3785],[12.5875,58.3833],[12.6177,58.3936],[12.6656,58.4233],[12.6677,58.4246],[12.6798,58.4578],[12.7448,58.4871],[12.7679,58.5499],[12.6892,58.5331],[12.6338,58.5234],[12.5747,58.5524],[12.5377,58.5639],[12.4971,58.5813],[12.4602,58.5909],[12.4158,58.5909],[12.3346,58.6197],[12.2144,58.6495],[12.2135,58.6445],[12.2041,58.6334],[12.1828,58.6224],[12.1592,58.594],[12.1441,58.5456],[12.1472,58.5187],[12.1411,58.5076],[12.1199,58.4974],[12.1056,58.4518],[12.1143,58.4484],[12.119,58.4348],[12.1355,58.4298],[12.1568,58.4236],[12.1757,58.4149],[12.1852,58.4026],[12.1804,58.3889],[12.1686,58.379],[12.1544,58.3617]]]}},
    {"type":"Feature","properties":{"kod":"1488","namn":"Trollhättan","lan_kod":"14"},"geometry":{"type":"Polygon","coordinates":[[[12.4718,58.1127],[12.4854,58.1171],[12.5028,58.1381],[12.5183,58.1483],[12.5086,58.1596],[12.5086,58.1688],[12.5251,58.1739],[12.5512,58.1774],[12.5725,58.1861],[12.5783,58.2045],[12.5818,58.2055],[12.58,58.2362],[12.5802,58.2362],[12.5764,58.2376],[12.5735,58.2478],[12.5783,58.2596],[12.587,58.2697],[12.6006,58.2789],[12.6132,58.2896],[12.6113,58.2972],[12.5948,58.3059],[12.5725,58.3171],[12.5532,58.3222],[12.5218,58.3217],[12.5212,58.3217],[12.5125,58.312],[12.5038,58.3069],[12.4892,58.3054],[12.4621,58.2927],[12.4544,58.286],[12.434,58.2774],[12.4089,58.2804],[12.3895,58.313],[12.3759,58.3242],[12.3682,58.3339],[12.343,58.3384],[12.3285,58.3456],[12.2917,58.3471],[12.2762,58.3415],[12.2675,58.3344],[12.2501,58.3298],[12.2074,58.3278],[12.1569,58.3232],[12.1569,58.3231],[12.171,58.3108],[12.1804,58.2971],[12.1899,58.2884],[12.2301,58.2822],[12.2466,58.2723],[12.2372,58.2586],[12.2135,58.2399],[12.1994,58.2312],[12.1923,58.215],[12.2041,58.2038],[12.197,58.1726],[12.2065,58.1564],[12.2396,58.1427],[12.2868,58.134],[12.4003,58.129],[12.4166,58.1204],[12.4362,58.123],[12.4664,58.119],[12.4718,58.1127]]]}},
    {"type":"Feature","properties":{"kod":"1489","namn":"Alingsås","lan_kod":"14"},"geometry":{"type":"Polygon","coordinates":[[[12.6911,57.8713],[12.682,57.8862],[12.6965,57.9073],[12.6965,57.9253],[12.6945,57.9428],[12.6829,57.9629],[12.6577,57.9834],[12.5929,57.9962],[12.5851,58.0091],[12.5909,58.0244],[12.6142,58.0547],[12.6374,58.0711],[12.6703,58.0875],[12.7149,58.0982],[12.7439,58.1079],[12.7507,58.1141],[12.7491,58.1182],[12.7468,58.1243],[12.7352,58.1361],[12.7207,58.1458],[12.7246,58.158],[12.7401,58.1693],[12.7401,58.181],[12.7294,58.1912],[12.7091,58.1994],[12.6606,58.2025],[12.6335,58.2101],[12.6045,58.2122],[12.5818,58.2055],[12.5783,58.2045],[12.5725,58.1861],[12.5512,58.1774],[12.5251,58.1739],[12.5086,58.1688],[12.5086,58.1596],[12.5183,58.1483],[12.5028,58.1381],[12.4854,58.1171],[12.4718,58.1127],[12.48,58.103],[12.4604,58.087],[12.4528,58.0734],[12.4528,58.0454],[12.4589,58.0166],[12.4407,58.0077],[12.3869,57.9951],[12.373,57.986],[12.4014,57.9789],[12.4014,57.9612],[12.4089,57.9508],[12.4346,57.9419],[12.4346,57.9138],[12.4377,57.901],[12.4619,57.8929],[12.4679,57.8817],[12.4664,57.8479],[12.48,57.8221],[12.4952,57.8148],[12.5224,57.7971],[12.5224,57.7814],[12.5349,57.7778],[12.5589,57.7798],[12.5709,57.7887],[12.5853,57.7938],[12.6057,57.8072],[12.6225,57.813],[12.6333,57.8251],[12.6345,57.8379],[12.6501,57.8494],[12.6753,57.8596],[12.6861,57.8679],[12.6911,57.8713]]]}},
    {"type":"Feature","properties":{"kod":"1490","namn":"Borås","lan_kod":"14"},"geometry":{"type":"Polygon","coordinates":[[[12.9823,57.5789],[13.0264,57.5923],[13.0616,57.6158],[13.1113,57.6315],[13.1406,57.6487],[13.1494,57.6691],[13.1699,57.6879],[13.2109,57.691],[13.2285,57.6863],[13.2349,57.6692],[13.249,57.6722],[13.2899,57.6879],[13.3309,57.6972],[13.3313,57.6967],[13.3345,57.7016],[13.3153,57.7073],[13.2808,57.7245],[13.2632,57.7397],[13.2634,57.7566],[13.2802,57.7716],[13.2784,57.7886],[13.2427,57.7976],[13.179,57.8365],[13.1697,57.8455],[13.164,57.8615],[13.1453,57.8784],[13.1416,57.8944],[13.1491,57.9063],[13.1557,57.9078],[13.1153,57.9173],[13.0647,57.9182],[13.0441,57.9153],[13.0085,57.9212],[13.0029,57.9302],[12.9804,57.9401],[12.9654,57.9511],[12.9485,57.9511],[12.9186,57.9381],[12.8942,57.9163],[12.8811,57.8993],[12.8642,57.8864],[12.8005,57.8824],[12.7993,57.8808],[12.7911,57.8704],[12.7911,57.8555],[12.7836,57.8425],[12.7462,57.8286],[12.7405,57.8196],[12.7537,57.8096],[12.7612,57.8006],[12.7593,57.7796],[12.7499,57.7696],[12.748,57.7606],[12.7537,57.7406],[12.8005,57.7176],[12.7986,57.7086],[12.7836,57.6996],[12.7199,57.6786],[12.6937,57.6656],[12.6778,57.6506],[12.6921,57.6465],[12.6968,57.6362],[12.6729,57.6093],[12.6741,57.5971],[12.6968,57.5913],[12.7196,57.5823],[12.752,57.5797],[12.8096,57.5958],[12.8336,57.6093],[12.9079,57.5823],[12.9403,57.5778],[12.9559,57.5829],[12.9823,57.5823],[12.9823,57.5789]]]}},
    {"type":"Feature","properties":{"kod":"1491","namn":"Ulricehamn","lan_kod":"14"},"geometry":{"type":"Polygon","coordinates":[[[13.7595,57.9647],[13.7262,57.959],[13.7093,57.9521],[13.6831,57.9441],[13.6644,57.9401],[13.6363,57.9381],[13.6381,57.9451],[13.6513,57.958],[13.6438,57.97],[13.6288,57.9789],[13.6269,57.9908],[13.6138,58.0127],[13.5763,58.0286],[13.5501,58.0216],[13.5276,58.0137],[13.5145,58.0067],[13.5107,57.9878],[13.4789,57.9849],[13.4564,57.9938],[13.4358,57.9968],[13.402,57.9968],[13.3852,57.9869],[13.3552,57.9739],[13.3008,57.966],[13.2784,57.9551],[13.2577,57.9352],[13.239,57.9232],[13.1809,57.9133],[13.1557,57.9078],[13.1491,57.9063],[13.1416,57.8944],[13.1453,57.8784],[13.164,57.8615],[13.1697,57.8455],[13.179,57.8365],[13.2427,57.7976],[13.2784,57.7886],[13.2802,57.7716],[13.2634,57.7566],[13.2632,57.7397],[13.2808,57.7245],[13.3153,57.7073],[13.3345,57.7016],[13.3313,57.6967],[13.3427,57.6769],[13.3573,57.6518],[13.369,57.6409],[13.3895,57.6471],[13.4217,57.6409],[13.451,57.6377],[13.5037,57.644],[13.5564,57.6832],[13.5857,57.6879],[13.6325,57.6722],[13.6764,57.6753],[13.694,57.6988],[13.7204,57.7035],[13.7533,57.7023],[13.744,57.7086],[13.7407,57.7279],[13.7604,57.7438],[13.744,57.7561],[13.7851,57.7842],[13.7967,57.8026],[13.7654,57.8237],[13.7703,57.8543],[13.782,57.8706],[13.7835,57.8727],[13.7967,57.9051],[13.8131,57.9209],[13.8181,57.9357],[13.8164,57.9489],[13.8098,57.9567],[13.7917,57.962],[13.7604,57.9637],[13.7595,57.9647]]]}},
    {"type":"Feature","properties":{"kod":"1492","namn":"Åmål","lan_kod":"14"},"geometry":{"type":"Polygon","coordinates":[[[12.4906,59.1401],[12.4854,59.1344],[12.4712,59.104],[12.4571,59.0894],[12.4547,59.0688],[12.4358,59.0579],[12.45,59.0396],[12.4405,59.0104],[12.4334,58.9861],[12.4429,58.969],[12.4736,58.9532],[12.4878,58.9385],[12.4831,58.9288],[12.4689,58.9178],[12.4689,58.8946],[12.4642,58.8763],[12.449,58.8628],[12.4634,58.8615],[12.4891,58.8553],[12.4967,58.831],[12.536,58.8388],[12.5557,58.8302],[12.5602,58.82],[12.5739,58.8114],[12.899,58.747],[12.9022,58.7463],[12.9793,58.8044],[12.979,58.8045],[12.8967,58.9936],[12.8005,59.0485],[12.8023,59.055],[12.7992,59.0547],[12.7893,59.0738],[12.7818,59.1172],[12.7744,59.1427],[12.752,59.1631],[12.6924,59.1835],[12.6675,59.1759],[12.6203,59.1274],[12.5805,59.1249],[12.5234,59.13],[12.4911,59.1389],[12.4906,59.1401]]]}},
    {"type":"Feature","properties":{"kod":"1493","namn":"Mariestad","lan_kod":"14"},"geometry":{"type":"Polygon","coordinates":[[[13.415,58.7401],[13.5943,58.7331],[13.6238,58.7139],[13.646,58.6889],[13.646,58.6793],[13.6312,58.6736],[13.6201,58.6601],[13.6349,58.6524],[13.6571,58.6371],[13.6497,58.6294],[13.6349,58.6197],[13.6312,58.6005],[13.6534,58.5928],[13.6866,58.587],[13.7162,58.5774],[13.7379,58.5661],[13.7556,58.5716],[13.7632,58.5803],[13.7737,58.5913],[13.798,58.5945],[13.8191,58.5874],[13.8237,58.5716],[13.8373,58.5542],[13.8479,58.5511],[13.8918,58.5511],[13.9296,58.5558],[13.9447,58.5677],[13.9689,58.6008],[13.9725,58.6088],[13.9418,58.6224],[13.982,58.6519],[13.9796,58.6691],[13.9985,58.6826],[13.9773,58.7011],[13.9654,58.706],[13.982,58.7182],[14.0127,58.7232],[14.0411,58.7317],[14.0718,58.7575],[14.0789,58.7747],[14.0387,58.7845],[14.0576,58.798],[14.1144,58.7992],[14.1546,58.8077],[14.1745,58.8114],[14.1594,58.8211],[14.1631,58.8422],[14.1742,58.8689],[14.1705,58.8995],[14.1299,58.9109],[14.0782,58.9128],[14.0375,58.9109],[13.9969,58.9128],[13.9341,58.9185],[13.8935,58.9395],[13.875,58.9586],[13.8344,58.97],[13.6027,59.0219],[13.6012,59.0218],[13.6006,59.0213],[13.4411,58.9086],[13.3862,58.7784],[13.415,58.7401]]]}},
    {"type":"Feature","properties":{"kod":"1494","namn":"Lidköping","lan_kod":"14"},"geometry":{"type":"Polygon","coordinates":[[[12.9793,58.8044],[12.9022,58.7463],[12.899,58.747],[12.848,58.6505],[12.7705,58.5504],[12.7679,58.5499],[12.7448,58.4871],[12.6798,58.4578],[12.6677,58.4246],[12.6656,58.4233],[12.6935,58.4149],[12.7313,58.4137],[12.7715,58.4162],[12.7951,58.431],[12.8401,58.4335],[12.8873,58.4422],[12.8921,58.4335],[12.8708,58.4137],[12.8784,58.4018],[12.8873,58.4038],[12.9299,58.405],[12.9583,58.3988],[12.9866,58.3852],[13.0079,58.3716],[13.0056,58.3555],[13.0127,58.343],[13.0339,58.3406],[13.0599,58.3579],[13.0859,58.3679],[13.1403,58.3629],[13.1947,58.3517],[13.2183,58.3679],[13.2353,58.3726],[13.2184,58.3881],[13.2199,58.4079],[13.2321,58.4166],[13.2699,58.4293],[13.3622,58.4285],[13.3743,58.4436],[13.3914,58.4563],[13.3744,58.4607],[13.3578,58.4681],[13.3507,58.4953],[13.32,58.5065],[13.3011,58.5077],[13.2467,58.5373],[13.2514,58.5879],[13.3342,58.6593],[13.4165,58.7356],[13.281,58.7262],[13.2352,58.7571],[13.1849,58.7595],[12.9793,58.8044]]]}},
    {"type":"Feature","properties":{"kod":"1495","namn":"Skara","lan_kod":"14"},"geometry":{"type":"Polygon","coordinates":[[[13.8006,58.4158],[13.7995,58.4301],[13.8025,58.4507],[13.7843,58.4681],[13.7632,58.476],[13.686,58.4918],[13.6691,58.4962],[13.6587,58.4926],[13.627,58.4903],[13.5982,58.4863],[13.568,58.4792],[13.5014,58.4752],[13.4696,58.4673],[13.4469,58.4578],[13.4197,58.4546],[13.3924,58.457],[13.3914,58.4563],[13.3743,58.4436],[13.3622,58.4285],[13.2699,58.4293],[13.2321,58.4166],[13.2199,58.4079],[13.2184,58.3881],[13.2353,58.3726],[13.2563,58.3683],[13.2744,58.3587],[13.2805,58.3436],[13.2911,58.3309],[13.3758,58.3127],[13.4299,58.2974],[13.4524,58.3021],[13.5399,58.3008],[13.5777,58.3282],[13.5848,58.3443],[13.599,58.3579],[13.6155,58.3679],[13.6439,58.3753],[13.6983,58.384],[13.7337,58.3865],[13.7479,58.3914],[13.7763,58.4112],[13.8006,58.4158]]]}},
    {"type":"Feature","properties":{"kod":"1496","namn":"Skövde","lan_kod":"14"},"geometry":{"type":"Polygon","coordinates":[[[14.0245,58.2984],[14.0245,58.3108],[14.0435,58.3244],[14.1167,58.3468],[14.138,58.3555],[14.1498,58.3741],[14.1688,58.3852],[14.1819,58.3863],[14.1617,58.4001],[14.1073,58.4248],[14.1049,58.4385],[14.0978,58.4496],[14.1049,58.4657],[14.1522,58.4793],[14.1593,58.4953],[14.1954,58.5337],[14.1948,58.5336],[14.1404,58.5349],[14.1049,58.5657],[14.0931,58.594],[14.0718,58.6076],[14.0387,58.6113],[14.0056,58.6113],[13.9741,58.6089],[13.9689,58.6008],[13.9447,58.5677],[13.9296,58.5558],[13.8918,58.5511],[13.8479,58.5511],[13.8373,58.5542],[13.8237,58.5716],[13.8191,58.5874],[13.798,58.5945],[13.7737,58.5913],[13.7632,58.5803],[13.7556,58.5716],[13.7379,58.5661],[13.7329,58.5645],[13.7072,58.5582],[13.6845,58.5345],[13.6648,58.5219],[13.6603,58.5061],[13.6678,58.4966],[13.6691,58.4962],[13.686,58.4918],[13.7632,58.476],[13.7843,58.4681],[13.8025,58.4507],[13.7995,58.4301],[13.8006,58.4158],[13.8023,58.4162],[13.8283,58.405],[13.8259,58.3914],[13.7976,58.3753],[13.755,58.3716],[13.7314,58.3666],[13.7054,58.3567],[13.7054,58.3418],[13.7101,58.3282],[13.7479,58.3219],[13.7763,58.3306],[13.807,58.3282],[13.8543,58.3356],[13.8921,58.3282],[13.8969,58.2909],[13.9181,58.2772],[13.9328,58.2712],[13.9418,58.276],[13.9702,58.2822],[13.9985,58.2921],[14.0245,58.2984]]]}},
    {"type":"Feature","properties":{"kod":"1497","namn":"Hjo","lan_kod":"14"},"geometry":{"type":"Polygon","coordinates":[[[14.3386,58.1682],[14.3398,58.1683],[14.4185,58.2022],[14.4903,58.3232],[14.5446,58.3938],[14.4304,58.4261],[14.4253,58.4298],[14.4241,58.429],[14.3319,58.4261],[14.3274,58.4244],[14.3082,58.4174],[14.2941,58.4013],[14.2846,58.384],[14.2444,58.3815],[14.2113,58.3827],[14.1995,58.3877],[14.1819,58.3863],[14.1688,58.3852],[14.1498,58.3741],[14.138,58.3555],[14.1167,58.3468],[14.0435,58.3244],[14.0245,58.3108],[14.0245,58.2984],[14.0458,58.2959],[14.0576,58.2872],[14.1262,58.2723],[14.1404,58.2834],[14.1688,58.2834],[14.1782,58.271],[14.1522,58.2275],[14.1498,58.1926],[14.1642,58.1611],[14.1672,58.1632],[14.2018,58.1589],[14.2232,58.158],[14.2275,58.1579],[14.243,58.1637],[14.274,58.1642],[14.3386,58.1682]]]}},
    {"type":"Feature","properties":{"kod":"1498","namn":"Tidaholm","lan_kod":"14"},"geometry":{"type":"Polygon","coordinates":[[[13.9819,58.043],[13.9828,58.0423],[14.0025,58.0353],[14.0454,58.0353],[14.0981,58.0545],[14.1129,58.0728],[14.131,58.0832],[14.1343,58.0971],[14.1705,58.1154],[14.1574,58.1563],[14.1642,58.1611],[14.1498,58.1926],[14.1522,58.2275],[14.1782,58.271],[14.1688,58.2834],[14.1404,58.2834],[14.1262,58.2723],[14.0576,58.2872],[14.0458,58.2959],[14.0245,58.2984],[13.9985,58.2921],[13.9702,58.2822],[13.9418,58.276],[13.9328,58.2712],[13.9229,58.266],[13.8449,58.266],[13.7928,58.2573],[13.7858,58.2374],[13.7999,58.2275],[13.8094,58.2113],[13.7905,58.2026],[13.7739,58.1801],[13.7479,58.1639],[13.7692,58.1539],[13.7858,58.1277],[13.7834,58.1003],[13.8094,58.0803],[13.8281,58.0737],[13.8378,58.0762],[13.8724,58.0762],[13.8988,58.0649],[13.9597,58.0632],[13.9745,58.0492],[13.9819,58.043]]]}},
    {"type":"Feature","properties":{"kod":"1499","namn":"Falköping","lan_kod":"14"},"geometry":{"type":"Polygon","coordinates":[[[13.8281,58.0737],[13.8094,58.0803],[13.7834,58.1003],[13.7858,58.1277],[13.7692,58.1539],[13.7479,58.1639],[13.7739,58.1801],[13.7905,58.2026],[13.8094,58.2113],[13.7999,58.2275],[13.7858,58.2374],[13.7928,58.2573],[13.8449,58.266],[13.9229,58.266],[13.9328,58.2712],[13.9181,58.2772],[13.8969,58.2909],[13.8921,58.3282],[13.8543,58.3356],[13.807,58.3282],[13.7763,58.3306],[13.7479,58.3219],[13.7101,58.3282],[13.7054,58.3418],[13.7054,58.3567],[13.7314,58.3666],[13.755,58.3716],[13.7976,58.3753],[13.8259,58.3914],[13.8283,58.405],[13.8023,58.4162],[13.8006,58.4158],[13.7763,58.4112],[13.7479,58.3914],[13.7337,58.3865],[13.6983,58.384],[13.6439,58.3753],[13.6155,58.3679],[13.599,58.3579],[13.5848,58.3443],[13.5777,58.3282],[13.5399,58.3008],[13.4524,58.3021],[13.4299,58.2974],[13.4288,58.2971],[13.4193,58.2723],[13.372,58.2412],[13.3578,58.2275],[13.3413,58.2175],[13.3011,58.2138],[13.2727,58.1988],[13.2633,58.1751],[13.242,58.1465],[13.239,58.1365],[13.2325,58.1152],[13.242,58.1028],[13.3035,58.1115],[13.3413,58.1078],[13.346,58.0965],[13.3484,58.054],[13.3697,58.0365],[13.3933,58.0277],[13.4098,58.0089],[13.4057,57.9968],[13.4358,57.9968],[13.4564,57.9938],[13.4789,57.9849],[13.5107,57.9878],[13.5145,58.0067],[13.5276,58.0137],[13.5501,58.0216],[13.5763,58.0286],[13.6138,58.0127],[13.6269,57.9908],[13.6288,57.9789],[13.6438,57.97],[13.6513,57.958],[13.6381,57.9451],[13.6363,57.9381],[13.6644,57.9401],[13.6831,57.9441],[13.7093,57.9521],[13.7262,57.959],[13.7595,57.9647],[13.7489,57.9759],[13.7341,57.9899],[13.7407,58.003],[13.7588,58.017],[13.7785,58.0205],[13.7917,58.0257],[13.8065,58.0388],[13.8131,58.0562],[13.8082,58.0684],[13.8281,58.0737]]]}},
    {"type":"Feature","properties":{"kod":"1715","namn":"Kil","lan_kod":"17"},"geometry":{"type":"Polygon","coordinates":[[[12.9585,59.5737],[12.9559,59.5448],[13.0627,59.5457],[13.0952,59.5246],[13.1097,59.5191],[13.1604,59.4943],[13.1857,59.486],[13.211,59.4916],[13.2364,59.4998],[13.2834,59.5044],[13.3395,59.5072],[13.4065,59.5081],[13.4364,59.5099],[13.456,59.539],[13.4746,59.5536],[13.4581,59.5776],[13.4416,59.5901],[13.4231,59.6006],[13.4066,59.6068],[13.4087,59.6235],[13.4169,59.6401],[13.4128,59.6526],[13.3881,59.6703],[13.3822,59.6766],[13.344,59.6783],[13.3104,59.6736],[13.2756,59.6654],[13.2316,59.6619],[13.1691,59.6601],[13.1332,59.6619],[13.1018,59.6706],[13.0771,59.6648],[13.0753,59.6419],[13.0554,59.6044],[13.0283,59.6135],[13.0192,59.6035],[12.9975,59.5879],[12.9585,59.5737]]]}},
    {"type":"Feature","properties":{"kod":"1730","namn":"Eda","lan_kod":"17"},"geometry":{"type":"Polygon","coordinates":[[[12.3119,59.6072],[12.3166,59.6221],[12.3154,59.6385],[12.3456,59.6835],[12.349,59.7005],[12.3641,59.739],[12.3919,59.77],[12.4185,59.7904],[12.4568,59.7997],[12.4996,59.8055],[12.5112,59.8177],[12.4915,59.8439],[12.4683,59.8585],[12.4683,59.8997],[12.473,59.9236],[12.4869,59.9357],[12.4961,59.9566],[12.4961,59.9862],[12.4857,60.0059],[12.4799,60.0325],[12.4649,60.0506],[12.4461,60.0324],[12.4118,60.0152],[12.3646,59.9863],[12.3346,59.9584],[12.2939,59.9412],[12.266,59.9337],[12.1889,59.8897],[12.1524,59.8865],[12.1053,59.8918],[12.0731,59.8918],[12.0431,59.8886],[11.9746,59.9026],[11.936,59.8832],[11.9081,59.8714],[11.8888,59.8703],[11.8802,59.8563],[11.861,59.838],[11.8867,59.8208],[11.9231,59.7917],[11.9445,59.782],[11.9488,59.7615],[11.9445,59.7399],[11.952,59.7172],[11.9714,59.7168],[11.984,59.7077],[12.0058,59.6849],[12.0257,59.6483],[12.042,59.6346],[12.0836,59.6245],[12.1379,59.6071],[12.1705,59.6126],[12.1904,59.6209],[12.2284,59.6199],[12.2537,59.6108],[12.2935,59.6117],[12.3098,59.6099],[12.3119,59.6072]]]}},
    {"type":"Feature","properties":{"kod":"1737","namn":"Torsby","lan_kod":"17"},"geometry":{"type":"Polygon","coordinates":[[[12.6841,61.0509],[12.6718,61.0468],[12.6471,61.0448],[12.5662,61.0434],[12.4921,61.0507],[12.4359,61.0461],[12.3426,61.0321],[12.311,61.0255],[12.2795,61.0248],[12.2287,61.0122],[12.3518,60.858],[12.3539,60.8319],[12.3625,60.8005],[12.3818,60.7723],[12.3861,60.7398],[12.4118,60.7147],[12.4632,60.6927],[12.4804,60.679],[12.5125,60.6454],[12.5232,60.6076],[12.5425,60.5728],[12.594,60.5402],[12.6133,60.5212],[12.6197,60.4916],[12.6197,60.4092],[12.5704,60.3584],[12.5425,60.3393],[12.5168,60.3181],[12.5104,60.2936],[12.5147,60.2671],[12.534,60.2128],[12.5468,60.1958],[12.5382,60.167],[12.5177,60.138],[12.583,60.14],[12.6029,60.0855],[12.6062,60.0862],[12.6402,60.0929],[12.665,60.0929],[12.7147,60.0991],[12.7644,60.1029],[12.8316,60.1103],[12.8688,60.0917],[12.9185,60.0582],[12.9434,60.0483],[12.9906,60.0446],[13.013,60.0508],[13.0353,60.0644],[13.0602,60.0756],[13.0851,60.0818],[13.1049,60.0682],[13.1348,60.0607],[13.1646,60.0793],[13.2093,60.119],[13.2466,60.1214],[13.2616,60.1297],[13.269,60.1338],[13.2739,60.1462],[13.2615,60.1548],[13.2292,60.1722],[13.2068,60.1956],[13.1994,60.2376],[13.2143,60.2475],[13.2391,60.2425],[13.269,60.2314],[13.2864,60.2277],[13.3062,60.2388],[13.3435,60.2462],[13.3659,60.2549],[13.3982,60.2623],[13.423,60.2721],[13.4429,60.2832],[13.4653,60.3079],[13.5423,60.3583],[13.5523,60.3878],[13.5747,60.3964],[13.6219,60.4111],[13.6473,60.4213],[13.6236,60.4268],[13.5916,60.4335],[13.5595,60.4427],[13.5292,60.4543],[13.4887,60.4768],[13.4853,60.4934],[13.4768,60.5125],[13.4549,60.5266],[13.4431,60.5416],[13.4077,60.5698],[13.3891,60.5921],[13.3621,60.6079],[13.3537,60.6244],[13.3368,60.6286],[13.325,60.641],[13.3047,60.655],[13.2912,60.6873],[13.2676,60.6931],[13.2389,60.6972],[13.2221,60.7112],[13.19,60.7582],[13.1647,60.7805],[13.1377,60.7986],[13.0921,60.8184],[13.0398,60.8381],[12.7749,60.9677],[12.7334,60.9944],[12.7045,61.0024],[12.6963,61.0383],[12.6841,61.0509]]]}},
    {"type":"Feature","properties":{"kod":"1760","namn":"Storfors","lan_kod":"17"},"geometry":{"type":"Polygon","coordinates":[[[14.1726,59.4753],[14.1891,59.469],[14.1973,59.4606],[14.2179,59.4596],[14.2364,59.4512],[14.2653,59.4491],[14.2838,59.4523],[14.2961,59.4428],[14.292,59.4292],[14.2673,59.4188],[14.2508,59.4083],[14.2447,59.3999],[14.2426,59.3884],[14.255,59.38],[14.2797,59.3747],[14.2982,59.3632],[14.3044,59.3517],[14.373,59.349],[14.3789,59.3526],[14.3868,59.3704],[14.3996,59.3882],[14.4473,59.4303],[14.4839,59.4481],[14.4918,59.4627],[14.4711,59.4748],[14.4616,59.4974],[14.4409,59.5111],[14.4282,59.5232],[14.4377,59.5377],[14.4568,59.5498],[14.4801,59.5579],[14.4871,59.5603],[14.495,59.5692],[14.4998,59.5917],[14.4992,59.5962],[14.4568,59.5922],[14.4259,59.5839],[14.4094,59.5901],[14.4053,59.6089],[14.3723,59.611],[14.3373,59.6183],[14.3003,59.6193],[14.2735,59.6099],[14.2385,59.6151],[14.1973,59.6172],[14.1788,59.6058],[14.1294,59.6047],[14.0882,59.6006],[14.0655,59.5901],[14.0572,59.5838],[14.0655,59.5818],[14.0717,59.563],[14.0491,59.5474],[14.0408,59.516],[14.1726,59.4753]]]}},
    {"type":"Feature","properties":{"kod":"1761","namn":"Hammarö","lan_kod":"17"},"geometry":{"type":"Polygon","coordinates":[[[13.6006,59.0213],[13.6012,59.0218],[13.786,59.2298],[13.7782,59.2696],[13.7779,59.2711],[13.7564,59.2944],[13.6381,59.348],[13.6165,59.3631],[13.5822,59.3601],[13.5708,59.3662],[13.5233,59.3689],[13.4825,59.3581],[13.4535,59.344],[13.4331,59.331],[13.433,59.3299],[13.3909,59.2956],[13.4203,59.2784],[13.3767,59.1383],[13.6006,59.0213]]]}},
    {"type":"Feature","properties":{"kod":"1762","namn":"Munkfors","lan_kod":"17"},"geometry":{"type":"Polygon","coordinates":[[[13.4053,59.7673],[13.4272,59.7679],[13.4766,59.7658],[13.4931,59.7772],[13.5528,59.7907],[13.5672,59.8031],[13.5899,59.8114],[13.6595,59.8221],[13.6617,59.838],[13.6544,59.8698],[13.6309,59.8698],[13.6092,59.8607],[13.5893,59.8671],[13.573,59.8789],[13.544,59.8834],[13.4008,59.8818],[13.3938,59.8748],[13.4019,59.8434],[13.4042,59.7991],[13.4053,59.7673]]]}},
    {"type":"Feature","properties":{"kod":"1763","namn":"Forshaga","lan_kod":"17"},"geometry":{"type":"Polygon","coordinates":[[[13.3822,59.6766],[13.3881,59.6703],[13.4128,59.6526],[13.4169,59.6401],[13.4087,59.6235],[13.4066,59.6068],[13.4231,59.6006],[13.4416,59.5901],[13.4581,59.5776],[13.4746,59.5536],[13.456,59.539],[13.4364,59.5099],[13.4517,59.5108],[13.4789,59.5081],[13.5205,59.5072],[13.5314,59.498],[13.5603,59.498],[13.5712,59.5173],[13.5802,59.5411],[13.6056,59.5576],[13.6653,59.5732],[13.6635,59.5888],[13.6436,59.5989],[13.6418,59.6154],[13.6544,59.6236],[13.64,59.6456],[13.6237,59.6529],[13.6363,59.6666],[13.6255,59.6867],[13.6345,59.704],[13.6508,59.715],[13.6635,59.7369],[13.7087,59.7715],[13.7,59.7876],[13.6979,59.7916],[13.6725,59.8016],[13.6581,59.8116],[13.6595,59.8221],[13.5899,59.8114],[13.5672,59.8031],[13.5528,59.7907],[13.4931,59.7772],[13.4766,59.7658],[13.4272,59.7679],[13.4053,59.7673],[13.4065,59.7326],[13.4077,59.7017],[13.3972,59.6789],[13.3845,59.6765],[13.3822,59.6766]]]}},
    {"type":"Feature","properties":{"kod":"1764","namn":"Grums","lan_kod":"17"},"geometry":{"type":"Polygon","coordinates":[[[12.8954,59.4518],[12.9287,59.4474],[12.9432,59.4281],[12.9595,59.4171],[12.9559,59.4032],[12.9342,59.3903],[12.9251,59.3682],[12.9486,59.3553],[12.9468,59.3165],[12.9559,59.274],[12.974,59.2574],[13.0029,59.2537],[13.0337,59.2528],[13.0482,59.2565],[13.0699,59.2537],[13.0934,59.2546],[13.1079,59.2629],[13.1374,59.2636],[13.1428,59.2606],[13.1954,59.2331],[13.1996,59.2371],[13.1952,59.2411],[13.2028,59.3134],[13.2056,59.3157],[13.1974,59.3348],[13.1997,59.3669],[13.1856,59.3827],[13.1767,59.4069],[13.202,59.453],[13.193,59.4787],[13.1857,59.486],[13.1604,59.4943],[13.1097,59.5191],[13.0952,59.5246],[13.0627,59.5457],[12.9559,59.5448],[12.9585,59.5737],[12.9523,59.5714],[12.9106,59.5714],[12.9034,59.5531],[12.898,59.5255],[12.8726,59.5081],[12.8582,59.4906],[12.8545,59.4769],[12.8799,59.4649],[12.8962,59.4539],[12.8954,59.4518]]]}},
    {"type":"Feature","properties":{"kod":"1765","namn":"Årjäng","lan_kod":"17"},"geometry":{"type":"Polygon","coordinates":[[[12.4624,59.1798],[12.4654,59.2],[12.4618,59.2306],[12.4817,59.2824],[12.4835,59.3415],[12.5143,59.3701],[12.5053,59.3811],[12.4853,59.394],[12.5215,59.4069],[12.5316,59.4125],[12.5414,59.418],[12.5396,59.4336],[12.5197,59.4447],[12.4926,59.4456],[12.4455,59.4548],[12.3912,59.4557],[12.3116,59.453],[12.3008,59.4686],[12.3261,59.4879],[12.3587,59.5365],[12.3532,59.5586],[12.3388,59.5741],[12.3225,59.5842],[12.3189,59.598],[12.3119,59.6072],[12.3098,59.6099],[12.2935,59.6117],[12.2537,59.6108],[12.2284,59.6199],[12.1904,59.6209],[12.1705,59.6126],[12.1379,59.6071],[12.0836,59.6245],[12.042,59.6346],[12.0257,59.6483],[12.0058,59.6849],[11.984,59.7077],[11.9714,59.7168],[11.952,59.7172],[11.9467,59.6923],[11.891,59.675],[11.8652,59.6447],[11.8417,59.6404],[11.8009,59.6382],[11.7774,59.6306],[11.7324,59.623],[11.7109,59.61],[11.7002,59.5883],[11.7238,59.5427],[11.7302,59.521],[11.7495,59.5069],[11.7667,59.4884],[11.7731,59.4764],[11.7709,59.4514],[11.7817,59.435],[11.7924,59.4078],[11.8159,59.3783],[11.8117,59.3575],[11.8331,59.2941],[11.846,59.2722],[11.846,59.2437],[11.8432,59.2414],[11.8697,59.2357],[11.8707,59.2354],[11.8996,59.228],[11.9443,59.228],[11.9642,59.2395],[11.994,59.2382],[12.0189,59.2217],[12.086,59.1899],[12.1257,59.1962],[12.1332,59.2204],[12.1208,59.2484],[12.1406,59.2598],[12.168,59.2522],[12.2077,59.2522],[12.2425,59.2611],[12.2599,59.2573],[12.2724,59.2141],[12.2873,59.2039],[12.3246,59.1988],[12.3419,59.1924],[12.3966,59.1835],[12.414,59.1835],[12.4624,59.1798]]]}},
    {"type":"Feature","properties":{"kod":"1766","namn":"Sunne","lan_kod":"17"},"geometry":{"type":"Polygon","coordinates":[[[12.6062,60.0862],[12.6062,60.0788],[12.627,60.0574],[12.6316,60.0429],[12.6513,60.0308],[12.6757,60.0209],[12.7011,60.0117],[12.7301,60.0059],[12.7533,59.9943],[12.7683,59.9833],[12.7637,59.9624],[12.7486,59.9531],[12.7081,59.9207],[12.7174,59.8945],[12.7533,59.8782],[12.7858,59.8671],[12.8238,59.8625],[12.8455,59.8516],[12.8998,59.8189],[12.9378,59.7779],[12.9685,59.7515],[13.0735,59.7049],[13.1007,59.6894],[13.1079,59.6721],[13.1018,59.6706],[13.1332,59.6619],[13.1691,59.6601],[13.2316,59.6619],[13.2756,59.6654],[13.3104,59.6736],[13.344,59.6783],[13.3822,59.6766],[13.3845,59.6765],[13.3972,59.6789],[13.4077,59.7017],[13.4065,59.7326],[13.4053,59.7673],[13.4042,59.7991],[13.4019,59.8434],[13.3938,59.8748],[13.4008,59.8818],[13.4053,59.8864],[13.4192,59.8957],[13.4273,59.9137],[13.4158,59.9288],[13.3891,59.9363],[13.3694,59.9485],[13.3613,59.9862],[13.3428,60.0203],[13.3393,60.0354],[13.3277,60.0464],[13.3057,60.0562],[13.2988,60.1117],[13.2918,60.1249],[13.2616,60.1297],[13.2466,60.1214],[13.2093,60.119],[13.1646,60.0793],[13.1348,60.0607],[13.1049,60.0682],[13.0851,60.0818],[13.0602,60.0756],[13.0353,60.0644],[13.013,60.0508],[12.9906,60.0446],[12.9434,60.0483],[12.9185,60.0582],[12.8688,60.0917],[12.8316,60.1103],[12.7644,60.1029],[12.7147,60.0991],[12.665,60.0929],[12.6402,60.0929],[12.6062,60.0862]]]}},
    {"type":"Feature","properties":{"kod":"1780","namn":"Karlstad","lan_kod":"17"},"geometry":{"type":"Polygon","coordinates":[[[13.3767,59.1383],[13.4203,59.2784],[13.3909,59.2956],[13.433,59.3299],[13.4331,59.331],[13.4535,59.344],[13.4825,59.3581],[13.5233,59.3689],[13.5708,59.3662],[13.5822,59.3601],[13.6165,59.3631],[13.6381,59.348],[13.7564,59.2944],[13.7779,59.2711],[13.7782,59.2696],[13.7928,59.2839],[13.795,59.2918],[13.8119,59.2897],[13.8436,59.3138],[13.8457,59.3173],[13.8823,59.3317],[13.9008,59.3412],[13.907,59.3695],[13.9235,59.4041],[13.9461,59.425],[14.0285,59.4565],[14.047,59.4753],[14.0408,59.516],[14.0491,59.5474],[14.0717,59.563],[14.0655,59.5818],[14.0572,59.5838],[14.0305,59.5901],[13.9976,59.5985],[13.9873,59.6235],[13.9708,59.6391],[13.9564,59.6588],[13.9399,59.6724],[13.9255,59.69],[13.907,59.7046],[13.8905,59.7274],[13.8699,59.744],[13.8637,59.771],[13.8521,59.781],[13.8493,59.7834],[13.8164,59.7886],[13.7,59.7876],[13.7087,59.7715],[13.6635,59.7369],[13.6508,59.715],[13.6345,59.704],[13.6255,59.6867],[13.6363,59.6666],[13.6237,59.6529],[13.64,59.6456],[13.6544,59.6236],[13.6418,59.6154],[13.6436,59.5989],[13.6635,59.5888],[13.6653,59.5732],[13.6056,59.5576],[13.5802,59.5411],[13.5712,59.5173],[13.5603,59.498],[13.5314,59.498],[13.5205,59.5072],[13.4789,59.5081],[13.4517,59.5108],[13.4364,59.5099],[13.4065,59.5081],[13.3395,59.5072],[13.2834,59.5044],[13.2364,59.4998],[13.211,59.4916],[13.1857,59.486],[13.193,59.4787],[13.202,59.453],[13.1767,59.4069],[13.1856,59.3827],[13.1997,59.3669],[13.1974,59.3348],[13.2056,59.3157],[13.2028,59.3134],[13.1952,59.2411],[13.1996,59.2371],[13.1954,59.2331],[13.3767,59.1383]]]}},
    {"type":"Feature","properties":{"kod":"1781","namn":"Kristinehamn","lan_kod":"17"},"geometry":{"type":"Polygon","coordinates":[[[13.6012,59.0218],[13.6027,59.0219],[14.0221,59.0359],[14.0792,59.0669],[14.0866,59.0662],[14.1164,59.0738],[14.1686,59.0687],[14.2109,59.0598],[14.2457,59.056],[14.3025,59.0373],[14.3223,59.0303],[14.3232,59.03],[14.3375,59.039],[14.3391,59.066],[14.3614,59.0774],[14.363,59.1191],[14.3487,59.1346],[14.3232,59.177],[14.3312,59.2202],[14.3184,59.234],[14.32,59.2462],[14.3359,59.2649],[14.3439,59.2982],[14.3534,59.3209],[14.3538,59.3229],[14.3566,59.3388],[14.373,59.349],[14.3044,59.3517],[14.2982,59.3632],[14.2797,59.3747],[14.255,59.38],[14.2426,59.3884],[14.2447,59.3999],[14.2508,59.4083],[14.2673,59.4188],[14.292,59.4292],[14.2961,59.4428],[14.2838,59.4523],[14.2653,59.4491],[14.2364,59.4512],[14.2179,59.4596],[14.1973,59.4606],[14.1891,59.469],[14.1726,59.4753],[14.0408,59.516],[14.047,59.4753],[14.0285,59.4565],[13.9461,59.425],[13.9235,59.4041],[13.907,59.3695],[13.9008,59.3412],[13.8823,59.3317],[13.8457,59.3173],[13.8436,59.3138],[13.8119,59.2897],[13.795,59.2918],[13.7928,59.2839],[13.7782,59.2696],[13.786,59.2298],[13.6012,59.0218]]]}},
    {"type":"Feature","properties":{"kod":"1782","namn":"Filipstad","lan_kod":"17"},"geometry":{"type":"Polygon","coordinates":[[[14.0074,60.1871],[14.0202,60.1677],[14.0281,60.1296],[14.0518,60.1152],[14.0531,60.0843],[14.0478,60.0574],[14.0346,60.037],[14.032,59.9889],[14.0281,59.9711],[13.9925,59.9658],[13.9661,59.952],[13.9503,59.9269],[13.9529,59.9005],[13.9147,59.8833],[13.8936,59.8681],[13.895,59.8436],[13.9081,59.8297],[13.9292,59.8144],[13.9253,59.8051],[13.8844,59.8012],[13.8633,59.7919],[13.8521,59.781],[13.8637,59.771],[13.8699,59.744],[13.8905,59.7274],[13.907,59.7046],[13.9255,59.69],[13.9399,59.6724],[13.9564,59.6588],[13.9708,59.6391],[13.9873,59.6235],[13.9976,59.5985],[14.0305,59.5901],[14.0572,59.5838],[14.0655,59.5901],[14.0882,59.6006],[14.1294,59.6047],[14.1788,59.6058],[14.1973,59.6172],[14.2385,59.6151],[14.2735,59.6099],[14.3003,59.6193],[14.3373,59.6183],[14.3723,59.611],[14.4053,59.6089],[14.4094,59.5901],[14.4259,59.5839],[14.4568,59.5922],[14.4992,59.5962],[14.495,59.6255],[14.4664,59.6593],[14.4664,59.6978],[14.4536,59.7195],[14.4377,59.7339],[14.4425,59.7636],[14.4552,59.7772],[14.4616,59.7908],[14.4664,59.826],[14.4536,59.8995],[14.4282,59.9194],[14.3964,59.9306],[14.3837,59.9513],[14.3884,59.968],[14.4234,59.9831],[14.4807,59.9863],[14.4902,59.9911],[14.4926,60.0404],[14.4793,60.0394],[14.4059,60.0636],[14.3228,60.0873],[14.2634,60.111],[14.232,60.1497],[14.2331,60.1777],[14.2212,60.2002],[14.1996,60.2152],[14.1932,60.2394],[14.1845,60.2463],[14.1836,60.2461],[14.1629,60.241],[14.137,60.2356],[14.0906,60.2372],[14.0474,60.2522],[14.0236,60.2635],[14.002,60.2613],[13.9926,60.2551],[13.9923,60.2549],[14.0269,60.2227],[14.0312,60.2024],[14.0171,60.1868],[14.0074,60.1871]]]}},
    {"type":"Feature","properties":{"kod":"1783","namn":"Hagfors","lan_kod":"17"},"geometry":{"type":"Polygon","coordinates":[[[13.6473,60.4213],[13.6219,60.4111],[13.5747,60.3964],[13.5523,60.3878],[13.5423,60.3583],[13.4653,60.3079],[13.4429,60.2832],[13.423,60.2721],[13.3982,60.2623],[13.3659,60.2549],[13.3435,60.2462],[13.3062,60.2388],[13.2864,60.2277],[13.269,60.2314],[13.2391,60.2425],[13.2143,60.2475],[13.1994,60.2376],[13.2068,60.1956],[13.2292,60.1722],[13.2615,60.1548],[13.2739,60.1462],[13.269,60.1338],[13.2616,60.1297],[13.2918,60.1249],[13.2988,60.1117],[13.3057,60.0562],[13.3277,60.0464],[13.3393,60.0354],[13.3428,60.0203],[13.3613,59.9862],[13.3694,59.9485],[13.3891,59.9363],[13.4158,59.9288],[13.4273,59.9137],[13.4192,59.8957],[13.4053,59.8864],[13.4008,59.8818],[13.544,59.8834],[13.573,59.8789],[13.5893,59.8671],[13.6092,59.8607],[13.6309,59.8698],[13.6544,59.8698],[13.6617,59.838],[13.6595,59.8221],[13.6581,59.8116],[13.6725,59.8016],[13.6979,59.7916],[13.7,59.7876],[13.8164,59.7886],[13.8493,59.7834],[13.8521,59.781],[13.8633,59.7919],[13.8844,59.8012],[13.9253,59.8051],[13.9292,59.8144],[13.9081,59.8297],[13.895,59.8436],[13.8936,59.8681],[13.9147,59.8833],[13.9529,59.9005],[13.9503,59.9269],[13.9661,59.952],[13.9925,59.9658],[14.0281,59.9711],[14.032,59.9889],[14.0346,60.037],[14.0478,60.0574],[14.0531,60.0843],[14.0518,60.1152],[14.0281,60.1296],[14.0202,60.1677],[14.0074,60.1871],[13.9988,60.1873],[13.9426,60.2126],[13.8363,60.2809],[13.8231,60.3031],[13.7888,60.3383],[13.7466,60.3723],[13.7334,60.3944],[13.6912,60.4113],[13.6622,60.4178],[13.6473,60.4213]]]}},
    {"type":"Feature","properties":{"kod":"1784","namn":"Arvika","lan_kod":"17"},"geometry":{"type":"Polygon","coordinates":[[[12.5177,60.138],[12.4825,60.0677],[12.4649,60.0506],[12.4799,60.0325],[12.4857,60.0059],[12.4961,59.9862],[12.4961,59.9566],[12.4869,59.9357],[12.473,59.9236],[12.4683,59.8997],[12.4683,59.8585],[12.4915,59.8439],[12.5112,59.8177],[12.4996,59.8055],[12.4568,59.7997],[12.4185,59.7904],[12.3919,59.77],[12.3641,59.739],[12.349,59.7005],[12.3456,59.6835],[12.3154,59.6385],[12.3166,59.6221],[12.3119,59.6072],[12.3189,59.598],[12.3225,59.5842],[12.3388,59.5741],[12.3532,59.5586],[12.3587,59.5365],[12.3261,59.4879],[12.3008,59.4686],[12.3116,59.453],[12.3912,59.4557],[12.4455,59.4548],[12.4926,59.4456],[12.5197,59.4447],[12.5396,59.4336],[12.5414,59.418],[12.5316,59.4125],[12.5921,59.3885],[12.7116,59.4042],[12.802,59.4097],[12.8274,59.4198],[12.8563,59.4272],[12.8925,59.4438],[12.8954,59.4518],[12.8962,59.4539],[12.8799,59.4649],[12.8545,59.4769],[12.8582,59.4906],[12.8726,59.5081],[12.898,59.5255],[12.9034,59.5531],[12.9106,59.5714],[12.9523,59.5714],[12.9585,59.5737],[12.9975,59.5879],[13.0192,59.6035],[13.0283,59.6135],[13.0554,59.6044],[13.0753,59.6419],[13.0771,59.6648],[13.1018,59.6706],[13.1079,59.6721],[13.1007,59.6894],[13.0735,59.7049],[12.9685,59.7515],[12.9378,59.7779],[12.8998,59.8189],[12.8455,59.8516],[12.8238,59.8625],[12.7858,59.8671],[12.7533,59.8782],[12.7174,59.8945],[12.7081,59.9207],[12.7486,59.9531],[12.7637,59.9624],[12.7683,59.9833],[12.7533,59.9943],[12.7301,60.0059],[12.7011,60.0117],[12.6757,60.0209],[12.6513,60.0308],[12.6316,60.0429],[12.627,60.0574],[12.6062,60.0788],[12.6062,60.0862],[12.6029,60.0855],[12.583,60.14],[12.5177,60.138]]]}},
    {"type":"Feature","properties":{"kod":"1785","namn":"Säffle","lan_kod":"17"},"geometry":{"type":"Polygon","coordinates":[[[12.4624,59.1798],[12.4637,59.1797],[12.4836,59.1593],[12.4906,59.1401],[12.4911,59.1389],[12.5234,59.13],[12.5805,59.1249],[12.6203,59.1274],[12.6675,59.1759],[12.6924,59.1835],[12.752,59.1631],[12.7744,59.1427],[12.7818,59.1172],[12.7893,59.0738],[12.7992,59.0547],[12.8023,59.055],[12.8005,59.0485],[12.8967,58.9936],[12.979,58.8045],[12.9793,58.8044],[13.1849,58.7595],[13.2352,58.7571],[13.281,58.7262],[13.4165,58.7356],[13.4182,58.7357],[13.415,58.7401],[13.3862,58.7784],[13.4411,58.9086],[13.6006,59.0213],[13.3767,59.1383],[13.1954,59.2331],[13.1428,59.2606],[13.1374,59.2636],[13.1079,59.2629],[13.0934,59.2546],[13.0699,59.2537],[13.0482,59.2565],[13.0337,59.2528],[13.0029,59.2537],[12.974,59.2574],[12.9559,59.274],[12.9468,59.3165],[12.9486,59.3553],[12.9251,59.3682],[12.9342,59.3903],[12.9559,59.4032],[12.9595,59.4171],[12.9432,59.4281],[12.9287,59.4474],[12.8954,59.4518],[12.8925,59.4438],[12.8563,59.4272],[12.8274,59.4198],[12.802,59.4097],[12.7116,59.4042],[12.5921,59.3885],[12.5316,59.4125],[12.5215,59.4069],[12.4853,59.394],[12.5053,59.3811],[12.5143,59.3701],[12.4835,59.3415],[12.4817,59.2824],[12.4618,59.2306],[12.4654,59.2],[12.4624,59.1798]]]}},
    {"type":"Feature","properties":{"kod":"1814","namn":"Lekeberg","lan_kod":"18"},"geometry":{"type":"Polygon","coordinates":[[[14.6284,59.2709],[14.6298,59.2615],[14.6085,59.253],[14.5896,59.2409],[14.5872,59.2216],[14.5896,59.1865],[14.6109,59.1598],[14.618,59.1392],[14.6097,59.1266],[14.6534,59.1283],[14.6818,59.138],[14.7527,59.1501],[14.7716,59.1501],[14.7598,59.1295],[14.7504,59.1016],[14.748,59.0724],[14.7338,59.0651],[14.7371,59.0595],[14.7645,59.0615],[14.7882,59.07],[14.8142,59.087],[14.8402,59.1004],[14.878,59.1077],[14.9182,59.1101],[14.9369,59.1149],[14.9419,59.1162],[14.956,59.1307],[14.9773,59.1477],[15.0341,59.1538],[15.0695,59.1598],[15.0861,59.1756],[15.0777,59.1937],[15.0743,59.201],[15.053,59.2192],[15.0175,59.2216],[14.9939,59.2131],[14.956,59.2192],[14.9608,59.2409],[14.9584,59.2554],[14.9442,59.2687],[14.9466,59.2905],[14.8851,59.3327],[14.8018,59.3455],[14.8011,59.344],[14.7921,59.3325],[14.8072,59.3178],[14.8011,59.3],[14.783,59.2815],[14.7512,59.2776],[14.7346,59.2552],[14.7073,59.2621],[14.6634,59.2799],[14.6362,59.2714],[14.6284,59.2709]]]}},
    {"type":"Feature","properties":{"kod":"1860","namn":"Laxå","lan_kod":"18"},"geometry":{"type":"Polygon","coordinates":[[[14.7031,58.7613],[14.7031,58.7857],[14.696,58.8163],[14.6818,58.8224],[14.6747,58.8432],[14.6558,58.8555],[14.6629,58.8616],[14.6794,58.9007],[14.7314,58.9166],[14.7811,58.9349],[14.8024,58.9519],[14.8071,58.9653],[14.7858,58.98],[14.7669,58.9873],[14.748,58.9995],[14.7456,59.0055],[14.7626,59.0118],[14.7787,59.0177],[14.7693,59.036],[14.7409,59.053],[14.7371,59.0595],[14.7338,59.0651],[14.748,59.0724],[14.7504,59.1016],[14.7598,59.1295],[14.7716,59.1501],[14.7527,59.1501],[14.6818,59.138],[14.6534,59.1283],[14.6097,59.1266],[14.6085,59.1246],[14.5518,59.1222],[14.5305,59.1149],[14.5139,59.104],[14.4997,59.0834],[14.4761,59.0627],[14.4856,59.0445],[14.4856,59.0323],[14.4548,59.0323],[14.417,59.0287],[14.3886,59.0177],[14.3603,59.0031],[14.3317,59.0047],[14.3231,58.9935],[14.3195,58.9768],[14.3423,58.9527],[14.3818,58.9224],[14.4238,58.8995],[14.4058,58.8747],[14.4208,58.8581],[14.4214,58.8573],[14.4046,58.8443],[14.4142,58.8313],[14.431,58.8276],[14.4394,58.8201],[14.442,58.8198],[14.4634,58.8176],[14.4994,58.8046],[14.5054,58.7903],[14.5126,58.7486],[14.5234,58.7393],[14.5509,58.748],[14.5761,58.7381],[14.5845,58.7244],[14.5833,58.7113],[14.5917,58.7057],[14.6289,58.7032],[14.6421,58.7138],[14.6373,58.7331],[14.6457,58.7542],[14.6601,58.7605],[14.7031,58.7613]]]}},
    {"type":"Feature","properties":{"kod":"1861","namn":"Hallsberg","lan_kod":"18"},"geometry":{"type":"Polygon","coordinates":[[[15.45,58.8532],[15.461,58.8511],[15.4694,58.8576],[15.4848,58.8906],[15.5293,58.8906],[15.5787,58.8932],[15.5836,58.9179],[15.6166,58.9366],[15.6001,58.9476],[15.5935,58.9663],[15.601,58.9779],[15.5562,59.0029],[15.5123,59.0146],[15.473,59.0278],[15.4669,59.0402],[15.4941,59.0543],[15.4956,59.0675],[15.4775,59.0924],[15.4714,59.1126],[15.4366,59.1498],[15.3943,59.1847],[15.3785,59.1885],[15.3792,59.1877],[15.3154,59.1598],[15.3059,59.1392],[15.2918,59.1174],[15.287,59.104],[15.2539,59.1113],[15.2208,59.1113],[15.1854,59.1028],[15.1688,59.0931],[15.131,59.1064],[15.0979,59.1028],[15.079,59.0894],[15.0364,59.0834],[14.9537,59.0967],[14.9369,59.1149],[14.9182,59.1101],[14.878,59.1077],[14.8402,59.1004],[14.8142,59.087],[14.7882,59.07],[14.7645,59.0615],[14.7371,59.0595],[14.7409,59.053],[14.7693,59.036],[14.7787,59.0177],[14.7626,59.0118],[14.7663,59.0083],[14.842,59.0005],[14.8828,59.0044],[14.8965,59.02],[14.9116,59.0301],[14.9464,59.0325],[14.963,59.0262],[14.9918,59.0278],[15.0115,59.034],[15.0447,59.0356],[15.0644,59.0488],[15.0901,59.0504],[15.1113,59.0395],[15.1234,59.0293],[15.187,59.0161],[15.1991,59.0068],[15.2505,58.9943],[15.2823,58.9764],[15.3307,58.9608],[15.3549,58.9342],[15.3474,58.9256],[15.358,58.9139],[15.3595,58.8913],[15.3551,58.8772],[15.3745,58.8702],[15.4051,58.8663],[15.4325,58.8565],[15.45,58.8532]]]}},
    {"type":"Feature","properties":{"kod":"1862","namn":"Degerfors","lan_kod":"18"},"geometry":{"type":"Polygon","coordinates":[[[14.3223,59.0303],[14.3327,59.0059],[14.3317,59.0047],[14.3603,59.0031],[14.3886,59.0177],[14.417,59.0287],[14.4548,59.0323],[14.4856,59.0323],[14.4856,59.0445],[14.4761,59.0627],[14.4997,59.0834],[14.5139,59.104],[14.5305,59.1149],[14.5518,59.1222],[14.6085,59.1246],[14.6097,59.1266],[14.618,59.1392],[14.6109,59.1598],[14.5896,59.1865],[14.5872,59.2216],[14.5896,59.2409],[14.6085,59.253],[14.6298,59.2615],[14.6284,59.2709],[14.6044,59.2691],[14.5848,59.2853],[14.5772,59.2977],[14.5575,59.3054],[14.494,59.3031],[14.4773,59.3132],[14.4562,59.3209],[14.3538,59.3229],[14.3534,59.3209],[14.3439,59.2982],[14.3359,59.2649],[14.32,59.2462],[14.3184,59.234],[14.3312,59.2202],[14.3232,59.177],[14.3487,59.1346],[14.363,59.1191],[14.3614,59.0774],[14.3391,59.066],[14.3375,59.039],[14.3232,59.03],[14.3223,59.0303]]]}},
    {"type":"Feature","properties":{"kod":"1863","namn":"Hällefors","lan_kod":"18"},"geometry":{"type":"Polygon","coordinates":[[[14.4926,60.0404],[14.4902,59.9911],[14.4807,59.9863],[14.4234,59.9831],[14.3884,59.968],[14.3837,59.9513],[14.3964,59.9306],[14.4282,59.9194],[14.4536,59.8995],[14.4664,59.826],[14.4616,59.7908],[14.4552,59.7772],[14.4425,59.7636],[14.4377,59.7339],[14.4536,59.7195],[14.4664,59.6978],[14.4664,59.6593],[14.495,59.6255],[14.4992,59.5962],[14.4998,59.5917],[14.495,59.5692],[14.4871,59.5603],[14.4801,59.5579],[14.5061,59.554],[14.5424,59.5379],[14.5681,59.531],[14.5954,59.5248],[14.6181,59.5233],[14.6468,59.5118],[14.6771,59.5064],[14.6998,59.4964],[14.75,59.4964],[14.7529,59.4987],[14.7591,59.5302],[14.7529,59.5409],[14.7374,59.5503],[14.6816,59.5512],[14.6674,59.561],[14.6593,59.5763],[14.676,59.5839],[14.7043,59.6053],[14.7542,59.6352],[14.7845,59.6428],[14.8042,59.6573],[14.8042,59.6711],[14.7921,59.6818],[14.7739,59.6894],[14.7663,59.7108],[14.7452,59.7192],[14.7905,59.723],[14.8117,59.7139],[14.8541,59.7161],[14.9116,59.7398],[14.9551,59.7461],[14.954,59.7467],[14.9479,59.7695],[14.94,59.782],[14.9373,59.7863],[14.9176,59.8],[14.9086,59.8258],[14.8934,59.8411],[14.8949,59.8692],[14.8798,59.8851],[14.8511,59.8988],[14.8299,59.9117],[14.8072,59.942],[14.7996,59.9731],[14.7784,60.0011],[14.78,60.0147],[14.7735,60.0195],[14.759,60.0171],[14.7221,60.0184],[14.6641,60.025],[14.6061,60.0263],[14.5138,60.0421],[14.4926,60.0404]]]}},
    {"type":"Feature","properties":{"kod":"1864","namn":"Ljusnarsberg","lan_kod":"18"},"geometry":{"type":"Polygon","coordinates":[[[14.7735,60.0195],[14.78,60.0147],[14.7784,60.0011],[14.7996,59.9731],[14.8072,59.942],[14.8299,59.9117],[14.8511,59.8988],[14.8798,59.8851],[14.8949,59.8692],[14.8934,59.8411],[14.9086,59.8258],[14.9176,59.8],[14.9373,59.7863],[14.94,59.782],[14.9683,59.784],[14.9848,59.7981],[15.039,59.801],[15.0864,59.8006],[15.1048,59.802],[15.1165,59.8191],[15.1213,59.8405],[15.1475,59.8458],[15.1736,59.8599],[15.1813,59.8799],[15.1959,59.8935],[15.2056,59.909],[15.2123,59.9284],[15.224,59.941],[15.2414,59.9784],[15.2646,59.9896],[15.2573,59.9947],[15.231,60.0145],[15.1519,60.0369],[15.125,60.0515],[15.1229,60.0527],[15.0728,60.0737],[14.9805,60.0737],[14.9409,60.075],[14.904,60.0921],[14.8645,60.1224],[14.8249,60.125],[14.7907,60.1105],[14.7722,60.0921],[14.7748,60.0198],[14.7735,60.0195]]]}},
    {"type":"Feature","properties":{"kod":"1880","namn":"Örebro","lan_kod":"18"},"geometry":{"type":"Polygon","coordinates":[[[15.6796,59.0103],[15.6651,59.0317],[15.6364,59.0434],[15.6349,59.0581],[15.7166,59.0986],[15.7347,59.1141],[15.7559,59.1196],[15.7877,59.1219],[15.8028,59.1265],[15.8119,59.1428],[15.8134,59.1537],[15.7743,59.2006],[15.7653,59.2114],[15.765,59.2118],[15.7937,59.2273],[15.7453,59.2351],[15.7302,59.2668],[15.6772,59.2784],[15.6893,59.2892],[15.6802,59.3085],[15.6576,59.3224],[15.653,59.3425],[15.6666,59.3517],[15.653,59.3695],[15.6318,59.3818],[15.6174,59.3965],[15.5755,59.3965],[15.5471,59.4074],[15.5235,59.4134],[15.5211,59.4218],[15.5329,59.4374],[15.514,59.4495],[15.4833,59.4531],[15.4573,59.4495],[15.4289,59.4483],[15.4052,59.4567],[15.3721,59.4567],[15.3414,59.4615],[15.3178,59.4771],[15.313,59.5035],[15.3012,59.5251],[15.2728,59.5323],[15.2539,59.5395],[15.2232,59.5419],[15.1733,59.5409],[15.1726,59.51],[15.1726,59.4854],[15.1552,59.4687],[15.1252,59.4554],[15.099,59.4568],[15.0942,59.4755],[15.0777,59.4893],[15.0632,59.4893],[15.0303,59.4755],[15.0361,59.4539],[15.0245,59.4411],[14.9974,59.4352],[14.9751,59.4224],[14.9373,59.3963],[14.8666,59.3968],[14.8337,59.3997],[14.8076,59.4042],[14.7787,59.3947],[14.7905,59.3857],[14.8148,59.3741],[14.8018,59.3455],[14.8851,59.3327],[14.9466,59.2905],[14.9442,59.2687],[14.9584,59.2554],[14.9608,59.2409],[14.956,59.2192],[14.9939,59.2131],[15.0175,59.2216],[15.053,59.2192],[15.0743,59.201],[15.0777,59.1937],[15.1286,59.1913],[15.1972,59.1925],[15.235,59.1998],[15.2752,59.1962],[15.2965,59.2046],[15.3414,59.2058],[15.3674,59.201],[15.3785,59.1885],[15.3943,59.1847],[15.4366,59.1498],[15.4714,59.1126],[15.4775,59.0924],[15.4956,59.0675],[15.4941,59.0543],[15.4669,59.0402],[15.473,59.0278],[15.5123,59.0146],[15.5562,59.0029],[15.601,58.9779],[15.605,58.9841],[15.6215,58.996],[15.6512,59.0045],[15.6796,59.0103]]]}},
    {"type":"Feature","properties":{"kod":"1881","namn":"Kumla","lan_kod":"18"},"geometry":{"type":"Polygon","coordinates":[[[14.9369,59.1149],[14.9537,59.0967],[15.0364,59.0834],[15.079,59.0894],[15.0979,59.1028],[15.131,59.1064],[15.1688,59.0931],[15.1854,59.1028],[15.2208,59.1113],[15.2539,59.1113],[15.287,59.104],[15.2918,59.1174],[15.3059,59.1392],[15.3154,59.1598],[15.3792,59.1877],[15.3785,59.1885],[15.3674,59.201],[15.3414,59.2058],[15.2965,59.2046],[15.2752,59.1962],[15.235,59.1998],[15.1972,59.1925],[15.1286,59.1913],[15.0777,59.1937],[15.0861,59.1756],[15.0695,59.1598],[15.0341,59.1538],[14.9773,59.1477],[14.956,59.1307],[14.9419,59.1162],[14.9369,59.1149]]]}},
    {"type":"Feature","properties":{"kod":"1882","namn":"Askersund","lan_kod":"18"},"geometry":{"type":"Polygon","coordinates":[[[15.3551,58.8772],[15.3595,58.8913],[15.358,58.9139],[15.3474,58.9256],[15.3549,58.9342],[15.3307,58.9608],[15.2823,58.9764],[15.2505,58.9943],[15.1991,59.0068],[15.187,59.0161],[15.1234,59.0293],[15.1113,59.0395],[15.0901,59.0504],[15.0644,59.0488],[15.0447,59.0356],[15.0115,59.034],[14.9918,59.0278],[14.963,59.0262],[14.9464,59.0325],[14.9116,59.0301],[14.8965,59.02],[14.8828,59.0044],[14.842,59.0005],[14.7663,59.0083],[14.7626,59.0118],[14.7456,59.0055],[14.748,58.9995],[14.7669,58.9873],[14.7858,58.98],[14.8071,58.9653],[14.8024,58.9519],[14.7811,58.9349],[14.7314,58.9166],[14.6794,58.9007],[14.6629,58.8616],[14.6558,58.8555],[14.6747,58.8432],[14.6818,58.8224],[14.696,58.8163],[14.7031,58.7857],[14.7031,58.7613],[14.7248,58.7617],[14.7276,58.7138],[14.7208,58.7062],[14.7837,58.6563],[14.7844,58.6565],[14.8244,58.6716],[14.902,58.687],[14.9583,58.7155],[14.9592,58.7178],[15.014,58.7107],[15.0594,58.7358],[15.0801,58.7446],[15.0955,58.7673],[15.1135,58.786],[15.1315,58.7927],[15.1418,58.8073],[15.1418,58.818],[15.165,58.8353],[15.1959,58.8406],[15.2345,58.8539],[15.2679,58.8712],[15.304,58.8819],[15.3534,58.8778],[15.3551,58.8772]]]}},
    {"type":"Feature","properties":{"kod":"1883","namn":"Karlskoga","lan_kod":"18"},"geometry":{"type":"Polygon","coordinates":[[[14.373,59.349],[14.3566,59.3388],[14.3538,59.3229],[14.4562,59.3209],[14.4773,59.3132],[14.494,59.3031],[14.5575,59.3054],[14.5772,59.2977],[14.5848,59.2853],[14.6044,59.2691],[14.6284,59.2709],[14.6362,59.2714],[14.6634,59.2799],[14.7073,59.2621],[14.7346,59.2552],[14.7512,59.2776],[14.783,59.2815],[14.8011,59.3],[14.8072,59.3178],[14.7921,59.3325],[14.8011,59.344],[14.8018,59.3455],[14.8148,59.3741],[14.7905,59.3857],[14.7787,59.3947],[14.7769,59.3941],[14.7588,59.3988],[14.7255,59.4234],[14.7194,59.4449],[14.73,59.4565],[14.7497,59.4672],[14.7512,59.4964],[14.6998,59.4964],[14.6771,59.5064],[14.6468,59.5118],[14.6181,59.5233],[14.5954,59.5248],[14.5681,59.531],[14.5424,59.5379],[14.5061,59.554],[14.4801,59.5579],[14.4568,59.5498],[14.4377,59.5377],[14.4282,59.5232],[14.4409,59.5111],[14.4616,59.4974],[14.4711,59.4748],[14.4918,59.4627],[14.4839,59.4481],[14.4473,59.4303],[14.3996,59.3882],[14.3868,59.3704],[14.3789,59.3526],[14.373,59.349]]]}},
    {"type":"Feature","properties":{"kod":"1884","namn":"Nora","lan_kod":"18"},"geometry":{"type":"Polygon","coordinates":[[[14.75,59.4964],[14.7512,59.4964],[14.7497,59.4672],[14.73,59.4565],[14.7194,59.4449],[14.7255,59.4234],[14.7588,59.3988],[14.7769,59.3941],[14.7787,59.3947],[14.8076,59.4042],[14.8337,59.3997],[14.8666,59.3968],[14.9373,59.3963],[14.9751,59.4224],[14.9974,59.4352],[15.0245,59.4411],[15.0361,59.4539],[15.0303,59.4755],[15.0632,59.4893],[15.0777,59.4893],[15.0942,59.4755],[15.099,59.4568],[15.1252,59.4554],[15.1552,59.4687],[15.1726,59.4854],[15.1726,59.51],[15.1733,59.5409],[15.1734,59.5448],[15.1764,59.5609],[15.1885,59.5732],[15.1885,59.5824],[15.1703,59.5915],[15.134,59.6015],[15.1038,59.6076],[15.0553,59.6122],[15.0372,59.6237],[15.0311,59.6382],[15.0069,59.6696],[15.0039,59.691],[14.9767,59.7345],[14.9551,59.7461],[14.9116,59.7398],[14.8541,59.7161],[14.8117,59.7139],[14.7905,59.723],[14.7452,59.7192],[14.7663,59.7108],[14.7739,59.6894],[14.7921,59.6818],[14.8042,59.6711],[14.8042,59.6573],[14.7845,59.6428],[14.7542,59.6352],[14.7043,59.6053],[14.676,59.5839],[14.6593,59.5763],[14.6674,59.561],[14.6816,59.5512],[14.7374,59.5503],[14.7529,59.5409],[14.7591,59.5302],[14.7529,59.4987],[14.75,59.4964]]]}},
    {"type":"Feature","properties":{"kod":"1885","namn":"Lindesberg","lan_kod":"18"},"geometry":{"type":"Polygon","coordinates":[[[15.2646,59.9896],[15.2414,59.9784],[15.224,59.941],[15.2123,59.9284],[15.2056,59.909],[15.1959,59.8935],[15.1813,59.8799],[15.1736,59.8599],[15.1475,59.8458],[15.1213,59.8405],[15.1165,59.8191],[15.1048,59.802],[15.0864,59.8006],[15.039,59.801],[14.9848,59.7981],[14.9683,59.784],[14.94,59.782],[14.9479,59.7695],[14.954,59.7467],[14.9551,59.7461],[14.9767,59.7345],[15.0039,59.691],[15.0069,59.6696],[15.0311,59.6382],[15.0372,59.6237],[15.0553,59.6122],[15.1038,59.6076],[15.134,59.6015],[15.1703,59.5915],[15.1885,59.5824],[15.1885,59.5732],[15.1764,59.5609],[15.1734,59.5448],[15.1733,59.5409],[15.2232,59.5419],[15.2539,59.5395],[15.2728,59.5323],[15.3012,59.5251],[15.313,59.5035],[15.3178,59.4771],[15.3414,59.4615],[15.3721,59.4567],[15.4052,59.4567],[15.4289,59.4483],[15.4573,59.4495],[15.4833,59.4531],[15.514,59.4495],[15.5329,59.4374],[15.5211,59.4218],[15.5235,59.4134],[15.5471,59.4074],[15.5755,59.3965],[15.6174,59.3965],[15.6167,59.3972],[15.6227,59.4134],[15.6349,59.4226],[15.6712,59.4242],[15.7105,59.4226],[15.7438,59.4288],[15.7468,59.4403],[15.7302,59.4565],[15.7302,59.4811],[15.7196,59.4987],[15.7029,59.508],[15.715,59.5202],[15.7302,59.5241],[15.7423,59.5463],[15.7623,59.5543],[15.7635,59.5548],[15.6969,59.5578],[15.6802,59.5479],[15.6651,59.5417],[15.6485,59.5563],[15.6545,59.6183],[15.6454,59.6375],[15.6273,59.6482],[15.5925,59.6451],[15.5774,59.6528],[15.5471,59.6581],[15.5305,59.678],[15.541,59.7024],[15.5601,59.7211],[15.5698,59.7306],[15.5683,59.7566],[15.5456,59.7741],[15.5229,59.8114],[15.4956,59.8167],[15.4624,59.8205],[15.4518,59.8312],[15.4684,59.8471],[15.4558,59.8869],[15.4551,59.8864],[15.434,59.8838],[15.4129,59.901],[15.3206,59.9499],[15.2646,59.9896]]]}},
    {"type":"Feature","properties":{"kod":"1904","namn":"Skinnskatteberg","lan_kod":"19"},"geometry":{"type":"Polygon","coordinates":[[[15.4558,59.8869],[15.4684,59.8471],[15.4518,59.8312],[15.4624,59.8205],[15.4956,59.8167],[15.5229,59.8114],[15.5456,59.7741],[15.5683,59.7566],[15.5698,59.7306],[15.5601,59.7211],[15.618,59.7164],[15.6558,59.7068],[15.6937,59.7009],[15.7244,59.708],[15.7622,59.7092],[15.7859,59.6913],[15.8024,59.6711],[15.8355,59.6603],[15.8828,59.6734],[15.9041,59.6854],[15.9727,59.6878],[16.0176,59.7009],[16.0173,59.7015],[16.0105,59.714],[16.0294,59.7295],[16.027,59.7771],[16.0081,59.7974],[15.9963,59.8188],[15.9892,59.8449],[15.9679,59.8603],[15.9679,59.8729],[15.9514,59.871],[15.9396,59.8817],[15.8757,59.9113],[15.8308,59.9137],[15.7977,59.903],[15.7788,59.9102],[15.7646,59.9256],[15.741,59.9303],[15.7173,59.9445],[15.7112,59.9676],[15.7082,59.9644],[15.6792,59.9578],[15.6291,59.9683],[15.5579,59.9696],[15.5236,59.9578],[15.5157,59.93],[15.4972,59.9129],[15.4735,59.8983],[15.4558,59.8869]]]}},
    {"type":"Feature","properties":{"kod":"1907","namn":"Surahammar","lan_kod":"19"},"geometry":{"type":"Polygon","coordinates":[[[15.9679,59.8729],[15.9679,59.8603],[15.9892,59.8449],[15.9963,59.8188],[16.0081,59.7974],[16.027,59.7771],[16.0294,59.7295],[16.0105,59.714],[16.0173,59.7015],[16.053,59.6878],[16.0909,59.6842],[16.1173,59.6837],[16.1618,59.683],[16.2445,59.6818],[16.2705,59.6878],[16.2802,59.7017],[16.2871,59.7116],[16.2989,59.7152],[16.3084,59.7355],[16.3084,59.7724],[16.3119,59.8033],[16.306,59.8009],[16.28,59.8116],[16.2469,59.8283],[16.2351,59.8425],[16.2256,59.8686],[16.1523,59.903],[16.1311,59.9173],[16.1068,59.9271],[16.0838,59.9208],[16.0554,59.9007],[16.0294,59.8876],[15.9868,59.8841],[15.9727,59.8734],[15.9679,59.8729]]]}},
    {"type":"Feature","properties":{"kod":"1960","namn":"Kungsör","lan_kod":"19"},"geometry":{"type":"Polygon","coordinates":[[[16.2849,59.4639],[16.2847,59.4639],[16.2564,59.4675],[16.2458,59.476],[16.1973,59.4735],[16.1452,59.4747],[16.0649,59.4927],[16.0152,59.4963],[15.9585,59.4963],[15.9065,59.4831],[15.8826,59.4842],[15.8891,59.4757],[15.9072,59.4611],[15.9178,59.4473],[15.9481,59.4388],[15.9783,59.4334],[15.9919,59.4257],[16.0192,59.4003],[16.018,59.3959],[16.0373,59.3964],[16.0661,59.3864],[16.0948,59.3803],[16.1735,59.3749],[16.2673,59.3911],[16.2961,59.4072],[16.2976,59.4342],[16.2849,59.4639]]]}},
    {"type":"Feature","properties":{"kod":"1961","namn":"Hallstahammar","lan_kod":"19"},"geometry":{"type":"Polygon","coordinates":[[[16.296,59.4646],[16.2753,59.4903],[16.2682,59.5107],[16.2776,59.5227],[16.3391,59.567],[16.3415,59.5922],[16.332,59.6292],[16.3273,59.6651],[16.3084,59.6806],[16.2847,59.6937],[16.2802,59.7017],[16.2705,59.6878],[16.2445,59.6818],[16.1618,59.683],[16.1173,59.6837],[16.098,59.6651],[16.0956,59.646],[16.1263,59.6221],[16.1523,59.6089],[16.1689,59.5958],[16.1807,59.5814],[16.1973,59.567],[16.2233,59.5586],[16.2398,59.5431],[16.2445,59.5275],[16.2445,59.5143],[16.2327,59.4867],[16.2458,59.476],[16.2564,59.4675],[16.2847,59.4639],[16.2849,59.4639],[16.296,59.4646]]]}},
    {"type":"Feature","properties":{"kod":"1962","namn":"Norberg","lan_kod":"19"},"geometry":{"type":"Polygon","coordinates":[[[15.7239,60.0462],[15.7481,60.0462],[15.7693,60.0509],[15.8095,60.0556],[15.8355,60.0545],[15.8544,60.0615],[15.8781,60.0556],[15.8994,60.0379],[15.923,60.032],[15.9514,60.0285],[15.9845,60.0178],[16.0105,60.0037],[16.0318,60.006],[16.0554,60.0131],[16.0838,60.0108],[16.0956,60.0013],[16.098,59.9765],[16.1027,59.9646],[16.1141,59.9652],[16.1263,59.9658],[16.1594,59.9741],[16.1736,59.9871],[16.1523,59.9989],[16.1547,60.0096],[16.2091,60.0143],[16.2067,60.0474],[16.202,60.0615],[16.2139,60.0989],[16.2012,60.0987],[16.1854,60.1053],[16.1643,60.121],[16.1854,60.1381],[16.1774,60.1539],[16.0852,60.1696],[16.072,60.1801],[16.0324,60.1971],[16.0249,60.2018],[16.0219,60.2037],[15.9718,60.205],[15.9402,60.1866],[15.8558,60.1893],[15.8373,60.1984],[15.8141,60.1997],[15.8136,60.1997],[15.8083,60.1814],[15.7952,60.1722],[15.7741,60.163],[15.7635,60.1617],[15.7556,60.1539],[15.7741,60.1394],[15.7741,60.1171],[15.753,60.1026],[15.7372,60.0829],[15.7134,60.0671],[15.7239,60.0462]]]}},
    {"type":"Feature","properties":{"kod":"1980","namn":"Västerås","lan_kod":"19"},"geometry":{"type":"Polygon","coordinates":[[[16.7705,59.8047],[16.7434,59.8104],[16.7079,59.8081],[16.6843,59.7926],[16.6299,59.7843],[16.6063,59.7974],[16.5826,59.8211],[16.5613,59.8342],[16.533,59.8473],[16.4833,59.8663],[16.4384,59.8663],[16.3817,59.8425],[16.3604,59.8247],[16.3297,59.8104],[16.3119,59.8033],[16.3084,59.7724],[16.3084,59.7355],[16.2989,59.7152],[16.2871,59.7116],[16.2802,59.7017],[16.2847,59.6937],[16.3084,59.6806],[16.3273,59.6651],[16.332,59.6292],[16.3415,59.5922],[16.3391,59.567],[16.2776,59.5227],[16.2682,59.5107],[16.2753,59.4903],[16.296,59.4646],[16.2966,59.4639],[16.4077,59.4747],[16.7363,59.4867],[16.7405,59.4887],[16.767,59.5011],[16.8498,59.4927],[16.8781,59.4879],[16.916,59.4951],[16.9491,59.5179],[16.9803,59.5589],[16.9351,59.573],[16.9061,59.6171],[16.8903,59.649],[16.8811,59.675],[16.8403,59.7136],[16.7968,59.7454],[16.7875,59.7673],[16.7717,59.7833],[16.7691,59.7965],[16.7705,59.8047]]]}},
    {"type":"Feature","properties":{"kod":"1981","namn":"Sala","lan_kod":"19"},"geometry":{"type":"Polygon","coordinates":[[[16.2139,60.0989],[16.202,60.0615],[16.2067,60.0474],[16.2091,60.0143],[16.1547,60.0096],[16.1523,59.9989],[16.1736,59.9871],[16.1594,59.9741],[16.1263,59.9658],[16.1141,59.9652],[16.1169,59.9386],[16.1098,59.9279],[16.1068,59.9271],[16.1311,59.9173],[16.1523,59.903],[16.2256,59.8686],[16.2351,59.8425],[16.2469,59.8283],[16.28,59.8116],[16.306,59.8009],[16.3119,59.8033],[16.3297,59.8104],[16.3604,59.8247],[16.3817,59.8425],[16.4384,59.8663],[16.4833,59.8663],[16.533,59.8473],[16.5613,59.8342],[16.5826,59.8211],[16.6063,59.7974],[16.6299,59.7843],[16.6843,59.7926],[16.7079,59.8081],[16.7434,59.8104],[16.7705,59.8047],[16.7717,59.8124],[16.7902,59.8277],[16.8165,59.8396],[16.8231,59.8661],[16.822,59.8907],[16.8218,59.8945],[16.802,59.9064],[16.7955,59.9223],[16.8007,59.9632],[16.7981,59.979],[16.7572,60.0014],[16.7335,60.0297],[16.7454,60.0541],[16.7269,60.0764],[16.7217,60.1073],[16.7269,60.125],[16.7586,60.1598],[16.7533,60.1887],[16.7269,60.2083],[16.7305,60.2164],[16.678,60.2109],[16.6316,60.2142],[16.5819,60.1954],[16.5463,60.1841],[16.5409,60.1615],[16.4502,60.1486],[16.3897,60.1072],[16.3616,60.1002],[16.3152,60.1002],[16.2139,60.0989]]]}},
    {"type":"Feature","properties":{"kod":"1982","namn":"Fagersta","lan_kod":"19"},"geometry":{"type":"Polygon","coordinates":[[[15.7112,59.9676],[15.7173,59.9445],[15.741,59.9303],[15.7646,59.9256],[15.7788,59.9102],[15.7977,59.903],[15.8308,59.9137],[15.8757,59.9113],[15.9396,59.8817],[15.9514,59.871],[15.9679,59.8729],[15.9727,59.8734],[15.9868,59.8841],[16.0294,59.8876],[16.0554,59.9007],[16.0838,59.9208],[16.1068,59.9271],[16.1098,59.9279],[16.1169,59.9386],[16.1141,59.9652],[16.1027,59.9646],[16.098,59.9765],[16.0956,60.0013],[16.0838,60.0108],[16.0554,60.0131],[16.0318,60.006],[16.0105,60.0037],[15.9845,60.0178],[15.9514,60.0285],[15.923,60.032],[15.8994,60.0379],[15.8781,60.0556],[15.8544,60.0615],[15.8355,60.0545],[15.8095,60.0556],[15.7693,60.0509],[15.7481,60.0462],[15.7239,60.0462],[15.7266,60.0408],[15.7292,60.0237],[15.7477,60.0105],[15.7556,59.9947],[15.724,59.9815],[15.7112,59.9676]]]}},
    {"type":"Feature","properties":{"kod":"1983","namn":"Köping","lan_kod":"19"},"geometry":{"type":"Polygon","coordinates":[[[15.7623,59.5543],[15.7668,59.5547],[15.7771,59.544],[15.7983,59.5287],[15.8164,59.5103],[15.8497,59.4857],[15.8826,59.4842],[15.9065,59.4831],[15.9585,59.4963],[16.0152,59.4963],[16.0649,59.4927],[16.1452,59.4747],[16.1973,59.4735],[16.2458,59.476],[16.2327,59.4867],[16.2445,59.5143],[16.2445,59.5275],[16.2398,59.5431],[16.2233,59.5586],[16.1973,59.567],[16.1807,59.5814],[16.1689,59.5958],[16.1523,59.6089],[16.1263,59.6221],[16.0956,59.646],[16.098,59.6651],[16.1173,59.6837],[16.0909,59.6842],[16.053,59.6878],[16.0173,59.7015],[16.0176,59.7009],[15.9727,59.6878],[15.9041,59.6854],[15.8828,59.6734],[15.8355,59.6603],[15.8024,59.6711],[15.7859,59.6913],[15.7622,59.7092],[15.7244,59.708],[15.6937,59.7009],[15.6558,59.7068],[15.618,59.7164],[15.5601,59.7211],[15.541,59.7024],[15.5305,59.678],[15.5471,59.6581],[15.5774,59.6528],[15.5925,59.6451],[15.6273,59.6482],[15.6454,59.6375],[15.6545,59.6183],[15.6485,59.5563],[15.6651,59.5417],[15.6802,59.5479],[15.6969,59.5578],[15.7635,59.5548],[15.7623,59.5543]]]}},
    {"type":"Feature","properties":{"kod":"1984","namn":"Arboga","lan_kod":"19"},"geometry":{"type":"Polygon","coordinates":[[[16.018,59.3959],[16.0192,59.4003],[15.9919,59.4257],[15.9783,59.4334],[15.9481,59.4388],[15.9178,59.4473],[15.9072,59.4611],[15.8891,59.4757],[15.8826,59.4842],[15.8497,59.4857],[15.8164,59.5103],[15.7983,59.5287],[15.7771,59.544],[15.7668,59.5547],[15.7623,59.5543],[15.7423,59.5463],[15.7302,59.5241],[15.715,59.5202],[15.7029,59.508],[15.7196,59.4987],[15.7302,59.4811],[15.7302,59.4565],[15.7468,59.4403],[15.7438,59.4288],[15.7105,59.4226],[15.6712,59.4242],[15.6349,59.4226],[15.6227,59.4134],[15.6167,59.3972],[15.6174,59.3965],[15.6318,59.3818],[15.653,59.3695],[15.6666,59.3517],[15.653,59.3425],[15.6576,59.3224],[15.6802,59.3085],[15.6893,59.2892],[15.6772,59.2784],[15.7302,59.2668],[15.7453,59.2351],[15.7937,59.2273],[15.765,59.2118],[15.7653,59.2114],[15.8951,59.2397],[15.8955,59.2421],[15.9042,59.2923],[15.8906,59.3077],[15.8981,59.3193],[15.9254,59.3309],[15.9632,59.3687],[15.9874,59.3772],[16.0146,59.3841],[16.018,59.3959]]]}},
    {"type":"Feature","properties":{"kod":"2021","namn":"Vansbro","lan_kod":"20"},"geometry":{"type":"Polygon","coordinates":[[[13.9926,60.2551],[14.002,60.2613],[14.0236,60.2635],[14.0474,60.2522],[14.0906,60.2372],[14.137,60.2356],[14.1629,60.241],[14.1836,60.2461],[14.1881,60.2533],[14.2118,60.2595],[14.2524,60.2595],[14.2915,60.2657],[14.3376,60.2706],[14.4089,60.2713],[14.5082,60.2546],[14.525,60.2491],[14.5501,60.2456],[14.5851,60.2519],[14.6298,60.2754],[14.6579,60.2883],[14.6494,60.3295],[14.6326,60.3398],[14.6522,60.3571],[14.6494,60.3806],[14.6564,60.4145],[14.6508,60.4662],[14.6312,60.4889],[14.62,60.5192],[14.5851,60.5371],[14.5922,60.5742],[14.5608,60.5811],[14.5258,60.6026],[14.4843,60.6186],[14.4472,60.6379],[14.4101,60.67],[14.4101,60.685],[14.4033,60.7043],[14.3177,60.6999],[14.2007,60.697],[14.1137,60.6823],[14.0445,60.68],[14.0445,60.6241],[14.0155,60.6021],[13.9575,60.5866],[13.9259,60.5594],[13.918,60.527],[13.9391,60.4997],[13.9338,60.4777],[13.9233,60.4673],[13.9391,60.4478],[13.9523,60.423],[13.9654,60.3775],[13.9813,60.3553],[13.9813,60.3122],[13.9602,60.2874],[13.9707,60.2678],[13.9926,60.2551]]]}},
    {"type":"Feature","properties":{"kod":"2023","namn":"Malung-Sälen","lan_kod":"20"},"geometry":{"type":"Polygon","coordinates":[[[13.9926,60.2551],[13.9707,60.2678],[13.9602,60.2874],[13.9813,60.3122],[13.9813,60.3553],[13.9654,60.3775],[13.9523,60.423],[13.9391,60.4478],[13.9233,60.4673],[13.9338,60.4777],[13.9391,60.4997],[13.918,60.527],[13.9259,60.5594],[13.9575,60.5866],[14.0155,60.6021],[14.0445,60.6241],[14.0445,60.6836],[14.034,60.7042],[13.9971,60.7184],[13.9734,60.7416],[13.9839,60.7609],[14.0024,60.7699],[14.0261,60.7867],[14.0419,60.8188],[14.0261,60.8381],[13.9944,60.8574],[13.9338,60.8702],[13.8521,60.8715],[13.7519,60.8664],[13.6543,60.8689],[13.6201,60.9446],[13.5752,61.0047],[13.5752,61.0302],[13.5748,61.0328],[13.57,61.0596],[13.5489,61.0876],[13.5146,61.1195],[13.4698,61.1551],[13.4381,61.1945],[13.3828,61.2745],[13.3591,61.3011],[13.3248,61.3251],[13.2905,61.3542],[13.2404,61.4034],[13.1903,61.4451],[13.1534,61.4828],[13.1297,61.5017],[13.1059,61.5143],[13.0743,61.4967],[13.0453,61.4728],[12.9504,61.411],[12.9267,61.3795],[12.8845,61.3605],[12.8691,61.3565],[12.8652,61.3317],[12.8282,61.2427],[12.7994,61.2051],[12.7623,61.1747],[12.7075,61.1482],[12.6992,61.1091],[12.7006,61.0912],[12.6841,61.0509],[12.6963,61.0383],[12.7045,61.0024],[12.7334,60.9944],[12.7749,60.9677],[13.0398,60.8381],[13.0921,60.8184],[13.1377,60.7986],[13.1647,60.7805],[13.19,60.7582],[13.2221,60.7112],[13.2389,60.6972],[13.2676,60.6931],[13.2912,60.6873],[13.3047,60.655],[13.325,60.641],[13.3368,60.6286],[13.3537,60.6244],[13.3621,60.6079],[13.3891,60.5921],[13.4077,60.5698],[13.4431,60.5416],[13.4549,60.5266],[13.4768,60.5125],[13.4853,60.4934],[13.4887,60.4768],[13.5292,60.4543],[13.5595,60.4427],[13.5916,60.4335],[13.6236,60.4268],[13.6473,60.4213],[13.6622,60.4178],[13.6912,60.4113],[13.7334,60.3944],[13.7466,60.3723],[13.7888,60.3383],[13.8231,60.3031],[13.8363,60.2809],[13.9426,60.2126],[13.9988,60.1873],[14.0074,60.1871],[14.0171,60.1868],[14.0312,60.2024],[14.0269,60.2227],[13.9923,60.2549],[13.9926,60.2551]]]}},
    {"type":"Feature","properties":{"kod":"2026","namn":"Gagnef","lan_kod":"20"},"geometry":{"type":"Polygon","coordinates":[[[14.5922,60.5742],[14.5851,60.5371],[14.62,60.5192],[14.6312,60.4889],[14.6508,60.4662],[14.6564,60.4145],[14.6494,60.3806],[14.6522,60.3571],[14.6326,60.3398],[14.6494,60.3295],[14.6579,60.2883],[14.6648,60.2914],[14.6927,60.3004],[14.7277,60.3059],[14.75,60.3149],[14.785,60.3225],[14.8032,60.335],[14.8004,60.3606],[14.8311,60.3848],[14.901,60.3903],[15.0017,60.3889],[15.0254,60.3841],[15.0632,60.3951],[15.0772,60.4069],[15.0981,60.4152],[15.1023,60.4187],[15.1135,60.4283],[15.1177,60.4462],[15.1345,60.4662],[15.1582,60.48],[15.1974,60.4972],[15.2421,60.5295],[15.2701,60.544],[15.2771,60.555],[15.2687,60.5673],[15.2617,60.5907],[15.2883,60.6051],[15.2952,60.6264],[15.2944,60.6433],[15.2816,60.6433],[15.2467,60.6401],[15.2357,60.6336],[15.1899,60.6336],[15.1571,60.6444],[15.1091,60.6454],[15.0741,60.6336],[15.0501,60.6154],[15.0042,60.5951],[14.9736,60.5779],[14.9365,60.5629],[14.871,60.5597],[14.7836,60.5736],[14.7246,60.5715],[14.6045,60.5715],[14.5922,60.5742]]]}},
    {"type":"Feature","properties":{"kod":"2029","namn":"Leksand","lan_kod":"20"},"geometry":{"type":"Polygon","coordinates":[[[14.4033,60.7043],[14.4101,60.685],[14.4101,60.67],[14.4472,60.6379],[14.4843,60.6186],[14.5258,60.6026],[14.5608,60.5811],[14.5922,60.5742],[14.6045,60.5715],[14.7246,60.5715],[14.7836,60.5736],[14.871,60.5597],[14.9365,60.5629],[14.9736,60.5779],[15.0042,60.5951],[15.0501,60.6154],[15.0741,60.6336],[15.1091,60.6454],[15.1571,60.6444],[15.1899,60.6336],[15.2357,60.6336],[15.2467,60.6401],[15.2816,60.6433],[15.2991,60.6433],[15.3428,60.6465],[15.3467,60.6482],[15.3624,60.6551],[15.4411,60.6861],[15.4433,60.7011],[15.428,60.7182],[15.393,60.7331],[15.3188,60.7235],[15.3056,60.7427],[15.3428,60.7523],[15.4039,60.8025],[15.4411,60.8099],[15.5241,60.8206],[15.5481,60.8355],[15.5612,60.8482],[15.6115,60.8482],[15.6377,60.8631],[15.6639,60.8865],[15.6486,60.8918],[15.6464,60.893],[15.6246,60.9046],[15.5787,60.911],[15.5459,60.9056],[15.4804,60.8823],[15.428,60.878],[15.3887,60.8727],[15.3362,60.8599],[15.2969,60.8461],[15.2598,60.8376],[15.1593,60.8376],[15.1375,60.8461],[15.1134,60.8514],[15.104,60.8566],[15.0726,60.8613],[14.9458,60.9198],[14.9387,60.915],[14.9057,60.9136],[14.8817,60.899],[14.6742,60.8292],[14.6357,60.8069],[14.5547,60.7659],[14.4047,60.7043],[14.4033,60.7043]]]}},
    {"type":"Feature","properties":{"kod":"2031","namn":"Rättvik","lan_kod":"20"},"geometry":{"type":"Polygon","coordinates":[[[15.2566,61.504],[15.2494,61.5143],[15.2178,61.5294],[15.2072,61.5611],[15.1964,61.579],[15.1802,61.5965],[15.1672,61.5965],[15.1543,61.577],[15.1392,61.5369],[15.1211,61.5262],[15.1186,61.4801],[15.0976,61.4457],[15.0946,61.3854],[15.0706,61.3308],[15.0616,61.2486],[15.0406,61.2342],[15.0346,61.214],[15.0736,61.1967],[15.0946,61.1764],[15.0916,61.1475],[15.0826,61.1171],[15.0736,61.0997],[15.0526,61.0808],[15.0099,61.067],[14.9986,61.0562],[14.9207,61.0111],[14.8967,60.9864],[14.9057,60.9747],[14.9357,60.9544],[14.9627,60.9311],[14.9458,60.9198],[15.0726,60.8613],[15.104,60.8566],[15.1134,60.8514],[15.1375,60.8461],[15.1593,60.8376],[15.2598,60.8376],[15.2969,60.8461],[15.3362,60.8599],[15.3887,60.8727],[15.428,60.878],[15.4804,60.8823],[15.5459,60.9056],[15.5787,60.911],[15.6246,60.9046],[15.6464,60.893],[15.6486,60.9322],[15.6573,60.9608],[15.6748,60.9704],[15.7097,61.0096],[15.7207,61.0677],[15.7709,61.0688],[15.7927,61.0741],[15.7662,61.0876],[15.724,61.1233],[15.6818,61.225],[15.6581,61.2491],[15.4761,61.3441],[15.2995,61.4526],[15.2652,61.4916],[15.2566,61.504]]]}},
    {"type":"Feature","properties":{"kod":"2034","namn":"Orsa","lan_kod":"20"},"geometry":{"type":"Polygon","coordinates":[[[14.4116,61.5778],[14.4077,61.5673],[14.3687,61.5516],[14.3357,61.5245],[14.3297,61.4772],[14.3627,61.4371],[14.3897,61.3969],[14.4047,61.3639],[14.4137,61.3265],[14.4557,61.2876],[14.4857,61.253],[14.5307,61.2125],[14.5577,61.1735],[14.5517,61.1489],[14.5937,61.1301],[14.6267,61.1069],[14.6387,61.0808],[14.6447,61.0649],[14.7137,61.0634],[15.0076,61.0663],[15.0099,61.067],[15.0526,61.0808],[15.0736,61.0997],[15.0826,61.1171],[15.0916,61.1475],[15.0946,61.1764],[15.0736,61.1967],[15.0346,61.214],[15.0406,61.2342],[15.0616,61.2486],[15.0706,61.3308],[15.0946,61.3854],[15.0976,61.4457],[15.1186,61.4801],[15.1211,61.5262],[15.1208,61.5261],[15.1154,61.5101],[15.1046,61.4982],[15.07,61.4952],[15.0117,61.4977],[14.9383,61.5111],[14.7795,61.5091],[14.7364,61.4998],[14.704,61.4967],[14.6942,61.5075],[14.691,61.5245],[14.6975,61.5585],[14.6975,61.5847],[14.691,61.5965],[14.5074,61.6032],[14.4768,61.6082],[14.468,61.5998],[14.4511,61.5878],[14.4279,61.5778],[14.4116,61.5778]]]}},
    {"type":"Feature","properties":{"kod":"2039","namn":"Älvdalen","lan_kod":"20"},"geometry":{"type":"Polygon","coordinates":[[[12.2793,62.2571],[12.2809,62.2369],[12.2672,62.1749],[12.2013,61.9506],[12.1849,61.8641],[12.141,61.7559],[12.141,61.726],[12.1629,61.7026],[12.1862,61.6824],[12.2864,61.6297],[12.3673,61.5997],[12.4098,61.5683],[12.4263,61.5625],[12.4537,61.5598],[12.5195,61.5579],[12.5689,61.5598],[12.5881,61.5579],[12.7157,61.4663],[12.8501,61.3744],[12.8691,61.3565],[12.8845,61.3605],[12.9267,61.3795],[12.9504,61.411],[13.0453,61.4728],[13.0743,61.4967],[13.1059,61.5143],[13.1297,61.5017],[13.1534,61.4828],[13.1903,61.4451],[13.2404,61.4034],[13.2905,61.3542],[13.3248,61.3251],[13.3591,61.3011],[13.3828,61.2745],[13.4381,61.1945],[13.4698,61.1551],[13.5146,61.1195],[13.5489,61.0876],[13.57,61.0596],[13.5748,61.0328],[13.6068,61.0373],[13.6278,61.0474],[13.7178,61.0532],[13.7388,61.0663],[13.8258,61.0692],[13.8887,61.0634],[13.9487,61.0605],[13.9847,61.062],[14.0237,61.0924],[14.0537,61.1098],[14.0837,61.1359],[14.1287,61.1475],[14.1737,61.1547],[14.1947,61.1475],[14.2187,61.1316],[14.2607,61.1229],[14.3417,61.1142],[14.3627,61.1229],[14.3447,61.1431],[14.2427,61.2111],[14.2067,61.2198],[14.1977,61.2429],[14.2187,61.2933],[14.2127,61.3221],[14.1917,61.3552],[14.1737,61.4012],[14.1437,61.4371],[14.1017,61.4787],[14.0987,61.5144],[14.0597,61.5731],[14.0327,61.5973],[14.012,61.628],[13.9622,61.6305],[13.9029,61.6415],[13.8403,61.643],[13.7745,61.6477],[13.7251,61.6555],[13.5703,61.6571],[13.5275,61.668],[13.5078,61.6837],[13.5045,61.7008],[13.5275,61.7196],[13.5209,61.7336],[13.4748,61.7788],[13.4353,61.8006],[13.3793,61.8457],[13.3497,61.8736],[13.2904,61.9062],[13.2476,61.9171],[13.2443,61.9295],[13.274,61.9388],[13.3826,61.9837],[13.3925,61.9976],[13.3069,62.0192],[13.3135,62.0393],[13.2904,62.0547],[13.2674,62.0532],[13.2015,62.0285],[13.1521,62.0269],[13.0895,62.0455],[13.0369,62.0578],[13.0204,62.0763],[12.9842,62.1087],[12.9479,62.1272],[12.9051,62.1441],[12.8195,62.2025],[12.7734,62.2133],[12.6713,62.2133],[12.5923,62.2056],[12.5429,62.2163],[12.5067,62.2271],[12.454,62.2363],[12.3157,62.2562],[12.2793,62.2571]]]}},
    {"type":"Feature","properties":{"kod":"2061","namn":"Smedjebacken","lan_kod":"20"},"geometry":{"type":"Polygon","coordinates":[[[15.125,60.0515],[15.1519,60.0369],[15.231,60.0145],[15.2573,59.9947],[15.2646,59.9896],[15.3206,59.9499],[15.4129,59.901],[15.434,59.8838],[15.4551,59.8864],[15.4558,59.8869],[15.4735,59.8983],[15.4972,59.9129],[15.5157,59.93],[15.5236,59.9578],[15.5579,59.9696],[15.6291,59.9683],[15.6792,59.9578],[15.7082,59.9644],[15.7112,59.9676],[15.724,59.9815],[15.7556,59.9947],[15.7477,60.0105],[15.7292,60.0237],[15.7266,60.0408],[15.7239,60.0462],[15.7134,60.0671],[15.7372,60.0829],[15.753,60.1026],[15.7741,60.1171],[15.7741,60.1394],[15.7556,60.1539],[15.7635,60.1617],[15.7741,60.163],[15.7952,60.1722],[15.8083,60.1814],[15.8136,60.1997],[15.8141,60.1997],[15.7993,60.2099],[15.7622,60.2219],[15.6835,60.2392],[15.68,60.2399],[15.6289,60.25],[15.5547,60.2674],[15.5001,60.289],[15.4039,60.2955],[15.3253,60.3031],[15.2773,60.3129],[15.2626,60.3131],[15.26,60.3132],[15.262,60.2966],[15.2576,60.2652],[15.2641,60.198],[15.251,60.1654],[15.2598,60.148],[15.2554,60.1284],[15.1921,60.0914],[15.1637,60.0664],[15.125,60.0515]]]}},
    {"type":"Feature","properties":{"kod":"2062","namn":"Mora","lan_kod":"20"},"geometry":{"type":"Polygon","coordinates":[[[14.012,61.628],[14.0327,61.5973],[14.0597,61.5731],[14.0987,61.5144],[14.1017,61.4787],[14.1437,61.4371],[14.1737,61.4012],[14.1917,61.3552],[14.2127,61.3221],[14.2187,61.2933],[14.1977,61.2429],[14.2067,61.2198],[14.2427,61.2111],[14.3447,61.1431],[14.3627,61.1229],[14.3417,61.1142],[14.2607,61.1229],[14.2187,61.1316],[14.1947,61.1475],[14.1737,61.1547],[14.1287,61.1475],[14.0837,61.1359],[14.0537,61.1098],[14.0237,61.0924],[13.9847,61.062],[13.9487,61.0605],[13.8887,61.0634],[13.8258,61.0692],[13.7388,61.0663],[13.7178,61.0532],[13.6278,61.0474],[13.6068,61.0373],[13.5748,61.0328],[13.5752,61.0302],[13.5752,61.0047],[13.6201,60.9446],[13.6543,60.8689],[13.7519,60.8664],[13.8521,60.8715],[13.9338,60.8702],[13.9944,60.8574],[14.0261,60.8381],[14.0419,60.8188],[14.0261,60.7867],[14.0024,60.7699],[13.9839,60.7609],[13.9734,60.7416],[13.9971,60.7184],[14.034,60.7042],[14.0445,60.6836],[14.0445,60.68],[14.1137,60.6823],[14.2007,60.697],[14.3177,60.6999],[14.4033,60.7043],[14.4047,60.7043],[14.5547,60.7659],[14.6357,60.8069],[14.6742,60.8292],[14.8817,60.899],[14.9057,60.9136],[14.9387,60.915],[14.9458,60.9198],[14.9627,60.9311],[14.9357,60.9544],[14.9057,60.9747],[14.8967,60.9864],[14.9207,61.0111],[14.9986,61.0562],[15.0099,61.067],[15.0076,61.0663],[14.7137,61.0634],[14.6447,61.0649],[14.6387,61.0808],[14.6267,61.1069],[14.5937,61.1301],[14.5517,61.1489],[14.5577,61.1735],[14.5307,61.2125],[14.4857,61.253],[14.4557,61.2876],[14.4137,61.3265],[14.4047,61.3639],[14.3897,61.3969],[14.3627,61.4371],[14.3297,61.4772],[14.3357,61.5245],[14.3687,61.5516],[14.4077,61.5673],[14.4116,61.5778],[14.409,61.5778],[14.3942,61.5888],[14.3479,61.6128],[14.3226,61.6209],[14.2235,61.6259],[14.0338,61.6269],[14.012,61.628]]]}},
    {"type":"Feature","properties":{"kod":"2080","namn":"Falun","lan_kod":"20"},"geometry":{"type":"Polygon","coordinates":[[[15.7927,61.0741],[15.7709,61.0688],[15.7207,61.0677],[15.7097,61.0096],[15.6748,60.9704],[15.6573,60.9608],[15.6486,60.9322],[15.6464,60.893],[15.6486,60.8918],[15.6639,60.8865],[15.6377,60.8631],[15.6115,60.8482],[15.5612,60.8482],[15.5481,60.8355],[15.5241,60.8206],[15.4411,60.8099],[15.4039,60.8025],[15.3428,60.7523],[15.3056,60.7427],[15.3188,60.7235],[15.393,60.7331],[15.428,60.7182],[15.4433,60.7011],[15.4411,60.6861],[15.3624,60.6551],[15.3467,60.6482],[15.3721,60.6387],[15.3805,60.6291],[15.3903,60.5975],[15.4295,60.5797],[15.4686,60.5708],[15.498,60.5557],[15.5385,60.5412],[15.5637,60.5515],[15.5958,60.5605],[15.635,60.5529],[15.6685,60.5502],[15.6825,60.544],[15.6755,60.522],[15.6755,60.5096],[15.6951,60.4882],[15.7005,60.4782],[15.7617,60.4773],[15.8263,60.4908],[15.9183,60.547],[15.9406,60.5666],[15.9804,60.5947],[16.045,60.6154],[16.1072,60.6251],[16.1548,60.6294],[16.1646,60.6302],[16.1648,60.6319],[16.1952,60.6319],[16.2205,60.6352],[16.2335,60.6374],[16.2542,60.641],[16.2762,60.6592],[16.293,60.684],[16.3116,60.7046],[16.3183,60.7187],[16.3386,60.7368],[16.3639,60.75],[16.3858,60.7681],[16.4042,60.7892],[16.4042,60.8034],[16.403,60.804],[16.3673,60.8227],[16.3066,60.8612],[16.2328,60.9138],[16.188,60.9638],[16.1643,60.9804],[16.1484,61.0098],[16.1468,61.01],[16.1221,61.0136],[16.0245,61.0162],[15.924,61.0313],[15.9059,61.0341],[15.8136,61.0634],[15.7927,61.0741]]]}},
    {"type":"Feature","properties":{"kod":"2081","namn":"Borlänge","lan_kod":"20"},"geometry":{"type":"Polygon","coordinates":[[[15.2944,60.6433],[15.2952,60.6264],[15.2883,60.6051],[15.2617,60.5907],[15.2687,60.5673],[15.2771,60.555],[15.2701,60.544],[15.2421,60.5295],[15.1974,60.4972],[15.1582,60.48],[15.1345,60.4662],[15.1177,60.4462],[15.1135,60.4283],[15.1023,60.4187],[15.1287,60.4144],[15.1418,60.3993],[15.1506,60.3788],[15.1724,60.3529],[15.2117,60.3453],[15.2445,60.3269],[15.2598,60.315],[15.26,60.3132],[15.2626,60.3131],[15.3372,60.326],[15.4001,60.362],[15.4644,60.3744],[15.4994,60.3896],[15.5371,60.3986],[15.5665,60.4083],[15.5762,60.4193],[15.5804,60.4366],[15.5916,60.4614],[15.6238,60.4648],[15.6741,60.4634],[15.6993,60.4683],[15.7007,60.4779],[15.7005,60.4782],[15.6951,60.4882],[15.6755,60.5096],[15.6755,60.522],[15.6825,60.544],[15.6685,60.5502],[15.635,60.5529],[15.5958,60.5605],[15.5637,60.5515],[15.5385,60.5412],[15.498,60.5557],[15.4686,60.5708],[15.4295,60.5797],[15.3903,60.5975],[15.3805,60.6291],[15.3721,60.6387],[15.3467,60.6482],[15.3428,60.6465],[15.2991,60.6433],[15.2944,60.6433]]]}},
    {"type":"Feature","properties":{"kod":"2082","namn":"Säter","lan_kod":"20"},"geometry":{"type":"Polygon","coordinates":[[[15.68,60.2399],[15.7145,60.2549],[15.7592,60.2647],[15.7866,60.2906],[15.8015,60.3251],[15.8661,60.3718],[15.9083,60.3792],[15.9556,60.4013],[15.958,60.4295],[15.9307,60.4418],[15.9456,60.4626],[15.963,60.4724],[15.973,60.5128],[15.9978,60.5275],[16.0624,60.5715],[16.1121,60.6105],[16.1548,60.6294],[16.1072,60.6251],[16.045,60.6154],[15.9804,60.5947],[15.9406,60.5666],[15.9183,60.547],[15.8263,60.4908],[15.7617,60.4773],[15.7005,60.4782],[15.7007,60.4779],[15.6993,60.4683],[15.6741,60.4634],[15.6238,60.4648],[15.5916,60.4614],[15.5804,60.4366],[15.5762,60.4193],[15.5665,60.4083],[15.5371,60.3986],[15.4994,60.3896],[15.4644,60.3744],[15.4001,60.362],[15.3372,60.326],[15.2626,60.3131],[15.2773,60.3129],[15.3253,60.3031],[15.4039,60.2955],[15.5001,60.289],[15.5547,60.2674],[15.6289,60.25],[15.68,60.2399]]]}},
    {"type":"Feature","properties":{"kod":"2083","namn":"Hedemora","lan_kod":"20"},"geometry":{"type":"Polygon","coordinates":[[[16.1646,60.6302],[16.1548,60.6294],[16.1121,60.6105],[16.0624,60.5715],[15.9978,60.5275],[15.973,60.5128],[15.963,60.4724],[15.9456,60.4626],[15.9307,60.4418],[15.958,60.4295],[15.9556,60.4013],[15.9083,60.3792],[15.8661,60.3718],[15.8015,60.3251],[15.7866,60.2906],[15.7592,60.2647],[15.7145,60.2549],[15.68,60.2399],[15.6835,60.2392],[15.7622,60.2219],[15.7993,60.2099],[15.8141,60.1997],[15.8373,60.1984],[15.8558,60.1893],[15.9402,60.1866],[15.9718,60.205],[16.0219,60.2037],[16.0249,60.2018],[16.0649,60.2179],[16.0798,60.2302],[16.0947,60.2561],[16.1146,60.2684],[16.1444,60.2697],[16.1718,60.2598],[16.2165,60.2573],[16.2414,60.2672],[16.3333,60.3103],[16.3184,60.3362],[16.3159,60.3472],[16.3333,60.3632],[16.3631,60.3804],[16.383,60.3951],[16.4084,60.4062],[16.3825,60.421],[16.3572,60.4468],[16.3183,60.4743],[16.2846,60.5108],[16.2289,60.5391],[16.1935,60.5781],[16.1631,60.6178],[16.1646,60.6302]]]}},
    {"type":"Feature","properties":{"kod":"2084","namn":"Avesta","lan_kod":"20"},"geometry":{"type":"Polygon","coordinates":[[[16.4084,60.4062],[16.383,60.3951],[16.3631,60.3804],[16.3333,60.3632],[16.3159,60.3472],[16.3184,60.3362],[16.3333,60.3103],[16.2414,60.2672],[16.2165,60.2573],[16.1718,60.2598],[16.1444,60.2697],[16.1146,60.2684],[16.0947,60.2561],[16.0798,60.2302],[16.0649,60.2179],[16.0249,60.2018],[16.0324,60.1971],[16.072,60.1801],[16.0852,60.1696],[16.1774,60.1539],[16.1854,60.1381],[16.1643,60.121],[16.1854,60.1053],[16.2012,60.0987],[16.2139,60.0989],[16.3152,60.1002],[16.3616,60.1002],[16.3897,60.1072],[16.4502,60.1486],[16.5409,60.1615],[16.5463,60.1841],[16.5819,60.1954],[16.6316,60.2142],[16.678,60.2109],[16.7305,60.2164],[16.7332,60.2167],[16.71,60.2259],[16.7021,60.2403],[16.6705,60.2574],[16.6494,60.2744],[16.5835,60.3383],[16.565,60.3605],[16.536,60.384],[16.5275,60.3853],[16.4859,60.3918],[16.4145,60.4027],[16.4084,60.4062]]]}},
    {"type":"Feature","properties":{"kod":"2085","namn":"Ludvika","lan_kod":"20"},"geometry":{"type":"Polygon","coordinates":[[[14.1836,60.2461],[14.1845,60.2463],[14.1932,60.2394],[14.1996,60.2152],[14.2212,60.2002],[14.2331,60.1777],[14.232,60.1497],[14.2634,60.111],[14.3228,60.0873],[14.4059,60.0636],[14.4793,60.0394],[14.4926,60.0404],[14.5138,60.0421],[14.6061,60.0263],[14.6641,60.025],[14.7221,60.0184],[14.759,60.0171],[14.7735,60.0195],[14.7748,60.0198],[14.7722,60.0921],[14.7907,60.1105],[14.8249,60.125],[14.8645,60.1224],[14.904,60.0921],[14.9409,60.075],[14.9805,60.0737],[15.0728,60.0737],[15.1229,60.0527],[15.125,60.0515],[15.1637,60.0664],[15.1921,60.0914],[15.2554,60.1284],[15.2598,60.148],[15.251,60.1654],[15.2641,60.198],[15.2576,60.2652],[15.262,60.2966],[15.26,60.3132],[15.2598,60.315],[15.2445,60.3269],[15.2117,60.3453],[15.1724,60.3529],[15.1506,60.3788],[15.1418,60.3993],[15.1287,60.4144],[15.1023,60.4187],[15.0981,60.4152],[15.0772,60.4069],[15.0632,60.3951],[15.0254,60.3841],[15.0017,60.3889],[14.901,60.3903],[14.8311,60.3848],[14.8004,60.3606],[14.8032,60.335],[14.785,60.3225],[14.75,60.3149],[14.7277,60.3059],[14.6927,60.3004],[14.6648,60.2914],[14.6579,60.2883],[14.6298,60.2754],[14.5851,60.2519],[14.5501,60.2456],[14.525,60.2491],[14.5082,60.2546],[14.4089,60.2713],[14.3376,60.2706],[14.2915,60.2657],[14.2524,60.2595],[14.2118,60.2595],[14.1881,60.2533],[14.1836,60.2461]]]}},
    {"type":"Feature","properties":{"kod":"2101","namn":"Ockelbo","lan_kod":"21"},"geometry":{"type":"Polygon","coordinates":[[[16.1468,61.01],[16.1484,61.0098],[16.1643,60.9804],[16.188,60.9638],[16.2328,60.9138],[16.3066,60.8612],[16.3673,60.8227],[16.403,60.804],[16.4719,60.8044],[16.5276,60.8151],[16.5664,60.8142],[16.6119,60.8077],[16.6524,60.806],[16.6828,60.7994],[16.7081,60.7904],[16.7267,60.7805],[16.7469,60.7772],[16.7773,60.7846],[16.8262,60.7887],[16.8462,60.7933],[16.8515,60.7945],[16.9174,60.8044],[16.9477,60.8126],[16.9629,60.8233],[16.968,60.8389],[16.9612,60.8578],[16.941,60.8677],[16.9275,60.8874],[16.9089,60.9013],[16.9055,60.935],[16.8904,60.9456],[16.8836,60.989],[16.892,61.0397],[16.8911,61.0607],[16.8549,61.0593],[16.8212,61.065],[16.7841,61.0871],[16.725,61.1034],[16.5495,61.1041],[16.5478,61.1034],[16.5394,61.0863],[16.5276,61.0765],[16.477,61.0724],[16.3521,61.0724],[16.2897,61.0601],[16.239,61.0479],[16.1468,61.01]]]}},
    {"type":"Feature","properties":{"kod":"2104","namn":"Hofors","lan_kod":"21"},"geometry":{"type":"Polygon","coordinates":[[[16.5275,60.3853],[16.5492,60.3944],[16.5782,60.4035],[16.6204,60.4126],[16.6309,60.4269],[16.6573,60.4426],[16.6678,60.4556],[16.6863,60.4725],[16.6784,60.4945],[16.5624,60.5594],[16.4886,60.5905],[16.4147,60.6125],[16.3435,60.6267],[16.2335,60.6374],[16.2205,60.6352],[16.1952,60.6319],[16.1648,60.6319],[16.1646,60.6302],[16.1631,60.6178],[16.1935,60.5781],[16.2289,60.5391],[16.2846,60.5108],[16.3183,60.4743],[16.3572,60.4468],[16.3825,60.421],[16.4084,60.4062],[16.4145,60.4027],[16.4859,60.3918],[16.5275,60.3853]]]}},
    {"type":"Feature","properties":{"kod":"2121","namn":"Ovanåker","lan_kod":"21"},"geometry":{"type":"Polygon","coordinates":[[[15.924,61.0313],[15.9507,61.0443],[15.9797,61.0647],[16.0456,61.1513],[16.0641,61.1793],[16.0746,61.2148],[16.0956,61.2498],[16.1175,61.2596],[16.1378,61.2782],[16.1614,61.3114],[16.185,61.3543],[16.2239,61.4036],[16.2525,61.4303],[16.2542,61.448],[16.2272,61.477],[16.2272,61.4996],[16.2053,61.5141],[16.18,61.5237],[16.1294,61.5262],[16.1007,61.5374],[16.0619,61.5495],[16.0612,61.5495],[16.0214,61.5535],[15.9252,61.5712],[15.8661,61.5856],[15.8189,61.6001],[15.7835,61.6001],[15.7497,61.6041],[15.7311,61.6137],[15.7143,61.6266],[15.689,61.6354],[15.6637,61.6394],[15.635,61.629],[15.5371,61.6217],[15.5084,61.6258],[15.446,61.6258],[15.4156,61.6161],[15.4426,61.5888],[15.424,61.5832],[15.3819,61.5824],[15.3667,61.5736],[15.2992,61.5672],[15.2907,61.5527],[15.2941,61.531],[15.2722,61.5237],[15.2566,61.504],[15.2652,61.4916],[15.2995,61.4526],[15.4761,61.3441],[15.6581,61.2491],[15.6818,61.225],[15.724,61.1233],[15.7662,61.0876],[15.7927,61.0741],[15.8136,61.0634],[15.9059,61.0341],[15.924,61.0313]]]}},
    {"type":"Feature","properties":{"kod":"2132","namn":"Nordanstig","lan_kod":"21"},"geometry":{"type":"Polygon","coordinates":[[[16.1114,62.2561],[16.1277,62.2441],[16.1749,62.2292],[16.2525,62.2103],[16.3386,62.182],[16.4651,62.1481],[16.5748,62.1134],[16.6794,62.0826],[16.7469,62.0399],[16.8009,62.0011],[16.8634,61.9766],[16.8819,61.9631],[16.8954,61.9409],[16.9123,61.9282],[16.9376,61.9123],[16.9713,61.9004],[16.9713,61.8773],[16.9848,61.8654],[17.0102,61.8598],[17.0338,61.8479],[17.0658,61.8479],[17.1148,61.867],[17.1519,61.8749],[17.1924,61.8765],[17.2177,61.89],[17.2582,61.8884],[17.2835,61.8773],[17.3248,61.8768],[17.3263,61.8898],[17.3542,61.8999],[17.3671,61.9151],[17.3735,61.9494],[17.4206,61.9876],[17.4592,62.0309],[17.4764,62.055],[17.4721,62.0932],[17.4957,62.1182],[17.5226,62.1561],[17.5029,62.1599],[17.4354,62.1592],[17.3932,62.1631],[17.3611,62.1702],[17.3139,62.1757],[17.2481,62.1639],[17.2278,62.1686],[17.2025,62.1788],[17.1755,62.1796],[17.1519,62.1781],[17.1181,62.1662],[17.0793,62.1718],[17.0355,62.1812],[16.9646,62.182],[16.9039,62.1867],[16.8752,62.1985],[16.7587,62.2268],[16.6676,62.23],[16.6271,62.2308],[16.6052,62.2386],[16.4668,62.2449],[16.3437,62.2449],[16.28,62.2442],[16.2711,62.2441],[16.2115,62.2456],[16.1748,62.2556],[16.1283,62.2561],[16.1114,62.2561]]]}},
    {"type":"Feature","properties":{"kod":"2161","namn":"Ljusdal","lan_kod":"21"},"geometry":{"type":"Polygon","coordinates":[[[14.4768,61.6082],[14.5074,61.6032],[14.691,61.5965],[14.6975,61.5847],[14.6975,61.5585],[14.691,61.5245],[14.6942,61.5075],[14.704,61.4967],[14.7364,61.4998],[14.7795,61.5091],[14.9383,61.5111],[15.0117,61.4977],[15.07,61.4952],[15.1046,61.4982],[15.1154,61.5101],[15.1208,61.5261],[15.1211,61.5262],[15.1392,61.5369],[15.1543,61.577],[15.1672,61.5965],[15.1802,61.5965],[15.1964,61.579],[15.2072,61.5611],[15.2178,61.5294],[15.2494,61.5143],[15.2566,61.504],[15.2722,61.5237],[15.2941,61.531],[15.2907,61.5527],[15.2992,61.5672],[15.3667,61.5736],[15.3819,61.5824],[15.424,61.5832],[15.4426,61.5888],[15.4156,61.6161],[15.446,61.6258],[15.5084,61.6258],[15.5371,61.6217],[15.635,61.629],[15.6637,61.6394],[15.689,61.6354],[15.7143,61.6266],[15.7311,61.6137],[15.7497,61.6041],[15.7835,61.6001],[15.8189,61.6001],[15.8661,61.5856],[15.9252,61.5712],[16.0214,61.5535],[16.0612,61.5495],[16.0619,61.5575],[16.0771,61.5728],[16.1125,61.5904],[16.1597,61.6081],[16.1969,61.6137],[16.2306,61.6233],[16.2762,61.6498],[16.3065,61.6594],[16.3892,61.657],[16.4415,61.657],[16.5174,61.653],[16.5596,61.653],[16.595,61.6591],[16.5861,61.6661],[16.5281,61.6936],[16.4859,61.7173],[16.3277,61.7885],[16.3014,61.8059],[16.3066,61.8233],[16.3225,61.8557],[16.3356,61.8743],[16.3277,61.888],[16.3014,61.8979],[16.2803,61.9215],[16.2645,61.9513],[16.246,61.9773],[16.2223,62.0046],[16.217,62.0417],[16.1985,62.0713],[16.1648,62.141],[16.1344,62.1741],[16.1108,62.1907],[16.1012,62.2363],[16.1112,62.2561],[16.1067,62.2561],[16.0711,62.2622],[16.043,62.2622],[15.8897,62.3019],[15.8465,62.3079],[15.6975,62.338],[15.6294,62.3485],[15.57,62.349],[15.475,62.335],[15.3811,62.2958],[15.3487,62.284],[15.3588,62.2712],[15.3642,62.2599],[15.3642,62.231],[15.379,62.2209],[15.4033,62.2159],[15.4195,62.2008],[15.4459,62.159],[15.4395,62.1344],[15.4227,62.1177],[15.3953,62.1088],[15.3552,62.1019],[15.2857,62.0753],[15.2267,62.0456],[15.1382,62.0209],[15.1171,61.9952],[15.1192,61.9794],[15.1403,61.9685],[15.1508,61.9556],[15.1297,61.9189],[15.1074,61.8997],[15.1117,61.8916],[15.1178,61.8562],[15.1135,61.8358],[15.0953,61.8297],[15.0772,61.8383],[15.0712,61.8481],[15.0703,61.8623],[15.0582,61.8766],[15.0384,61.8835],[14.9995,61.8843],[14.9529,61.8827],[14.9322,61.8762],[14.9296,61.8611],[14.9348,61.8415],[14.9287,61.8269],[14.9054,61.8261],[14.8864,61.8342],[14.8692,61.8664],[14.8476,61.877],[14.8286,61.8823],[14.8036,61.8839],[14.7846,61.8778],[14.7854,61.8692],[14.8174,61.8391],[14.832,61.8326],[14.864,61.8285],[14.8778,61.8236],[14.8726,61.8053],[14.8433,61.8069],[14.8148,61.8134],[14.7941,61.8297],[14.7751,61.8611],[14.744,61.8749],[14.7209,61.8961],[14.6956,61.903],[14.6745,61.8991],[14.6408,61.8633],[14.6155,61.8484],[14.5881,61.8265],[14.5565,61.8006],[14.5417,61.7837],[14.5354,61.7378],[14.5439,61.6929],[14.5439,61.6529],[14.5207,61.6309],[14.4891,61.6199],[14.4768,61.6082]]]}},
    {"type":"Feature","properties":{"kod":"2180","namn":"Gävle","lan_kod":"21"},"geometry":{"type":"Polygon","coordinates":[[[16.8911,61.0607],[16.892,61.0397],[16.8836,60.989],[16.8904,60.9456],[16.9055,60.935],[16.9089,60.9013],[16.9275,60.8874],[16.941,60.8677],[16.9612,60.8578],[16.968,60.8389],[16.9629,60.8233],[16.9477,60.8126],[16.9174,60.8044],[16.8515,60.7945],[16.8462,60.7933],[16.8418,60.7506],[16.8761,60.712],[16.8788,60.6861],[16.8972,60.6603],[16.8814,60.6383],[16.8577,60.628],[16.8524,60.6177],[16.855,60.6008],[16.8761,60.5918],[16.8998,60.5762],[16.9315,60.5594],[16.9552,60.5374],[16.9473,60.5192],[16.9209,60.5023],[16.913,60.4738],[16.8919,60.4595],[16.8708,60.466],[16.855,60.4647],[16.8076,60.4543],[16.7944,60.4387],[16.7944,60.4087],[16.8181,60.3983],[16.8418,60.3944],[16.9025,60.3709],[16.9078,60.3579],[16.9078,60.3162],[16.913,60.2992],[16.9183,60.307],[16.9552,60.3122],[16.9948,60.3083],[17.0132,60.2953],[17.0475,60.2913],[17.1029,60.294],[17.1371,60.3005],[17.1635,60.3122],[17.2004,60.3214],[17.2003,60.3222],[17.1978,60.3514],[17.2136,60.3879],[17.2057,60.4074],[17.203,60.4374],[17.2505,60.4569],[17.2927,60.4686],[17.3164,60.4803],[17.3164,60.5036],[17.3059,60.527],[17.3243,60.5516],[17.3243,60.5736],[17.3401,60.5944],[17.3586,60.6099],[17.3646,60.6676],[17.3263,60.679],[17.2921,60.6822],[17.262,60.6916],[17.2578,60.7052],[17.2728,60.7168],[17.3006,60.7252],[17.3242,60.7388],[17.3413,60.7566],[17.3413,60.7786],[17.3156,60.8058],[17.2985,60.8204],[17.2921,60.8423],[17.2535,60.8924],[17.2235,60.9143],[17.2149,60.933],[17.1935,60.9612],[17.1892,60.983],[17.217,60.9986],[17.2106,61.0266],[17.1785,61.0484],[17.1819,61.0843],[17.1536,61.0838],[17.0945,61.0724],[16.973,61.0716],[16.9258,61.0691],[16.8971,61.061],[16.8911,61.0607]]]}},
    {"type":"Feature","properties":{"kod":"2181","namn":"Sandviken","lan_kod":"21"},"geometry":{"type":"Polygon","coordinates":[[[16.403,60.804],[16.4042,60.8034],[16.4042,60.7892],[16.3858,60.7681],[16.3639,60.75],[16.3386,60.7368],[16.3183,60.7187],[16.3116,60.7046],[16.293,60.684],[16.2762,60.6592],[16.2542,60.641],[16.2335,60.6374],[16.3435,60.6267],[16.4147,60.6125],[16.4886,60.5905],[16.5624,60.5594],[16.6784,60.4945],[16.6863,60.4725],[16.6678,60.4556],[16.6573,60.4426],[16.6309,60.4269],[16.6204,60.4126],[16.5782,60.4035],[16.5492,60.3944],[16.5275,60.3853],[16.536,60.384],[16.565,60.3605],[16.5835,60.3383],[16.6494,60.2744],[16.6705,60.2574],[16.7021,60.2403],[16.71,60.2259],[16.7332,60.2167],[16.7364,60.2155],[16.7654,60.2168],[16.8445,60.243],[16.8972,60.2534],[16.9078,60.2913],[16.913,60.2992],[16.9078,60.3162],[16.9078,60.3579],[16.9025,60.3709],[16.8418,60.3944],[16.8181,60.3983],[16.7944,60.4087],[16.7944,60.4387],[16.8076,60.4543],[16.855,60.4647],[16.8708,60.466],[16.8919,60.4595],[16.913,60.4738],[16.9209,60.5023],[16.9473,60.5192],[16.9552,60.5374],[16.9315,60.5594],[16.8998,60.5762],[16.8761,60.5918],[16.855,60.6008],[16.8524,60.6177],[16.8577,60.628],[16.8814,60.6383],[16.8972,60.6603],[16.8788,60.6861],[16.8761,60.712],[16.8418,60.7506],[16.8462,60.7933],[16.8262,60.7887],[16.7773,60.7846],[16.7469,60.7772],[16.7267,60.7805],[16.7081,60.7904],[16.6828,60.7994],[16.6524,60.806],[16.6119,60.8077],[16.5664,60.8142],[16.5276,60.8151],[16.4719,60.8044],[16.403,60.804]]]}},
    {"type":"Feature","properties":{"kod":"2182","namn":"Söderhamn","lan_kod":"21"},"geometry":{"type":"Polygon","coordinates":[[[16.7087,61.5445],[16.7064,61.5286],[16.7081,61.4601],[16.7284,61.4375],[16.7385,61.4053],[16.7368,61.3754],[16.7216,61.3624],[16.7014,61.3495],[16.6676,61.343],[16.6508,61.3349],[16.6862,61.3131],[16.7317,61.2969],[16.7571,61.279],[16.7604,61.2636],[16.7317,61.2482],[16.7182,61.2295],[16.7115,61.1946],[16.6659,61.1555],[16.6389,61.1376],[16.5765,61.1148],[16.5495,61.1041],[16.725,61.1034],[16.7841,61.0871],[16.8212,61.065],[16.8549,61.0593],[16.8911,61.0607],[16.8971,61.061],[16.9258,61.0691],[16.973,61.0716],[17.0945,61.0724],[17.1536,61.0838],[17.1819,61.0843],[17.1849,61.1158],[17.1849,61.1696],[17.1913,61.2171],[17.2149,61.2377],[17.232,61.246],[17.2342,61.2759],[17.2556,61.2975],[17.2513,61.3191],[17.1977,61.3499],[17.1635,61.3725],[17.1232,61.4066],[17.1154,61.4317],[17.0765,61.4564],[17.0422,61.4677],[16.9789,61.4702],[16.9183,61.4778],[16.8708,61.4929],[16.8418,61.5055],[16.797,61.5218],[16.7627,61.5432],[16.7179,61.547],[16.7087,61.5445]]]}},
    {"type":"Feature","properties":{"kod":"2183","namn":"Bollnäs","lan_kod":"21"},"geometry":{"type":"Polygon","coordinates":[[[16.595,61.6591],[16.5596,61.653],[16.5174,61.653],[16.4415,61.657],[16.3892,61.657],[16.3065,61.6594],[16.2762,61.6498],[16.2306,61.6233],[16.1969,61.6137],[16.1597,61.6081],[16.1125,61.5904],[16.0771,61.5728],[16.0619,61.5575],[16.0612,61.5495],[16.0619,61.5495],[16.1007,61.5374],[16.1294,61.5262],[16.18,61.5237],[16.2053,61.5141],[16.2272,61.4996],[16.2272,61.477],[16.2542,61.448],[16.2525,61.4303],[16.2239,61.4036],[16.185,61.3543],[16.1614,61.3114],[16.1378,61.2782],[16.1175,61.2596],[16.0956,61.2498],[16.0746,61.2148],[16.0641,61.1793],[16.0456,61.1513],[15.9797,61.0647],[15.9507,61.0443],[15.924,61.0313],[16.0245,61.0162],[16.1221,61.0136],[16.1468,61.01],[16.239,61.0479],[16.2897,61.0601],[16.3521,61.0724],[16.477,61.0724],[16.5276,61.0765],[16.5394,61.0863],[16.5478,61.1034],[16.5495,61.1041],[16.5765,61.1148],[16.6389,61.1376],[16.6659,61.1555],[16.7115,61.1946],[16.7182,61.2295],[16.7317,61.2482],[16.7604,61.2636],[16.7571,61.279],[16.7317,61.2969],[16.6862,61.3131],[16.6508,61.3349],[16.6676,61.343],[16.7014,61.3495],[16.7216,61.3624],[16.7368,61.3754],[16.7385,61.4053],[16.7284,61.4375],[16.7081,61.4601],[16.7064,61.5286],[16.7087,61.5445],[16.6942,61.5407],[16.6626,61.5243],[16.6388,61.5218],[16.623,61.5294],[16.6257,61.5784],[16.6204,61.5972],[16.6098,61.6085],[16.5914,61.616],[16.623,61.6285],[16.6362,61.6435],[16.6362,61.6511],[16.6019,61.6536],[16.595,61.6591]]]}},
    {"type":"Feature","properties":{"kod":"2184","namn":"Hudiksvall","lan_kod":"21"},"geometry":{"type":"Polygon","coordinates":[[[16.1112,62.2561],[16.1012,62.2363],[16.1108,62.1907],[16.1344,62.1741],[16.1648,62.141],[16.1985,62.0713],[16.217,62.0417],[16.2223,62.0046],[16.246,61.9773],[16.2645,61.9513],[16.2803,61.9215],[16.3014,61.8979],[16.3277,61.888],[16.3356,61.8743],[16.3225,61.8557],[16.3066,61.8233],[16.3014,61.8059],[16.3277,61.7885],[16.4859,61.7173],[16.5281,61.6936],[16.5861,61.6661],[16.595,61.6591],[16.6019,61.6536],[16.6362,61.6511],[16.6362,61.6435],[16.623,61.6285],[16.5914,61.616],[16.6098,61.6085],[16.6204,61.5972],[16.6257,61.5784],[16.623,61.5294],[16.6388,61.5218],[16.6626,61.5243],[16.6942,61.5407],[16.7087,61.5445],[16.7179,61.547],[16.7627,61.5432],[16.797,61.5218],[16.8418,61.5055],[16.8708,61.4929],[16.9183,61.4778],[16.9789,61.4702],[17.0422,61.4677],[17.0765,61.4564],[17.1154,61.4317],[17.1232,61.4066],[17.1463,61.4187],[17.202,61.4259],[17.2192,61.4423],[17.2192,61.4617],[17.1956,61.4802],[17.1849,61.4965],[17.1699,61.5068],[17.157,61.5241],[17.1592,61.5435],[17.1935,61.5629],[17.2149,61.5925],[17.2256,61.6302],[17.2235,61.6659],[17.2449,61.676],[17.2856,61.676],[17.3349,61.674],[17.3821,61.6536],[17.4228,61.6414],[17.4357,61.6323],[17.4571,61.6292],[17.4957,61.6374],[17.5,61.6618],[17.5321,61.6923],[17.5342,61.7075],[17.5085,61.7268],[17.4828,61.74],[17.4314,61.7431],[17.4014,61.7522],[17.3799,61.7765],[17.3842,61.8201],[17.3564,61.8383],[17.3263,61.8514],[17.3248,61.8768],[17.2835,61.8773],[17.2582,61.8884],[17.2177,61.89],[17.1924,61.8765],[17.1519,61.8749],[17.1148,61.867],[17.0658,61.8479],[17.0338,61.8479],[17.0102,61.8598],[16.9848,61.8654],[16.9713,61.8773],[16.9713,61.9004],[16.9376,61.9123],[16.9123,61.9282],[16.8954,61.9409],[16.8819,61.9631],[16.8634,61.9766],[16.8009,62.0011],[16.7469,62.0399],[16.6794,62.0826],[16.5748,62.1134],[16.4651,62.1481],[16.3386,62.182],[16.2525,62.2103],[16.1749,62.2292],[16.1277,62.2441],[16.1114,62.2561],[16.1112,62.2561]]]}},
    {"type":"Feature","properties":{"kod":"2260","namn":"Ånge","lan_kod":"22"},"geometry":{"type":"Polygon","coordinates":[[[15.3487,62.284],[15.3811,62.2958],[15.475,62.335],[15.57,62.349],[15.6294,62.3485],[15.6975,62.338],[15.8465,62.3079],[15.8897,62.3019],[16.043,62.2622],[16.0711,62.2622],[16.1067,62.2561],[16.1283,62.2561],[16.1748,62.2556],[16.2115,62.2456],[16.2711,62.2441],[16.28,62.2442],[16.2829,62.2597],[16.2961,62.2732],[16.3277,62.283],[16.362,62.3001],[16.3989,62.3197],[16.4332,62.3454],[16.449,62.365],[16.4332,62.3748],[16.4358,62.3956],[16.4806,62.42],[16.4806,62.4371],[16.4464,62.4651],[16.4411,62.481],[16.4543,62.5017],[16.4754,62.5199],[16.5123,62.5369],[16.5228,62.5527],[16.5413,62.5673],[16.5518,62.5795],[16.5597,62.5977],[16.565,62.611],[16.5439,62.6231],[16.4991,62.6437],[16.4385,62.6764],[16.4095,62.6861],[16.3673,62.7115],[16.3638,62.7167],[16.3124,62.7178],[16.2665,62.7172],[16.222,62.7147],[16.1789,62.7054],[16.1276,62.7023],[16.0763,62.7097],[16.048,62.7196],[16.0049,62.7227],[15.9482,62.7196],[15.8551,62.6924],[15.816,62.6881],[15.727,62.6646],[15.6919,62.6534],[15.6582,62.6491],[15.6272,62.6373],[15.5732,62.6342],[15.5422,62.6292],[15.5152,62.623],[15.4559,62.6224],[15.3979,62.6199],[15.294,62.6094],[15.2428,62.6057],[15.1848,62.5858],[15.1619,62.5746],[15.1376,62.5759],[15.1106,62.5895],[15.0904,62.5926],[15.0432,62.605],[15.0121,62.6088],[14.9433,62.6063],[14.9263,62.6064],[14.8746,62.6069],[14.8152,62.5995],[14.7977,62.587],[14.8044,62.5684],[14.822,62.5641],[14.8233,62.5529],[14.8112,62.5386],[14.8287,62.5249],[14.8368,62.5087],[14.8746,62.4937],[14.8651,62.4813],[14.8354,62.4719],[14.7977,62.4557],[14.799,62.4358],[14.8058,62.4195],[14.8217,62.414],[14.8274,62.412],[14.8584,62.4127],[14.8867,62.4045],[14.8975,62.3895],[14.9056,62.3614],[14.9366,62.3495],[14.9555,62.3326],[14.9879,62.3169],[15.0202,62.3044],[15.0472,62.3013],[15.0607,62.2912],[15.0904,62.2818],[15.1173,62.2693],[15.1457,62.2605],[15.178,62.2573],[15.1983,62.2668],[15.2333,62.2755],[15.2563,62.285],[15.3062,62.2962],[15.3278,62.2894],[15.348,62.285],[15.3487,62.284]]]}},
    {"type":"Feature","properties":{"kod":"2262","namn":"Timrå","lan_kod":"22"},"geometry":{"type":"Polygon","coordinates":[[[17.1724,62.8763],[17.17,62.8755],[17.1564,62.8613],[17.1024,62.8337],[17.0527,62.8075],[17.0203,62.7932],[16.9955,62.7799],[16.9696,62.769],[16.9631,62.7512],[16.9739,62.7324],[17.016,62.7111],[17.0614,62.6908],[17.1057,62.667],[17.1975,62.6288],[17.2374,62.6159],[17.2558,62.608],[17.2601,62.5936],[17.2568,62.5632],[17.2471,62.5413],[17.2255,62.5289],[17.2136,62.5085],[17.2115,62.4965],[17.2201,62.4775],[17.2277,62.469],[17.2525,62.4655],[17.2795,62.4735],[17.3267,62.4791],[17.3478,62.4957],[17.3864,62.5096],[17.4164,62.5125],[17.4485,62.5205],[17.4785,62.5185],[17.5064,62.5086],[17.5192,62.4908],[17.5364,62.4749],[17.5642,62.4541],[17.6028,62.4462],[17.6414,62.4472],[17.6671,62.4571],[17.7207,62.4868],[17.7464,62.4977],[17.7689,62.5038],[17.7543,62.5132],[17.6868,62.5685],[17.6665,62.5934],[17.5788,62.6244],[17.5366,62.657],[17.4809,62.6911],[17.3966,62.7313],[17.327,62.7705],[17.2957,62.7908],[17.273,62.81],[17.2676,62.8243],[17.218,62.8573],[17.1759,62.8746],[17.1724,62.8763]]]}},
    {"type":"Feature","properties":{"kod":"2280","namn":"Härnösand","lan_kod":"22"},"geometry":{"type":"MultiPolygon","coordinates":[[[[18.0243,62.74],[18.0194,62.7166],[18.0243,62.6976],[18.0706,62.6953],[18.1169,62.7065],[18.1096,62.7389],[18.0633,62.7489],[18.0243,62.74]]],[[[17.3486,62.9248],[17.3322,62.9223],[17.269,62.9223],[17.2268,62.9151],[17.1846,62.9019],[17.174,62.8779],[17.1723,62.8763],[17.1724,62.8763],[17.1759,62.8746],[17.218,62.8573],[17.2676,62.8243],[17.273,62.81],[17.2957,62.7908],[17.327,62.7705],[17.3966,62.7313],[17.4809,62.6911],[17.5366,62.657],[17.5788,62.6244],[17.6665,62.5934],[17.6868,62.5685],[17.7543,62.5132],[17.7689,62.5038],[17.7721,62.5046],[17.8107,62.5007],[17.845,62.5056],[17.8857,62.5244],[17.92,62.56],[17.9522,62.5738],[17.9972,62.5867],[18.0186,62.5985],[18.0358,62.6113],[18.0379,62.6271],[17.9993,62.6419],[17.9758,62.6488],[17.9586,62.6576],[17.9415,62.6842],[17.95,62.7186],[17.92,62.7608],[17.8943,62.7785],[17.8772,62.8039],[17.8729,62.8304],[17.8914,62.8407],[17.8707,62.8563],[17.8268,62.8701],[17.7981,62.877],[17.761,62.8817],[17.7425,62.8924],[17.7037,62.8963],[17.6429,62.8932],[17.5839,62.8817],[17.5265,62.8817],[17.4877,62.8863],[17.4506,62.8932],[17.4134,62.9055],[17.3797,62.9078],[17.3611,62.9139],[17.3493,62.9232],[17.3486,62.9248]]]]}},
    {"type":"Feature","properties":{"kod":"2281","namn":"Sundsvall","lan_kod":"22"},"geometry":{"type":"MultiPolygon","coordinates":[[[[17.408,62.4541],[17.4055,62.4327],[17.4421,62.3831],[17.4811,62.3684],[17.5079,62.3774],[17.5176,62.3943],[17.5079,62.4192],[17.4811,62.4474],[17.4591,62.462],[17.4104,62.471],[17.408,62.4541]]],[[[16.5233,62.8429],[16.5093,62.8344],[16.4958,62.8165],[16.4715,62.8079],[16.4554,62.798],[16.4419,62.7888],[16.4135,62.7635],[16.4028,62.7499],[16.4014,62.7332],[16.3974,62.7209],[16.3704,62.7165],[16.3638,62.7167],[16.3673,62.7115],[16.4095,62.6861],[16.4385,62.6764],[16.4991,62.6437],[16.5439,62.6231],[16.565,62.611],[16.5597,62.5977],[16.5518,62.5795],[16.5413,62.5673],[16.5228,62.5527],[16.5123,62.5369],[16.4754,62.5199],[16.4543,62.5017],[16.4411,62.481],[16.4464,62.4651],[16.4806,62.4371],[16.4806,62.42],[16.4358,62.3956],[16.4332,62.3748],[16.449,62.365],[16.4332,62.3454],[16.3989,62.3197],[16.362,62.3001],[16.3277,62.283],[16.2961,62.2732],[16.2829,62.2597],[16.28,62.2442],[16.3437,62.2449],[16.4668,62.2449],[16.6052,62.2386],[16.6271,62.2308],[16.6676,62.23],[16.7587,62.2268],[16.8752,62.1985],[16.9039,62.1867],[16.9646,62.182],[17.0355,62.1812],[17.0793,62.1718],[17.1181,62.1662],[17.1519,62.1781],[17.1755,62.1796],[17.2025,62.1788],[17.2278,62.1686],[17.2481,62.1639],[17.3139,62.1757],[17.3611,62.1702],[17.3932,62.1631],[17.4354,62.1592],[17.5029,62.1599],[17.5226,62.1561],[17.5514,62.1753],[17.6135,62.1993],[17.635,62.2123],[17.6478,62.2323],[17.65,62.2453],[17.6264,62.2562],[17.5171,62.2812],[17.4657,62.2951],[17.3756,62.3369],[17.3714,62.3638],[17.3714,62.3986],[17.3263,62.4492],[17.3178,62.472],[17.3267,62.4791],[17.2795,62.4735],[17.2525,62.4655],[17.2277,62.469],[17.2201,62.4775],[17.2115,62.4965],[17.2136,62.5085],[17.2255,62.5289],[17.2471,62.5413],[17.2568,62.5632],[17.2601,62.5936],[17.2558,62.608],[17.2374,62.6159],[17.1975,62.6288],[17.1057,62.667],[17.0614,62.6908],[17.016,62.7111],[16.9739,62.7324],[16.9631,62.7512],[16.9696,62.769],[16.9955,62.7799],[17.0203,62.7932],[17.0527,62.8075],[17.1024,62.8337],[17.1564,62.8613],[17.17,62.8755],[17.1724,62.8763],[17.1723,62.8763],[17.1327,62.8957],[17.0538,62.9326],[16.9982,62.9626],[16.9895,62.9647],[16.9382,62.9549],[16.9112,62.9481],[16.8762,62.9457],[16.829,62.9463],[16.8033,62.9426],[16.771,62.934],[16.7305,62.934],[16.682,62.9279],[16.6415,62.9143],[16.6064,62.8879],[16.5376,62.8516],[16.5233,62.8429]]]]}},
    {"type":"Feature","properties":{"kod":"2282","namn":"Kramfors","lan_kod":"22"},"geometry":{"type":"Polygon","coordinates":[[[18.0174,63.2075],[18.0108,63.2052],[18.0023,63.1953],[17.9736,63.1847],[17.9331,63.161],[17.9095,63.1603],[17.8572,63.1687],[17.8319,63.1633],[17.815,63.1534],[17.7593,63.1306],[17.7239,63.1313],[17.6868,63.1382],[17.6513,63.1389],[17.621,63.1367],[17.5906,63.1229],[17.5079,63.1206],[17.4809,63.1138],[17.3847,63.097],[17.3443,63.0871],[17.3088,63.0756],[17.2903,63.0626],[17.2886,63.0473],[17.2784,63.042],[17.2346,63.0404],[17.2109,63.0351],[17.2312,62.973],[17.243,62.9654],[17.2616,62.9569],[17.2936,62.9546],[17.3139,62.9516],[17.3308,62.9424],[17.3459,62.9308],[17.3486,62.9248],[17.3493,62.9232],[17.3611,62.9139],[17.3797,62.9078],[17.4134,62.9055],[17.4506,62.8932],[17.4877,62.8863],[17.5265,62.8817],[17.5839,62.8817],[17.6429,62.8932],[17.7037,62.8963],[17.7425,62.8924],[17.761,62.8817],[17.7981,62.877],[17.8268,62.8701],[17.8707,62.8563],[17.8914,62.8407],[17.9608,62.8235],[17.9822,62.8206],[18.0208,62.8118],[18.1301,62.7834],[18.1558,62.7814],[18.218,62.8167],[18.2544,62.8304],[18.2973,62.8558],[18.3315,62.8587],[18.368,62.8568],[18.4001,62.8617],[18.4323,62.8734],[18.4473,62.9007],[18.5244,62.9524],[18.5437,62.9749],[18.533,62.9885],[18.4966,63.0031],[18.4473,63.0157],[18.4344,63.0274],[18.4409,63.0429],[18.5009,63.075],[18.527,63.1028],[18.475,63.1075],[18.4199,63.1236],[18.137,63.1895],[18.0819,63.2002],[18.0333,63.2036],[18.0174,63.2075]]]}},
    {"type":"Feature","properties":{"kod":"2283","namn":"Sollefteå","lan_kod":"22"},"geometry":{"type":"Polygon","coordinates":[[[16.7303,64.0288],[16.6873,64.0039],[16.6644,63.9784],[16.6482,63.95],[16.632,63.9411],[16.6186,63.9245],[16.5767,63.8836],[16.5781,63.8563],[16.5565,63.8325],[16.5646,63.8164],[16.5687,63.7884],[16.5902,63.77],[16.6078,63.761],[16.6132,63.7384],[16.6091,63.7252],[16.5673,63.7187],[16.539,63.7115],[16.4985,63.7097],[16.3717,63.7097],[16.3083,63.6942],[16.2935,63.6834],[16.2733,63.6726],[16.2422,63.6672],[16.2193,63.6714],[16.1991,63.681],[16.1748,63.6864],[16.1478,63.6971],[16.1303,63.7007],[16.1114,63.7085],[16.0804,63.7091],[16.0588,63.7007],[16.0359,63.681],[16.0197,63.672],[15.9873,63.6684],[15.9374,63.6696],[15.9307,63.6768],[15.8956,63.6846],[15.8673,63.6816],[15.8133,63.669],[15.7985,63.6607],[15.8228,63.6445],[15.847,63.6391],[15.8835,63.6265],[15.901,63.6121],[15.9968,63.5672],[16.0143,63.5467],[16.0103,63.5335],[16.0038,63.523],[15.9981,63.5137],[15.9833,63.5028],[15.9819,63.4577],[15.9981,63.4438],[16.0251,63.4426],[16.044,63.4528],[16.0736,63.4528],[16.1141,63.4426],[16.1451,63.4317],[16.1411,63.3973],[16.1141,63.3828],[16.1182,63.375],[16.164,63.3635],[16.2355,63.3332],[16.2908,63.3181],[16.3016,63.3072],[16.3461,63.286],[16.5781,63.1985],[16.6779,63.1535],[16.7251,63.1218],[16.833,63.0608],[16.945,63.0033],[16.9894,62.9648],[16.9895,62.9647],[16.9982,62.9626],[17.0538,62.9326],[17.1327,62.8957],[17.1723,62.8763],[17.174,62.8779],[17.1846,62.9019],[17.2268,62.9151],[17.269,62.9223],[17.3322,62.9223],[17.3486,62.9248],[17.3459,62.9308],[17.3308,62.9424],[17.3139,62.9516],[17.2936,62.9546],[17.2616,62.9569],[17.243,62.9654],[17.2312,62.973],[17.2109,63.0351],[17.2346,63.0404],[17.2784,63.042],[17.2886,63.0473],[17.2903,63.0626],[17.3088,63.0756],[17.3443,63.0871],[17.3847,63.097],[17.4809,63.1138],[17.5079,63.1206],[17.5906,63.1229],[17.621,63.1367],[17.6513,63.1389],[17.6868,63.1382],[17.7239,63.1313],[17.7593,63.1306],[17.815,63.1534],[17.8319,63.1633],[17.8572,63.1687],[17.9095,63.1603],[17.9331,63.161],[17.9736,63.1847],[18.0023,63.1953],[18.0108,63.2052],[18.0174,63.2075],[18.0117,63.2089],[18.0063,63.2153],[17.9668,63.2314],[17.9288,63.2535],[17.8493,63.2836],[17.8238,63.2886],[17.7761,63.2802],[17.7298,63.2804],[17.7028,63.2887],[17.6672,63.2955],[17.6251,63.294],[17.5927,63.2955],[17.57,63.3071],[17.5495,63.3144],[17.5441,63.3255],[17.5268,63.3372],[17.502,63.3502],[17.4858,63.3648],[17.4836,63.3812],[17.4761,63.3933],[17.4458,63.404],[17.4253,63.4387],[17.4253,63.4542],[17.4145,63.4962],[17.4048,63.5096],[17.3929,63.5164],[17.354,63.5111],[17.3098,63.4995],[17.2687,63.5005],[17.2601,63.512],[17.2784,63.5323],[17.2752,63.5433],[17.2644,63.552],[17.2644,63.5655],[17.273,63.5775],[17.3227,63.5876],[17.3206,63.6039],[17.2979,63.6169],[17.2752,63.6241],[17.2676,63.6452],[17.273,63.6648],[17.2936,63.6835],[17.3173,63.6964],[17.3238,63.7103],[17.3238,63.7256],[17.3206,63.7332],[17.3,63.7418],[17.2352,63.7275],[17.2072,63.7237],[17.2072,63.7327],[17.2234,63.7566],[17.2234,63.7838],[17.2504,63.8015],[17.2558,63.8072],[17.2504,63.8206],[17.2083,63.8272],[17.191,63.8334],[17.1802,63.862],[17.1661,63.871],[17.1715,63.8843],[17.2212,63.8905],[17.2914,63.8924],[17.2946,63.9],[17.273,63.9133],[17.2765,63.9234],[17.2449,63.9298],[17.0606,63.9406],[16.9889,63.9505],[16.9315,63.9487],[16.8947,63.9559],[16.8838,63.96],[16.866,63.9667],[16.8476,63.9783],[16.7595,64.0161],[16.7303,64.0288]]]}},
    {"type":"Feature","properties":{"kod":"2284","namn":"Örnsköldsvik","lan_kod":"22"},"geometry":{"type":"Polygon","coordinates":[[[17.2765,63.9234],[17.273,63.9133],[17.2946,63.9],[17.2914,63.8924],[17.2212,63.8905],[17.1715,63.8843],[17.1661,63.871],[17.1802,63.862],[17.191,63.8334],[17.2083,63.8272],[17.2504,63.8206],[17.2558,63.8072],[17.2504,63.8015],[17.2234,63.7838],[17.2234,63.7566],[17.2072,63.7327],[17.2072,63.7237],[17.2352,63.7275],[17.3,63.7418],[17.3206,63.7332],[17.3238,63.7256],[17.3238,63.7103],[17.3173,63.6964],[17.2936,63.6835],[17.273,63.6648],[17.2676,63.6452],[17.2752,63.6241],[17.2979,63.6169],[17.3206,63.6039],[17.3227,63.5876],[17.273,63.5775],[17.2644,63.5655],[17.2644,63.552],[17.2752,63.5433],[17.2784,63.5323],[17.2601,63.512],[17.2687,63.5005],[17.3098,63.4995],[17.354,63.5111],[17.3929,63.5164],[17.4048,63.5096],[17.4145,63.4962],[17.4253,63.4542],[17.4253,63.4387],[17.4458,63.404],[17.4761,63.3933],[17.4836,63.3812],[17.4858,63.3648],[17.502,63.3502],[17.5268,63.3372],[17.5441,63.3255],[17.5495,63.3144],[17.57,63.3071],[17.5927,63.2955],[17.6251,63.294],[17.6672,63.2955],[17.7028,63.2887],[17.7298,63.2804],[17.7761,63.2802],[17.8238,63.2886],[17.8493,63.2836],[17.9288,63.2535],[17.9668,63.2314],[18.0063,63.2153],[18.0117,63.2089],[18.0174,63.2075],[18.0333,63.2036],[18.0819,63.2002],[18.137,63.1895],[18.4199,63.1236],[18.475,63.1075],[18.527,63.1028],[18.5523,63.1186],[18.5866,63.1351],[18.6316,63.1467],[18.7032,63.1729],[18.7937,63.1939],[18.8321,63.2069],[18.8829,63.2205],[18.9268,63.2192],[18.9487,63.2112],[18.9693,63.1976],[18.9954,63.1902],[19.0681,63.21],[19.0777,63.2248],[19.1092,63.2582],[19.1325,63.2767],[19.1545,63.2871],[19.1874,63.2995],[19.2203,63.3161],[19.2313,63.3321],[19.2628,63.3451],[19.2697,63.3672],[19.2752,63.4028],[19.245,63.4378],[19.2601,63.4728],[19.2738,63.4783],[19.2272,63.5264],[19.2046,63.5392],[19.1883,63.5647],[19.1453,63.6203],[19.1186,63.6494],[19.0777,63.6712],[18.9958,63.7302],[18.9548,63.7429],[18.9425,63.7664],[18.9241,63.789],[18.8934,63.7972],[18.8258,63.7908],[18.7848,63.7954],[18.7787,63.8071],[18.7644,63.813],[18.748,63.8198],[18.6886,63.8252],[18.6702,63.8378],[18.578,63.8387],[18.5411,63.8487],[18.4818,63.8541],[18.4695,63.8649],[18.4695,63.8811],[18.4592,63.892],[18.4203,63.9073],[18.4019,63.9208],[18.4101,63.9379],[18.451,63.955],[18.4715,63.9703],[18.4592,63.9873],[18.4326,63.9999],[18.3978,64.0098],[18.3976,64.0098],[18.3773,64.0089],[18.3302,63.9999],[18.0046,63.9487],[17.7589,63.8965],[17.593,63.9019],[17.4845,63.901],[17.4374,63.9082],[17.3718,63.9127],[17.3206,63.9145],[17.2765,63.9234]]]}},
    {"type":"Feature","properties":{"kod":"2303","namn":"Ragunda","lan_kod":"23"},"geometry":{"type":"Polygon","coordinates":[[[15.4898,63.362],[15.4952,63.3535],[15.5138,63.3369],[15.5416,63.3244],[15.5555,63.3098],[15.5068,63.2807],[15.4813,63.2682],[15.4489,63.2807],[15.4327,63.2942],[15.4026,63.3026],[15.3516,63.3015],[15.3238,63.2901],[15.2867,63.2432],[15.2265,63.2327],[15.238,63.2118],[15.2566,63.1972],[15.296,63.191],[15.3145,63.1753],[15.3145,63.1537],[15.347,63.1506],[15.3786,63.1399],[15.4366,63.1292],[15.4577,63.1208],[15.4735,63.1089],[15.492,63.0898],[15.5394,63.0827],[15.608,63.0815],[15.6502,63.0755],[15.6923,63.0612],[15.7161,63.0564],[15.7451,63.0707],[15.7688,63.0779],[15.8637,63.0815],[15.898,63.091],[15.9349,63.0946],[15.9718,63.0815],[15.9771,63.0683],[16.0034,63.0731],[16.0087,63.0886],[16.0483,63.0922],[16.0799,63.0827],[16.1115,63.0839],[16.1484,63.0922],[16.1827,63.0898],[16.2065,63.0827],[16.2671,63.0791],[16.3145,63.0719],[16.3989,63.0468],[16.4358,63.0265],[16.4516,62.981],[16.4385,62.9559],[16.42,62.9427],[16.4253,62.9271],[16.4569,62.9151],[16.4727,62.9055],[16.4806,62.8682],[16.4991,62.8514],[16.5233,62.8429],[16.5376,62.8516],[16.6064,62.8879],[16.6415,62.9143],[16.682,62.9279],[16.7305,62.934],[16.771,62.934],[16.8033,62.9426],[16.829,62.9463],[16.8762,62.9457],[16.9112,62.9481],[16.9382,62.9549],[16.9895,62.9647],[16.9894,62.9648],[16.945,63.0033],[16.833,63.0608],[16.7251,63.1218],[16.6779,63.1535],[16.5781,63.1985],[16.3461,63.286],[16.3016,63.3072],[16.2908,63.3181],[16.2355,63.3332],[16.164,63.3635],[16.1182,63.375],[16.1141,63.3828],[16.1411,63.3973],[16.1451,63.4317],[16.1141,63.4426],[16.0736,63.4528],[16.044,63.4528],[16.0251,63.4426],[15.9981,63.4438],[15.9819,63.4577],[15.9833,63.5028],[15.9981,63.5137],[16.0038,63.523],[15.9806,63.5245],[15.9401,63.5161],[15.8713,63.5131],[15.8376,63.5137],[15.7971,63.5197],[15.785,63.5185],[15.7391,63.4974],[15.7284,63.489],[15.6946,63.4788],[15.6865,63.4601],[15.6677,63.4534],[15.6461,63.442],[15.6245,63.4414],[15.5813,63.436],[15.5638,63.4299],[15.5449,63.4106],[15.5355,63.3931],[15.5166,63.381],[15.5058,63.3695],[15.4898,63.362]]]}},
    {"type":"Feature","properties":{"kod":"2305","namn":"Bräcke","lan_kod":"23"},"geometry":{"type":"Polygon","coordinates":[[[14.9263,62.6064],[14.9433,62.6063],[15.0121,62.6088],[15.0432,62.605],[15.0904,62.5926],[15.1106,62.5895],[15.1376,62.5759],[15.1619,62.5746],[15.1848,62.5858],[15.2428,62.6057],[15.294,62.6094],[15.3979,62.6199],[15.4559,62.6224],[15.5152,62.623],[15.5422,62.6292],[15.5732,62.6342],[15.6272,62.6373],[15.6582,62.6491],[15.6919,62.6534],[15.727,62.6646],[15.816,62.6881],[15.8551,62.6924],[15.9482,62.7196],[16.0049,62.7227],[16.048,62.7196],[16.0763,62.7097],[16.1276,62.7023],[16.1789,62.7054],[16.222,62.7147],[16.2665,62.7172],[16.3124,62.7178],[16.3638,62.7167],[16.3704,62.7165],[16.3974,62.7209],[16.4014,62.7332],[16.4028,62.7499],[16.4135,62.7635],[16.4419,62.7888],[16.4554,62.798],[16.4715,62.8079],[16.4958,62.8165],[16.5093,62.8344],[16.5233,62.8429],[16.4991,62.8514],[16.4806,62.8682],[16.4727,62.9055],[16.4569,62.9151],[16.4253,62.9271],[16.42,62.9427],[16.4385,62.9559],[16.4516,62.981],[16.4358,63.0265],[16.3989,63.0468],[16.3145,63.0719],[16.2671,63.0791],[16.2065,63.0827],[16.1827,63.0898],[16.1484,63.0922],[16.1115,63.0839],[16.0799,63.0827],[16.0483,63.0922],[16.0087,63.0886],[16.0034,63.0731],[15.9771,63.0683],[15.9718,63.0815],[15.9349,63.0946],[15.898,63.091],[15.8637,63.0815],[15.7688,63.0779],[15.7451,63.0707],[15.7161,63.0564],[15.6923,63.0612],[15.6502,63.0755],[15.608,63.0815],[15.5394,63.0827],[15.492,63.0898],[15.4735,63.1089],[15.4577,63.1208],[15.4366,63.1292],[15.3786,63.1399],[15.347,63.1506],[15.3145,63.1537],[15.3145,63.1449],[15.296,63.1167],[15.2612,63.1146],[15.1708,63.1449],[15.1129,63.147],[15.106,63.1303],[15.1175,63.1104],[15.143,63.0957],[15.143,63.0705],[15.0921,63.059],[15.0295,63.0516],[15.0202,63.0348],[15.0411,63.0222],[15.0503,62.9991],[15.0434,62.9833],[15.0086,62.9728],[14.9947,62.9643],[14.9831,62.9369],[14.9553,62.9158],[14.9206,62.9201],[14.8858,62.9274],[14.814,62.9264],[14.7908,62.9148],[14.7918,62.9037],[14.7967,62.9],[14.7976,62.8682],[14.804,62.8583],[14.8203,62.848],[14.8275,62.8401],[14.8302,62.8294],[14.8121,62.8182],[14.7985,62.8129],[14.7958,62.7996],[14.8347,62.7756],[14.8203,62.7673],[14.7931,62.7619],[14.7659,62.764],[14.7379,62.7719],[14.7062,62.7735],[14.6718,62.7727],[14.6446,62.7595],[14.6501,62.7474],[14.67,62.7354],[14.7089,62.7309],[14.7487,62.7338],[14.7759,62.7429],[14.8031,62.7441],[14.8682,62.7221],[14.8899,62.7085],[14.8872,62.691],[14.8909,62.6702],[14.8984,62.6493],[14.9168,62.6376],[14.9263,62.6064]]]}},
    {"type":"Feature","properties":{"kod":"2309","namn":"Krokom","lan_kod":"23"},"geometry":{"type":"MultiPolygon","coordinates":[[[[13.5096,63.2105],[13.5232,63.2048],[13.5422,63.2048],[13.5539,63.206],[13.5621,63.2117],[13.572,63.2292],[13.5947,63.2402],[13.5974,63.2496],[13.5956,63.259],[13.5865,63.2651],[13.5747,63.2657],[13.544,63.2626],[13.534,63.2561],[13.5295,63.2484],[13.5295,63.2402],[13.5232,63.2362],[13.4969,63.2276],[13.4951,63.2199],[13.5096,63.2105]]],[[[14.1251,64.3889],[14.134,64.3682],[14.1505,64.1938],[14.1478,64.1806],[14.0778,64.1172],[13.9667,64.0056],[13.8419,64.0206],[13.702,64.0435],[13.3081,64.0831],[13.3059,64.0522],[13.3167,63.9128],[13.3123,63.8924],[13.3432,63.8759],[13.3631,63.8554],[13.3565,63.8116],[13.3653,63.7969],[13.3963,63.7833],[13.4029,63.7745],[13.4228,63.7647],[13.4581,63.7618],[13.4714,63.7364],[13.4648,63.6943],[13.4559,63.6747],[13.467,63.659],[13.5001,63.6521],[13.509,63.6384],[13.509,63.6217],[13.4913,63.606],[13.4559,63.6099],[13.383,63.6482],[13.3344,63.659],[13.3056,63.6629],[13.2703,63.657],[13.2703,63.6433],[13.2769,63.6286],[13.2946,63.6188],[13.3388,63.609],[13.4161,63.606],[13.4427,63.6001],[13.4692,63.5873],[13.5001,63.5608],[13.4802,63.548],[13.4802,63.5263],[13.5045,63.5135],[13.5112,63.4977],[13.5067,63.482],[13.4891,63.4642],[13.4824,63.4425],[13.5023,63.4316],[13.5355,63.4227],[13.5554,63.4148],[13.5885,63.4059],[13.6239,63.4049],[13.6526,63.395],[13.6769,63.3792],[13.7653,63.3455],[13.8007,63.3415],[13.825,63.3504],[13.8647,63.3504],[13.878,63.3415],[13.9112,63.3415],[13.9465,63.3395],[13.9708,63.3356],[13.9863,63.3276],[14.0172,63.3246],[14.0393,63.3187],[14.0431,63.3165],[14.0422,63.3152],[14.0773,63.2885],[14.1357,63.2741],[14.324,63.193],[14.369,63.1834],[14.3929,63.1885],[14.5984,63.2193],[14.6448,63.2203],[14.6625,63.2253],[14.6934,63.2183],[14.7376,63.2193],[14.7465,63.2302],[14.7399,63.2452],[14.7376,63.3018],[14.6515,63.3177],[14.647,63.3316],[14.6647,63.3494],[14.6492,63.3613],[14.6227,63.3732],[14.6028,63.3891],[14.594,63.4029],[14.5653,63.4079],[14.5586,63.4207],[14.5365,63.4276],[14.5078,63.4484],[14.5211,63.4593],[14.5564,63.4681],[14.5719,63.4741],[14.5763,63.4889],[14.5874,63.5046],[14.594,63.5332],[14.5653,63.5618],[14.5454,63.5746],[14.552,63.5805],[14.5763,63.5785],[14.6073,63.5657],[14.6691,63.5647],[14.7111,63.5618],[14.7465,63.5509],[14.7885,63.5539],[14.7885,63.5775],[14.7995,63.5873],[14.857,63.5785],[14.899,63.5775],[14.9189,63.5805],[14.9513,63.6002],[14.9474,63.6014],[14.9258,63.6079],[14.8958,63.6242],[14.8874,63.6326],[14.8832,63.642],[14.8916,63.6504],[14.9232,63.6522],[14.9506,63.6569],[14.9422,63.7046],[14.9337,63.7167],[14.9169,63.7279],[14.919,63.7391],[14.9422,63.7484],[14.9443,63.7703],[14.9546,63.784],[15.0435,63.8248],[15.0927,63.8431],[15.1066,63.8548],[15.1126,63.875],[15.0893,63.8887],[15.0522,63.9027],[15.0366,63.9134],[15.0133,63.9232],[14.9995,63.927],[14.9822,63.9373],[14.9762,63.9505],[14.965,63.9562],[14.9503,63.968],[14.9451,63.9877],[14.9177,64.024],[14.9757,64.0523],[14.969,64.0676],[14.9353,64.0954],[14.9069,64.1036],[14.8584,64.1448],[14.8408,64.1848],[14.8098,64.2317],[14.7626,64.2757],[14.7356,64.2844],[14.6763,64.2868],[14.6358,64.2962],[14.5778,64.3032],[14.5347,64.3108],[14.4902,64.3125],[14.416,64.3242],[14.3742,64.3242],[14.304,64.3289],[14.2393,64.3476],[14.2136,64.3604],[14.1867,64.382],[14.1691,64.3902],[14.1462,64.3931],[14.1251,64.3889]],[[14.4851,64.2822],[14.532,64.2833],[14.5535,64.2804],[14.5657,64.2757],[14.5576,64.2645],[14.5441,64.2569],[14.5333,64.2382],[14.5198,64.2282],[14.4848,64.2235],[14.4402,64.2259],[14.4119,64.2341],[14.393,64.2446],[14.3732,64.2513],[14.3668,64.26],[14.3504,64.2675],[14.34,64.2702],[14.3253,64.2852],[14.3409,64.2949],[14.3659,64.2983],[14.4099,64.2983],[14.4246,64.296],[14.4445,64.2881],[14.4583,64.2848],[14.485,64.2823],[14.4851,64.2822]]]]}},
    {"type":"Feature","properties":{"kod":"2313","namn":"Strömsund","lan_kod":"23"},"geometry":{"type":"MultiPolygon","coordinates":[[[[14.4851,64.2822],[14.485,64.2823],[14.4583,64.2848],[14.4445,64.2881],[14.4246,64.296],[14.4099,64.2983],[14.3659,64.2983],[14.3409,64.2949],[14.3253,64.2852],[14.34,64.2702],[14.3504,64.2675],[14.3668,64.26],[14.3732,64.2513],[14.393,64.2446],[14.4119,64.2341],[14.4402,64.2259],[14.4848,64.2235],[14.5198,64.2282],[14.5333,64.2382],[14.5441,64.2569],[14.5576,64.2645],[14.5657,64.2757],[14.5535,64.2804],[14.532,64.2833],[14.4851,64.2822]]],[[[14.6987,64.9713],[14.683,64.984],[14.6304,64.9944],[14.5597,65.0177],[14.3958,65.084],[14.3421,65.1],[14.3159,65.105],[14.303,65.1116],[14.2904,65.089],[14.2602,65.0722],[14.1505,64.9952],[13.9914,64.8749],[13.9489,64.837],[13.8076,64.7196],[13.7431,64.6762],[13.6978,64.6351],[13.6608,64.5933],[13.6443,64.5792],[13.6416,64.5698],[13.6553,64.5621],[13.6759,64.5556],[13.7678,64.5362],[13.8295,64.512],[13.8624,64.5061],[13.8926,64.4972],[13.9187,64.4925],[13.9708,64.4895],[13.9969,64.4866],[14.0476,64.4771],[14.0709,64.4771],[14.0847,64.4748],[14.0956,64.4647],[14.1251,64.3889],[14.1462,64.3931],[14.1691,64.3902],[14.1867,64.382],[14.2136,64.3604],[14.2393,64.3476],[14.304,64.3289],[14.3742,64.3242],[14.416,64.3242],[14.4902,64.3125],[14.5347,64.3108],[14.5778,64.3032],[14.6358,64.2962],[14.6763,64.2868],[14.7356,64.2844],[14.7626,64.2757],[14.8098,64.2317],[14.8408,64.1848],[14.8584,64.1448],[14.9069,64.1036],[14.9353,64.0954],[14.969,64.0676],[14.9757,64.0523],[14.9177,64.024],[14.9451,63.9877],[14.9503,63.968],[14.965,63.9562],[14.9762,63.9505],[14.9822,63.9373],[14.9995,63.927],[15.0133,63.9232],[15.0366,63.9134],[15.0522,63.9027],[15.0893,63.8887],[15.1126,63.875],[15.1066,63.8548],[15.0927,63.8431],[15.0435,63.8248],[14.9546,63.784],[14.9443,63.7703],[14.9422,63.7484],[14.919,63.7391],[14.9169,63.7279],[14.9337,63.7167],[14.9422,63.7046],[14.9506,63.6569],[14.9232,63.6522],[14.8916,63.6504],[14.8832,63.642],[14.8874,63.6326],[14.8958,63.6242],[14.9258,63.6079],[14.9474,63.6014],[14.9513,63.6002],[14.9676,63.5954],[14.9892,63.5828],[15.0148,63.572],[15.0513,63.5401],[15.0944,63.5209],[15.0904,63.5101],[15.0728,63.504],[15.0634,63.4902],[15.0755,63.4824],[15.1511,63.4794],[15.2064,63.4625],[15.2252,63.451],[15.2468,63.4468],[15.2873,63.4299],[15.317,63.4209],[15.3426,63.4064],[15.3682,63.3973],[15.3871,63.3877],[15.4222,63.3617],[15.4465,63.3562],[15.4788,63.3568],[15.4898,63.362],[15.5058,63.3695],[15.5166,63.381],[15.5355,63.3931],[15.5449,63.4106],[15.5638,63.4299],[15.5813,63.436],[15.6245,63.4414],[15.6461,63.442],[15.6677,63.4534],[15.6865,63.4601],[15.6946,63.4788],[15.7284,63.489],[15.7391,63.4974],[15.785,63.5185],[15.7971,63.5197],[15.8376,63.5137],[15.8713,63.5131],[15.9401,63.5161],[15.9806,63.5245],[16.0038,63.523],[16.0103,63.5335],[16.0143,63.5467],[15.9968,63.5672],[15.901,63.6121],[15.8835,63.6265],[15.847,63.6391],[15.8228,63.6445],[15.7985,63.6607],[15.8133,63.669],[15.8673,63.6816],[15.8956,63.6846],[15.9307,63.6768],[15.9374,63.6696],[15.9873,63.6684],[16.0197,63.672],[16.0359,63.681],[16.0588,63.7007],[16.0804,63.7091],[16.1114,63.7085],[16.1303,63.7007],[16.1478,63.6971],[16.1748,63.6864],[16.1991,63.681],[16.2193,63.6714],[16.2422,63.6672],[16.2733,63.6726],[16.2935,63.6834],[16.3083,63.6942],[16.3717,63.7097],[16.4985,63.7097],[16.539,63.7115],[16.5673,63.7187],[16.6091,63.7252],[16.6132,63.7384],[16.6078,63.761],[16.5902,63.77],[16.5687,63.7884],[16.5646,63.8164],[16.5565,63.8325],[16.5781,63.8563],[16.5767,63.8836],[16.6186,63.9245],[16.632,63.9411],[16.6482,63.95],[16.6644,63.9784],[16.6873,64.0039],[16.7303,64.0288],[16.7288,64.0295],[16.7001,64.0483],[16.6408,64.0734],[16.5015,64.1423],[16.3889,64.1878],[16.2926,64.2359],[16.2312,64.2635],[16.2005,64.2733],[16.139,64.2768],[16.0674,64.259],[16.0387,64.2608],[16.0223,64.2724],[16.0203,64.2999],[16.0059,64.3345],[15.9793,64.3478],[15.9424,64.3567],[15.8237,64.3912],[15.7807,64.4001],[15.752,64.408],[15.7315,64.4593],[15.7192,64.4787],[15.7192,64.5131],[15.711,64.529],[15.6926,64.5334],[15.6557,64.5237],[15.6414,64.5034],[15.6496,64.4619],[15.6312,64.4469],[15.6066,64.4469],[15.5841,64.454],[15.5718,64.4796],[15.5452,64.4964],[15.537,64.521],[15.5165,64.5325],[15.4837,64.5457],[15.4591,64.551],[15.4428,64.5598],[15.4387,64.5738],[15.3957,64.5765],[15.3731,64.5835],[15.3568,64.5949],[15.3424,64.6099],[15.326,64.6151],[15.283,64.6204],[15.2728,64.6371],[15.3424,64.6493],[15.3342,64.6695],[15.2769,64.6826],[15.2175,64.7176],[15.1765,64.7325],[15.1356,64.7447],[15.0516,64.7465],[15.0393,64.757],[15.0209,64.7954],[15.0066,64.8154],[14.9902,64.8268],[14.9492,64.845],[14.898,64.859],[14.8571,64.8677],[14.8305,64.8798],[14.7916,64.9068],[14.7424,64.9458],[14.7055,64.9658],[14.6987,64.9713]]]]}},
    {"type":"Feature","properties":{"kod":"2321","namn":"Åre","lan_kod":"23"},"geometry":{"type":"Polygon","coordinates":[[[13.6526,63.395],[13.6239,63.4049],[13.5885,63.4059],[13.5554,63.4148],[13.5355,63.4227],[13.5023,63.4316],[13.4824,63.4425],[13.4891,63.4642],[13.5067,63.482],[13.5112,63.4977],[13.5045,63.5135],[13.4802,63.5263],[13.4802,63.548],[13.5001,63.5608],[13.4692,63.5873],[13.4427,63.6001],[13.4161,63.606],[13.3388,63.609],[13.2946,63.6188],[13.2769,63.6286],[13.2703,63.6433],[13.2703,63.657],[13.3056,63.6629],[13.3344,63.659],[13.383,63.6482],[13.4559,63.6099],[13.4913,63.606],[13.509,63.6217],[13.509,63.6384],[13.5001,63.6521],[13.467,63.659],[13.4559,63.6747],[13.4648,63.6943],[13.4714,63.7364],[13.4581,63.7618],[13.4228,63.7647],[13.4029,63.7745],[13.3963,63.7833],[13.3653,63.7969],[13.3565,63.8116],[13.3631,63.8554],[13.3432,63.8759],[13.3123,63.8924],[13.3167,63.9128],[13.3059,64.0522],[13.3081,64.0831],[13.2123,64.0915],[12.9311,64.0549],[12.8638,64.0363],[12.7911,64.0068],[12.7376,63.9906],[12.6855,63.9695],[12.6348,63.943],[12.5826,63.9032],[12.5374,63.8622],[12.5031,63.8368],[12.4537,63.8089],[12.3152,63.7137],[12.2768,63.6724],[12.2699,63.656],[12.2082,63.62],[12.1623,63.5973],[12.1254,63.5739],[12.1149,63.5645],[12.1158,63.5473],[12.1272,63.5356],[12.1439,63.5234],[12.1562,63.5007],[12.157,63.4866],[12.1763,63.4639],[12.1702,63.4506],[12.1421,63.4396],[12.1175,63.4188],[12.0601,63.3394],[12.0416,63.3225],[11.9826,63.2867],[11.9668,63.2804],[11.9522,63.2713],[11.9388,63.2488],[11.9416,63.2389],[11.9522,63.2214],[11.9758,63.2111],[11.9888,63.2004],[11.9955,63.1903],[12.009,63.1822],[12.0257,63.1518],[12.0779,63.0991],[12.1259,63.0625],[12.1382,63.0457],[12.1766,63.0065],[12.1835,62.9884],[12.1835,62.9791],[12.1684,62.9653],[12.1259,62.9423],[12.0971,62.9173],[12.0645,62.9009],[12.13,62.9009],[12.1875,62.9029],[12.3819,62.9351],[12.4814,62.9442],[12.5432,62.9542],[12.6427,62.9663],[12.7709,62.9623],[13.0802,62.9683],[13.1222,62.9793],[13.162,63.0024],[13.2195,63.0245],[13.257,63.0315],[13.2968,63.0235],[13.3101,63.0165],[13.3454,63.0215],[13.3786,63.0315],[13.425,63.0515],[13.5112,63.0695],[13.5377,63.0806],[13.5686,63.0896],[13.6371,63.0936],[13.7078,63.0936],[13.7322,63.0886],[13.7432,63.0705],[13.7653,63.0655],[13.794,63.0806],[13.8073,63.0906],[13.8515,63.0926],[13.8714,63.0776],[13.8382,63.0635],[13.8404,63.0545],[13.8824,63.0505],[13.9377,63.0525],[13.9642,63.0495],[14.004,63.0495],[14.0371,63.0545],[14.1034,63.0555],[14.1321,63.0545],[14.1896,63.0385],[14.2161,63.0365],[14.2448,63.0425],[14.2736,63.0535],[14.3487,63.0595],[14.349,63.0607],[14.4268,63.0538],[14.4328,63.0501],[14.3805,63.1006],[14.3939,63.114],[14.3993,63.1553],[14.3751,63.1821],[14.369,63.1834],[14.324,63.193],[14.1357,63.2741],[14.0773,63.2885],[14.0422,63.3152],[14.0431,63.3165],[14.0393,63.3187],[14.0172,63.3246],[13.9863,63.3276],[13.9708,63.3356],[13.9465,63.3395],[13.9112,63.3415],[13.878,63.3415],[13.8647,63.3504],[13.825,63.3504],[13.8007,63.3415],[13.7653,63.3455],[13.6769,63.3792],[13.6526,63.395]],[[13.5096,63.2105],[13.4951,63.2199],[13.4969,63.2276],[13.5232,63.2362],[13.5295,63.2402],[13.5295,63.2484],[13.534,63.2561],[13.544,63.2626],[13.5747,63.2657],[13.5865,63.2651],[13.5956,63.259],[13.5974,63.2496],[13.5947,63.2402],[13.572,63.2292],[13.5621,63.2117],[13.5539,63.206],[13.5422,63.2048],[13.5232,63.2048],[13.5096,63.2105]]]}},
    {"type":"Feature","properties":{"kod":"2326","namn":"Berg","lan_kod":"23"},"geometry":{"type":"Polygon","coordinates":[[[12.0645,62.9009],[12.0463,62.8842],[12.0491,62.8629],[12.0861,62.7852],[12.1149,62.7501],[12.1169,62.7333],[12.141,62.7313],[12.2626,62.7435],[12.4239,62.7526],[12.4836,62.7536],[12.5189,62.7435],[12.5499,62.7313],[12.6051,62.7029],[12.6338,62.6979],[12.7024,62.7019],[12.751,62.7019],[12.7841,62.6999],[12.7996,62.6898],[12.8305,62.6867],[12.8924,62.6746],[12.8946,62.6938],[12.9012,62.711],[12.9278,62.7192],[12.9543,62.7303],[12.9985,62.7252],[13.0692,62.706],[13.12,62.706],[13.1465,62.6989],[13.1642,62.6827],[13.2062,62.6675],[13.2681,62.6563],[13.2791,62.64],[13.2858,62.6187],[13.3145,62.6096],[13.3432,62.6055],[13.3764,62.6075],[13.4161,62.6146],[13.4559,62.6197],[13.4603,62.6299],[13.4471,62.6411],[13.4117,62.6532],[13.383,62.6664],[13.3719,62.6776],[13.3631,62.709],[13.4051,62.7374],[13.4294,62.7455],[13.4515,62.7424],[13.4692,62.7333],[13.4802,62.7212],[13.5045,62.706],[13.5288,62.7019],[13.5554,62.7009],[13.5973,62.6847],[13.6371,62.6654],[13.6703,62.6685],[13.7034,62.6786],[13.7277,62.6837],[13.7476,62.6908],[13.7719,62.6958],[13.7896,62.705],[13.8095,62.711],[13.836,62.706],[13.8559,62.6938],[13.8913,62.6654],[13.8957,62.6421],[13.9023,62.6279],[13.931,62.6228],[13.973,62.6238],[13.9929,62.6157],[14.0239,62.5597],[14.0261,62.5179],[14.046,62.5016],[14.0835,62.4802],[14.0968,62.4526],[14.1145,62.4342],[14.1741,62.3953],[14.2139,62.3748],[14.3598,62.3133],[14.4194,62.3112],[14.4548,62.3122],[14.4791,62.3061],[14.5763,62.2937],[14.6073,62.2968],[14.6272,62.3092],[14.7001,62.342],[14.7642,62.3779],[14.8217,62.414],[14.8058,62.4195],[14.799,62.4358],[14.7977,62.4557],[14.8354,62.4719],[14.8651,62.4813],[14.8746,62.4937],[14.8368,62.5087],[14.8287,62.5249],[14.8112,62.5386],[14.8233,62.5529],[14.822,62.5641],[14.8044,62.5684],[14.7977,62.587],[14.8152,62.5995],[14.8746,62.6069],[14.9263,62.6064],[14.9168,62.6376],[14.8984,62.6493],[14.8909,62.6702],[14.8872,62.691],[14.8899,62.7085],[14.8682,62.7221],[14.8031,62.7441],[14.7759,62.7429],[14.7487,62.7338],[14.7089,62.7309],[14.67,62.7354],[14.6501,62.7474],[14.6446,62.7595],[14.6718,62.7727],[14.7062,62.7735],[14.7379,62.7719],[14.7659,62.764],[14.7931,62.7619],[14.8203,62.7673],[14.8347,62.7756],[14.7958,62.7996],[14.7985,62.8129],[14.8121,62.8182],[14.8302,62.8294],[14.8275,62.8401],[14.8203,62.848],[14.804,62.8583],[14.7976,62.8682],[14.7967,62.9],[14.7918,62.9037],[14.7913,62.9041],[14.7372,62.9049],[14.6806,62.9132],[14.6396,62.9165],[14.617,62.9229],[14.5944,62.948],[14.5661,62.9583],[14.5491,62.9776],[14.5576,62.9968],[14.5434,63.011],[14.5038,63.0154],[14.5047,63.0143],[14.4853,63.0179],[14.4328,63.0501],[14.4268,63.0538],[14.349,63.0607],[14.3487,63.0595],[14.2736,63.0535],[14.2448,63.0425],[14.2161,63.0365],[14.1896,63.0385],[14.1321,63.0545],[14.1034,63.0555],[14.0371,63.0545],[14.004,63.0495],[13.9642,63.0495],[13.9377,63.0525],[13.8824,63.0505],[13.8404,63.0545],[13.8382,63.0635],[13.8714,63.0776],[13.8515,63.0926],[13.8073,63.0906],[13.794,63.0806],[13.7653,63.0655],[13.7432,63.0705],[13.7322,63.0886],[13.7078,63.0936],[13.6371,63.0936],[13.5686,63.0896],[13.5377,63.0806],[13.5112,63.0695],[13.425,63.0515],[13.3786,63.0315],[13.3454,63.0215],[13.3101,63.0165],[13.2968,63.0235],[13.257,63.0315],[13.2195,63.0245],[13.162,63.0024],[13.1222,62.9793],[13.0802,62.9683],[12.7709,62.9623],[12.6427,62.9663],[12.5432,62.9542],[12.4814,62.9442],[12.3819,62.9351],[12.1875,62.9029],[12.13,62.9009],[12.0645,62.9009]]]}},
    {"type":"Feature","properties":{"kod":"2361","namn":"Härjedalen","lan_kod":"23"},"geometry":{"type":"Polygon","coordinates":[[[14.8217,62.414],[14.7642,62.3779],[14.7001,62.342],[14.6272,62.3092],[14.6073,62.2968],[14.5763,62.2937],[14.4791,62.3061],[14.4548,62.3122],[14.4194,62.3112],[14.3598,62.3133],[14.2139,62.3748],[14.1741,62.3953],[14.1145,62.4342],[14.0968,62.4526],[14.0835,62.4802],[14.046,62.5016],[14.0261,62.5179],[14.0239,62.5597],[13.9929,62.6157],[13.973,62.6238],[13.931,62.6228],[13.9023,62.6279],[13.8957,62.6421],[13.8913,62.6654],[13.8559,62.6938],[13.836,62.706],[13.8095,62.711],[13.7896,62.705],[13.7719,62.6958],[13.7476,62.6908],[13.7277,62.6837],[13.7034,62.6786],[13.6703,62.6685],[13.6371,62.6654],[13.5973,62.6847],[13.5554,62.7009],[13.5288,62.7019],[13.5045,62.706],[13.4802,62.7212],[13.4692,62.7333],[13.4515,62.7424],[13.4294,62.7455],[13.4051,62.7374],[13.3631,62.709],[13.3719,62.6776],[13.383,62.6664],[13.4117,62.6532],[13.4471,62.6411],[13.4603,62.6299],[13.4559,62.6197],[13.4161,62.6146],[13.3764,62.6075],[13.3432,62.6055],[13.3145,62.6096],[13.2858,62.6187],[13.2791,62.64],[13.2681,62.6563],[13.2062,62.6675],[13.1642,62.6827],[13.1465,62.6989],[13.12,62.706],[13.0692,62.706],[12.9985,62.7252],[12.9543,62.7303],[12.9278,62.7192],[12.9012,62.711],[12.8946,62.6938],[12.8924,62.6746],[12.8305,62.6867],[12.7996,62.6898],[12.7841,62.6999],[12.751,62.7019],[12.7024,62.7019],[12.6338,62.6979],[12.6051,62.7029],[12.5499,62.7313],[12.5189,62.7435],[12.4836,62.7536],[12.4239,62.7526],[12.2626,62.7435],[12.141,62.7313],[12.1169,62.7333],[12.1176,62.7275],[12.1012,62.713],[12.0888,62.6853],[12.0696,62.6608],[12.0532,62.6311],[12.0271,62.6173],[12.0271,62.5819],[12.0449,62.5649],[12.0669,62.5528],[12.0792,62.5427],[12.1012,62.5149],[12.1327,62.4838],[12.1437,62.4502],[12.178,62.4096],[12.1986,62.3746],[12.2534,62.3186],[12.2793,62.2571],[12.3157,62.2562],[12.454,62.2363],[12.5067,62.2271],[12.5429,62.2163],[12.5923,62.2056],[12.6713,62.2133],[12.7734,62.2133],[12.8195,62.2025],[12.9051,62.1441],[12.9479,62.1272],[12.9842,62.1087],[13.0204,62.0763],[13.0369,62.0578],[13.0895,62.0455],[13.1521,62.0269],[13.2015,62.0285],[13.2674,62.0532],[13.2904,62.0547],[13.3135,62.0393],[13.3069,62.0192],[13.3925,61.9976],[13.3826,61.9837],[13.274,61.9388],[13.2443,61.9295],[13.2476,61.9171],[13.2904,61.9062],[13.3497,61.8736],[13.3793,61.8457],[13.4353,61.8006],[13.4748,61.7788],[13.5209,61.7336],[13.5275,61.7196],[13.5045,61.7008],[13.5078,61.6837],[13.5275,61.668],[13.5703,61.6571],[13.7251,61.6555],[13.7745,61.6477],[13.8403,61.643],[13.9029,61.6415],[13.9622,61.6305],[14.012,61.628],[14.0338,61.6269],[14.2235,61.6259],[14.3226,61.6209],[14.3479,61.6128],[14.3942,61.5888],[14.409,61.5778],[14.4279,61.5778],[14.4511,61.5878],[14.468,61.5998],[14.4768,61.6082],[14.4891,61.6199],[14.5207,61.6309],[14.5439,61.6529],[14.5439,61.6929],[14.5354,61.7378],[14.5417,61.7837],[14.5565,61.8006],[14.5881,61.8265],[14.6155,61.8484],[14.6408,61.8633],[14.6745,61.8991],[14.6956,61.903],[14.7209,61.8961],[14.744,61.8749],[14.7751,61.8611],[14.7941,61.8297],[14.8148,61.8134],[14.8433,61.8069],[14.8726,61.8053],[14.8778,61.8236],[14.864,61.8285],[14.832,61.8326],[14.8174,61.8391],[14.7854,61.8692],[14.7846,61.8778],[14.8036,61.8839],[14.8286,61.8823],[14.8476,61.877],[14.8692,61.8664],[14.8864,61.8342],[14.9054,61.8261],[14.9287,61.8269],[14.9348,61.8415],[14.9296,61.8611],[14.9322,61.8762],[14.9529,61.8827],[14.9995,61.8843],[15.0384,61.8835],[15.0582,61.8766],[15.0703,61.8623],[15.0712,61.8481],[15.0772,61.8383],[15.0953,61.8297],[15.1135,61.8358],[15.1178,61.8562],[15.1117,61.8916],[15.1074,61.8997],[15.1297,61.9189],[15.1508,61.9556],[15.1403,61.9685],[15.1192,61.9794],[15.1171,61.9952],[15.1382,62.0209],[15.2267,62.0456],[15.2857,62.0753],[15.3552,62.1019],[15.3953,62.1088],[15.4227,62.1177],[15.4395,62.1344],[15.4459,62.159],[15.4195,62.2008],[15.4033,62.2159],[15.379,62.2209],[15.3642,62.231],[15.3642,62.2599],[15.3588,62.2712],[15.3487,62.284],[15.348,62.285],[15.3278,62.2894],[15.3062,62.2962],[15.2563,62.285],[15.2333,62.2755],[15.1983,62.2668],[15.178,62.2573],[15.1457,62.2605],[15.1173,62.2693],[15.0904,62.2818],[15.0607,62.2912],[15.0472,62.3013],[15.0202,62.3044],[14.9879,62.3169],[14.9555,62.3326],[14.9366,62.3495],[14.9056,62.3614],[14.8975,62.3895],[14.8867,62.4045],[14.8584,62.4127],[14.8274,62.412],[14.8217,62.414]]]}},
    {"type":"Feature","properties":{"kod":"2380","namn":"Östersund","lan_kod":"23"},"geometry":{"type":"Polygon","coordinates":[[[14.9513,63.6002],[14.9189,63.5805],[14.899,63.5775],[14.857,63.5785],[14.7995,63.5873],[14.7885,63.5775],[14.7885,63.5539],[14.7465,63.5509],[14.7111,63.5618],[14.6691,63.5647],[14.6073,63.5657],[14.5763,63.5785],[14.552,63.5805],[14.5454,63.5746],[14.5653,63.5618],[14.594,63.5332],[14.5874,63.5046],[14.5763,63.4889],[14.5719,63.4741],[14.5564,63.4681],[14.5211,63.4593],[14.5078,63.4484],[14.5365,63.4276],[14.5586,63.4207],[14.5653,63.4079],[14.594,63.4029],[14.6028,63.3891],[14.6227,63.3732],[14.6492,63.3613],[14.6647,63.3494],[14.647,63.3316],[14.6515,63.3177],[14.7376,63.3018],[14.7399,63.2452],[14.7465,63.2302],[14.7376,63.2193],[14.6934,63.2183],[14.6625,63.2253],[14.6448,63.2203],[14.5984,63.2193],[14.3929,63.1885],[14.369,63.1834],[14.3751,63.1821],[14.3993,63.1553],[14.3939,63.114],[14.3805,63.1006],[14.4328,63.0501],[14.4853,63.0179],[14.5047,63.0143],[14.5038,63.0154],[14.5434,63.011],[14.5576,62.9968],[14.5491,62.9776],[14.5661,62.9583],[14.5944,62.948],[14.617,62.9229],[14.6396,62.9165],[14.6806,62.9132],[14.7372,62.9049],[14.7913,62.9041],[14.7918,62.9037],[14.7908,62.9148],[14.814,62.9264],[14.8858,62.9274],[14.9206,62.9201],[14.9553,62.9158],[14.9831,62.9369],[14.9947,62.9643],[15.0086,62.9728],[15.0434,62.9833],[15.0503,62.9991],[15.0411,63.0222],[15.0202,63.0348],[15.0295,63.0516],[15.0921,63.059],[15.143,63.0705],[15.143,63.0957],[15.1175,63.1104],[15.106,63.1303],[15.1129,63.147],[15.1708,63.1449],[15.2612,63.1146],[15.296,63.1167],[15.3145,63.1449],[15.3145,63.1753],[15.296,63.191],[15.2566,63.1972],[15.238,63.2118],[15.2265,63.2327],[15.2867,63.2432],[15.3238,63.2901],[15.3516,63.3015],[15.4026,63.3026],[15.4327,63.2942],[15.4489,63.2807],[15.4813,63.2682],[15.5068,63.2807],[15.5555,63.3098],[15.5416,63.3244],[15.5138,63.3369],[15.4952,63.3535],[15.4898,63.362],[15.4788,63.3568],[15.4465,63.3562],[15.4222,63.3617],[15.3871,63.3877],[15.3682,63.3973],[15.3426,63.4064],[15.317,63.4209],[15.2873,63.4299],[15.2468,63.4468],[15.2252,63.451],[15.2064,63.4625],[15.1511,63.4794],[15.0755,63.4824],[15.0634,63.4902],[15.0728,63.504],[15.0904,63.5101],[15.0944,63.5209],[15.0513,63.5401],[15.0148,63.572],[14.9892,63.5828],[14.9676,63.5954],[14.9513,63.6002]]]}},
    {"type":"Feature","properties":{"kod":"2401","namn":"Nordmaling","lan_kod":"24"},"geometry":{"type":"Polygon","coordinates":[[[18.7644,63.813],[18.7787,63.8071],[18.7848,63.7954],[18.8258,63.7908],[18.8934,63.7972],[18.9241,63.789],[18.9425,63.7664],[18.9548,63.7429],[18.9958,63.7302],[19.0777,63.6712],[19.1186,63.6494],[19.1453,63.6203],[19.1883,63.5647],[19.2046,63.5392],[19.2272,63.5264],[19.2738,63.4783],[19.3013,63.466],[19.3246,63.463],[19.352,63.4556],[19.374,63.4525],[19.3877,63.444],[19.411,63.4378],[19.4288,63.4274],[19.4535,63.409],[19.4741,63.4065],[19.4933,63.4139],[19.5194,63.4446],[19.4809,63.4709],[19.4439,63.523],[19.4439,63.5499],[19.4494,63.5602],[19.4713,63.5615],[19.5098,63.5529],[19.5633,63.5266],[19.614,63.4703],[19.636,63.4532],[19.6744,63.444],[19.6949,63.4556],[19.7045,63.4636],[19.7292,63.4685],[19.7457,63.4764],[19.7471,63.5095],[19.732,63.5254],[19.7279,63.5401],[19.7434,63.5485],[19.7248,63.5551],[19.7087,63.5732],[19.7073,63.5882],[19.7087,63.5966],[19.7208,63.6056],[19.7289,63.6235],[19.706,63.6463],[19.706,63.6589],[19.7221,63.6714],[19.7356,63.6894],[19.7464,63.7455],[19.7397,63.7604],[19.7181,63.7753],[19.706,63.792],[19.71,63.8015],[19.7316,63.8087],[19.7362,63.8138],[19.7178,63.8145],[19.6777,63.821],[19.6292,63.8238],[19.5787,63.8313],[19.5618,63.8443],[19.5239,63.8573],[19.5049,63.874],[19.4944,63.887],[19.4849,63.8916],[19.4564,63.88],[19.4362,63.8598],[19.4214,63.8367],[19.4025,63.8319],[19.3431,63.845],[19.3269,63.8367],[19.2784,63.82],[19.2609,63.8117],[19.2366,63.8093],[19.1948,63.8218],[19.1826,63.8343],[19.1503,63.8384],[19.1327,63.8384],[19.1084,63.8337],[19.0801,63.8337],[19.0599,63.845],[19.0383,63.8497],[19.0167,63.848],[18.9938,63.839],[18.983,63.8319],[18.9614,63.8343],[18.9493,63.8456],[18.9412,63.8604],[18.925,63.8682],[18.9007,63.8711],[18.8616,63.8699],[18.8441,63.8587],[18.8211,63.8563],[18.8117,63.8396],[18.8131,63.8295],[18.8009,63.82],[18.7644,63.813]]]}},
    {"type":"Feature","properties":{"kod":"2403","namn":"Bjurholm","lan_kod":"24"},"geometry":{"type":"Polygon","coordinates":[[[18.3976,64.0098],[18.3978,64.0098],[18.4326,63.9999],[18.4592,63.9873],[18.4715,63.9703],[18.451,63.955],[18.4101,63.9379],[18.4019,63.9208],[18.4203,63.9073],[18.4592,63.892],[18.4695,63.8811],[18.4695,63.8649],[18.4818,63.8541],[18.5411,63.8487],[18.578,63.8387],[18.6702,63.8378],[18.6886,63.8252],[18.748,63.8198],[18.7644,63.813],[18.8009,63.82],[18.8131,63.8295],[18.8117,63.8396],[18.8211,63.8563],[18.8441,63.8587],[18.8616,63.8699],[18.9007,63.8711],[18.925,63.8682],[18.9412,63.8604],[18.9493,63.8456],[18.9614,63.8343],[18.983,63.8319],[18.9938,63.839],[19.0167,63.848],[19.0383,63.8497],[19.0599,63.845],[19.0801,63.8337],[19.1084,63.8337],[19.1327,63.8384],[19.1503,63.8384],[19.1826,63.8343],[19.1948,63.8218],[19.2366,63.8093],[19.2609,63.8117],[19.2784,63.82],[19.3269,63.8367],[19.3431,63.845],[19.4025,63.8319],[19.4214,63.8367],[19.4362,63.8598],[19.4564,63.88],[19.4849,63.8916],[19.4929,63.8949],[19.4767,63.9536],[19.4645,63.9844],[19.4497,64.0039],[19.4038,64.0417],[19.3849,64.0476],[19.3829,64.0481],[19.3512,64.057],[19.3162,64.08],[19.2892,64.09],[19.2622,64.0959],[19.2352,64.1083],[19.2204,64.1124],[19.2069,64.1207],[19.1772,64.1307],[19.1371,64.1384],[19.1214,64.1458],[19.1213,64.1455],[19.0665,64.1464],[19.0518,64.1519],[19.0139,64.1188],[18.9696,64.1124],[18.8495,64.0912],[18.7628,64.0793],[18.673,64.0601],[18.56,64.0438],[18.4526,64.0244],[18.3976,64.0098]]]}},
    {"type":"Feature","properties":{"kod":"2404","namn":"Vindeln","lan_kod":"24"},"geometry":{"type":"Polygon","coordinates":[[[19.1214,64.1458],[19.1371,64.1384],[19.1772,64.1307],[19.2069,64.1207],[19.2204,64.1124],[19.2352,64.1083],[19.2622,64.0959],[19.2892,64.09],[19.3162,64.08],[19.3512,64.057],[19.3829,64.0481],[19.4311,64.059],[19.4712,64.0571],[19.5513,64.0396],[19.5723,64.047],[19.5934,64.0617],[19.6271,64.0774],[19.6461,64.0756],[19.6609,64.0682],[19.7009,64.0682],[19.7367,64.071],[19.7683,64.0866],[19.7789,64.1087],[19.7798,64.1087],[19.7721,64.1277],[19.7977,64.1442],[19.8341,64.1507],[19.8746,64.1525],[19.9069,64.146],[19.9177,64.1377],[19.9393,64.1325],[19.9676,64.1383],[19.9865,64.1724],[20.0094,64.1889],[20.0202,64.2147],[20.0661,64.2575],[20.0674,64.2751],[20.0513,64.285],[20.0135,64.2897],[20.0013,64.3008],[20.0027,64.3248],[20.0135,64.3435],[20.0418,64.3546],[20.0755,64.3563],[20.089,64.3604],[20.085,64.3727],[20.0836,64.3995],[20.093,64.4046],[20.0701,64.4141],[20.058,64.4409],[20.0472,64.4531],[20.031,64.4612],[20.0067,64.4641],[19.9798,64.4653],[19.9501,64.4705],[19.938,64.4752],[19.9137,64.4996],[19.8651,64.5216],[19.8247,64.5257],[19.8017,64.5303],[19.7842,64.5471],[19.7761,64.5634],[19.7626,64.579],[19.7343,64.5998],[19.6817,64.6166],[19.6561,64.6305],[19.59,64.6426],[19.5549,64.6472],[19.4888,64.6513],[19.4672,64.6571],[19.4416,64.6709],[19.4092,64.6847],[19.3822,64.7044],[19.3661,64.7262],[19.3431,64.7493],[19.3383,64.7546],[19.3283,64.7654],[19.2986,64.7728],[19.2728,64.7835],[19.2541,64.776],[19.2415,64.75],[19.2056,64.7329],[19.1909,64.7068],[19.1698,64.6942],[19.1572,64.6644],[19.0413,64.546],[18.9928,64.4898],[18.9591,64.4408],[18.9675,64.3725],[18.9844,64.3232],[19.0033,64.2931],[19.0096,64.2547],[19.037,64.2409],[19.0729,64.2336],[19.1256,64.2107],[19.1424,64.1988],[19.1256,64.1896],[19.1234,64.163],[19.1214,64.1458]]]}},
    {"type":"Feature","properties":{"kod":"2409","namn":"Robertsfors","lan_kod":"24"},"geometry":{"type":"Polygon","coordinates":[[[20.2609,64.3333],[20.2765,64.3201],[20.2994,64.2962],[20.3278,64.2722],[20.4073,64.1818],[20.4532,64.143],[20.5045,64.1107],[20.5557,64.083],[20.5854,64.0558],[20.6164,64.0263],[20.6582,63.9903],[20.6353,63.9548],[20.6151,63.9062],[20.6218,63.9014],[20.6636,63.8978],[20.6906,63.8931],[20.7108,63.8854],[20.7386,63.8801],[20.7896,63.9117],[20.795,63.9262],[20.8238,63.94],[20.8513,63.9689],[20.8787,63.9828],[20.8938,63.997],[20.9026,64.0097],[20.9096,64.0339],[20.9254,64.0654],[20.9395,64.0788],[20.9561,64.0888],[20.9706,64.1172],[20.9967,64.1286],[21.0118,64.1549],[21.0447,64.1812],[21.0666,64.192],[21.0982,64.2015],[21.2679,64.2769],[21.2225,64.2803],[21.1888,64.2922],[21.153,64.357],[21.134,64.3689],[21.1129,64.3725],[21.0813,64.3625],[21.0645,64.3606],[21.0307,64.3616],[21.016,64.3679],[21.0097,64.378],[20.9907,64.3944],[20.9211,64.4326],[20.9043,64.4444],[20.8727,64.4526],[20.8326,64.4571],[20.7757,64.4435],[20.7399,64.4371],[20.7294,64.4208],[20.702,64.4098],[20.6788,64.4062],[20.6535,64.3935],[20.6535,64.3606],[20.6408,64.3579],[20.6177,64.3561],[20.5481,64.3387],[20.5397,64.326],[20.5291,64.3214],[20.4975,64.3223],[20.4828,64.3296],[20.409,64.3333],[20.3374,64.3424],[20.2609,64.3333]]]}},
    {"type":"Feature","properties":{"kod":"2417","namn":"Norsjö","lan_kod":"24"},"geometry":{"type":"Polygon","coordinates":[[[19.3545,65.1595],[19.311,65.1418],[18.9654,65.0441],[18.8284,65.0166],[18.7443,64.9974],[18.7694,64.9854],[18.9127,64.9435],[19.0581,64.8979],[19.2246,64.837],[19.2689,64.8281],[19.2942,64.8119],[19.2857,64.7886],[19.2728,64.7835],[19.2986,64.7728],[19.3283,64.7654],[19.3383,64.7546],[19.3742,64.7599],[19.3932,64.7707],[19.4417,64.7895],[19.4859,64.7859],[19.5281,64.7805],[19.5681,64.7778],[19.6166,64.7662],[19.6419,64.768],[19.6819,64.776],[19.7409,64.7787],[19.7936,64.7707],[19.8147,64.7572],[19.8948,64.7131],[19.9222,64.6897],[19.9833,64.6771],[20.0297,64.6771],[20.0697,64.6879],[20.076,64.7023],[20.0697,64.714],[20.0107,64.7464],[20.0212,64.7662],[20.076,64.8057],[20.0887,64.8254],[20.1034,64.8406],[20.1477,64.8451],[20.1772,64.8559],[20.1667,64.8782],[20.1372,64.8934],[20.0929,64.9095],[20.0634,64.9247],[20.0486,64.9658],[20.0065,64.9916],[19.958,65.0068],[19.8379,65.0352],[19.7936,65.0539],[19.6756,65.1382],[19.6124,65.1754],[19.5622,65.2097],[19.5254,65.2008],[19.4461,65.1783],[19.4118,65.1702],[19.3545,65.1595]]]}},
    {"type":"Feature","properties":{"kod":"2418","namn":"Malå","lan_kod":"24"},"geometry":{"type":"Polygon","coordinates":[[[18.2733,65.525],[18.2651,65.4972],[18.2865,65.4624],[18.2651,65.4276],[18.2393,65.3722],[18.1942,65.3211],[18.1577,65.2511],[18.2235,65.2293],[18.3205,65.2011],[18.4027,65.1551],[18.5144,65.1019],[18.5629,65.093],[18.5797,65.0859],[18.5924,65.0699],[18.6577,65.0388],[18.7443,64.9974],[18.8284,65.0166],[18.9654,65.0441],[19.311,65.1418],[19.3545,65.1595],[19.3539,65.1594],[19.3325,65.1855],[19.3025,65.2035],[19.2724,65.2098],[19.2403,65.2187],[19.221,65.2304],[19.2253,65.2457],[19.236,65.2547],[19.2424,65.2654],[19.2146,65.278],[19.1524,65.2923],[19.1331,65.3022],[19.1117,65.3075],[19.0753,65.3084],[19.0345,65.3183],[18.9981,65.3317],[18.9681,65.3487],[18.9381,65.354],[18.8652,65.3773],[18.8181,65.388],[18.7924,65.3978],[18.7666,65.4049],[18.7345,65.4192],[18.7195,65.4424],[18.6723,65.4504],[18.6187,65.4531],[18.5373,65.454],[18.5094,65.4584],[18.4794,65.486],[18.4323,65.5029],[18.3573,65.5029],[18.2823,65.5215],[18.2733,65.525]]]}},
    {"type":"Feature","properties":{"kod":"2421","namn":"Storuman","lan_kod":"24"},"geometry":{"type":"Polygon","coordinates":[[[14.9455,66.1474],[14.7568,66.1383],[14.61,66.1355],[14.5264,66.1316],[14.5003,66.1277],[14.503,66.1039],[14.525,66.0393],[14.5209,66.0221],[14.5236,65.9958],[14.5483,65.9651],[14.5606,65.9226],[14.5648,65.8806],[14.5949,65.8391],[14.5977,65.82],[14.5963,65.7953],[14.584,65.7745],[14.573,65.766],[14.5538,65.7288],[14.5264,65.6933],[14.5209,65.6577],[14.5071,65.6413],[14.4893,65.609],[14.4962,65.5591],[14.4879,65.5387],[14.4892,65.4393],[14.5295,65.4388],[14.5711,65.4347],[14.593,65.4266],[14.615,65.4266],[14.6444,65.4215],[14.6859,65.4114],[14.7372,65.4073],[14.7836,65.4103],[14.8056,65.4195],[14.8374,65.4256],[14.8838,65.4256],[14.9278,65.4175],[14.9766,65.4063],[15.0304,65.4063],[15.1305,65.4093],[15.1916,65.4215],[15.2283,65.4185],[15.2551,65.4124],[15.4066,65.4134],[15.4946,65.4103],[15.5557,65.4022],[15.734,65.3971],[15.8366,65.3768],[15.8806,65.3656],[15.971,65.3483],[16.0296,65.333],[16.1054,65.3217],[16.1518,65.3013],[16.2129,65.2687],[16.3277,65.1909],[16.4083,65.1406],[16.5451,65.0614],[16.5842,65.0335],[16.7601,64.9768],[17.0069,64.9012],[17.0655,64.8794],[17.1266,64.8618],[17.1584,64.8483],[17.2659,64.8151],[17.3343,64.7859],[17.3294,64.7734],[17.3416,64.7672],[17.3783,64.7651],[17.4613,64.7641],[17.5053,64.7589],[17.533,64.7492],[17.5689,64.7492],[17.6065,64.7645],[17.6487,64.7792],[17.6753,64.8058],[17.7362,64.8258],[17.7425,64.8511],[17.7941,64.8743],[17.8582,64.9088],[17.8832,64.9154],[17.8895,64.9658],[17.9035,65.0253],[17.9317,65.0371],[17.9462,65.048],[17.9451,65.0481],[17.9365,65.0671],[17.8657,65.0906],[17.8077,65.134],[17.7758,65.1465],[17.7221,65.1592],[17.6046,65.1986],[17.5073,65.2183],[17.3832,65.2548],[17.296,65.2703],[17.2154,65.2871],[17.0544,65.3165],[16.9604,65.339],[16.8564,65.3781],[16.7524,65.42],[16.6618,65.466],[16.5746,65.5189],[16.4807,65.5717],[16.3431,65.6119],[16.0049,65.6963],[15.5251,65.8264],[15.4392,65.8633],[15.392,65.8958],[15.3104,65.9439],[15.2352,65.9815],[15.1278,66.0392],[14.9582,66.1367],[14.9455,66.1474]]]}},
    {"type":"Feature","properties":{"kod":"2422","namn":"Sorsele","lan_kod":"24"},"geometry":{"type":"Polygon","coordinates":[[[15.4606,66.3441],[15.4797,66.2959],[15.4797,66.2844],[15.4605,66.2755],[15.4084,66.2595],[15.1999,66.2015],[15.1217,66.1766],[15.0805,66.161],[15.0476,66.1533],[14.9455,66.1474],[14.9582,66.1367],[15.1278,66.0392],[15.2352,65.9815],[15.3104,65.9439],[15.392,65.8958],[15.4392,65.8633],[15.5251,65.8264],[16.0049,65.6963],[16.3431,65.6119],[16.4807,65.5717],[16.5746,65.5189],[16.6618,65.466],[16.7524,65.42],[16.8564,65.3781],[16.9604,65.339],[17.0544,65.3165],[17.2154,65.2871],[17.296,65.2703],[17.3832,65.2548],[17.5073,65.2183],[17.6046,65.1986],[17.7221,65.1592],[17.7758,65.1465],[17.8077,65.134],[17.8657,65.0906],[17.9365,65.0671],[17.9451,65.0481],[17.9462,65.048],[17.9838,65.0435],[18.0117,65.0589],[17.9752,65.0752],[17.9709,65.0843],[18.0117,65.115],[18.0332,65.153],[18.1212,65.2295],[18.1577,65.2511],[18.1942,65.3211],[18.2393,65.3722],[18.2651,65.4276],[18.2865,65.4624],[18.2651,65.4972],[18.2733,65.525],[18.2501,65.534],[18.2115,65.5526],[18.1665,65.5783],[18.151,65.5873],[18.1451,65.5907],[18.1129,65.5978],[18.0465,65.5916],[17.9822,65.6111],[17.9372,65.6182],[17.9093,65.619],[17.8686,65.6288],[17.8257,65.6367],[17.7743,65.6438],[17.7507,65.6491],[17.6971,65.6562],[17.6607,65.6641],[17.5642,65.6968],[17.3564,65.7892],[17.2492,65.8402],[17.037,65.926],[16.9384,65.9627],[16.8441,66.0037],[16.7862,66.0237],[16.7262,66.0411],[16.6791,66.0411],[16.6083,66.0438],[16.559,66.049],[16.5205,66.0603],[16.4605,66.0751],[16.4069,66.0924],[16.2933,66.1194],[16.2268,66.148],[16.1583,66.1688],[16.0297,66.2034],[15.9868,66.2233],[15.8861,66.2552],[15.811,66.2759],[15.7446,66.3],[15.6932,66.3087],[15.6374,66.3112],[15.5946,66.3207],[15.5395,66.3284],[15.4746,66.3428],[15.4606,66.3441]]]}},
    {"type":"Feature","properties":{"kod":"2425","namn":"Dorotea","lan_kod":"24"},"geometry":{"type":"Polygon","coordinates":[[[16.8838,63.96],[16.9411,64],[16.9448,64.0146],[16.9281,64.0211],[16.8911,64.0422],[16.8559,64.0665],[16.8392,64.0868],[16.8281,64.1119],[16.7966,64.1361],[16.7873,64.1555],[16.7651,64.1773],[16.7559,64.1966],[16.741,64.212],[16.7336,64.2273],[16.7484,64.2402],[16.7083,64.2587],[16.6793,64.275],[16.6764,64.2901],[16.6764,64.3365],[16.7054,64.3528],[16.7066,64.3597],[16.7083,64.3691],[16.6533,64.4229],[16.6301,64.4329],[16.5578,64.4529],[16.4912,64.4616],[16.4594,64.4691],[16.3928,64.4728],[16.361,64.489],[16.3233,64.499],[16.2539,64.5239],[16.1931,64.5376],[16.1323,64.5612],[16.1113,64.5865],[16.0798,64.6143],[16.0149,64.6564],[15.9668,64.6936],[15.889,64.7332],[15.7704,64.7806],[15.5556,64.8539],[15.5074,64.8681],[15.3944,64.8893],[15.2462,64.9121],[14.9499,64.9521],[14.8591,64.9623],[14.6987,64.9713],[14.7055,64.9658],[14.7424,64.9458],[14.7916,64.9068],[14.8305,64.8798],[14.8571,64.8677],[14.898,64.859],[14.9492,64.845],[14.9902,64.8268],[15.0066,64.8154],[15.0209,64.7954],[15.0393,64.757],[15.0516,64.7465],[15.1356,64.7447],[15.1765,64.7325],[15.2175,64.7176],[15.2769,64.6826],[15.3342,64.6695],[15.3424,64.6493],[15.2728,64.6371],[15.283,64.6204],[15.326,64.6151],[15.3424,64.6099],[15.3568,64.5949],[15.3731,64.5835],[15.3957,64.5765],[15.4387,64.5738],[15.4428,64.5598],[15.4591,64.551],[15.4837,64.5457],[15.5165,64.5325],[15.537,64.521],[15.5452,64.4964],[15.5718,64.4796],[15.5841,64.454],[15.6066,64.4469],[15.6312,64.4469],[15.6496,64.4619],[15.6414,64.5034],[15.6557,64.5237],[15.6926,64.5334],[15.711,64.529],[15.7192,64.5131],[15.7192,64.4787],[15.7315,64.4593],[15.752,64.408],[15.7807,64.4001],[15.8237,64.3912],[15.9424,64.3567],[15.9793,64.3478],[16.0059,64.3345],[16.0203,64.2999],[16.0223,64.2724],[16.0387,64.2608],[16.0674,64.259],[16.139,64.2768],[16.2005,64.2733],[16.2312,64.2635],[16.2926,64.2359],[16.3889,64.1878],[16.5015,64.1423],[16.6408,64.0734],[16.7001,64.0483],[16.7288,64.0295],[16.7303,64.0288],[16.7595,64.0161],[16.8476,63.9783],[16.866,63.9667],[16.8838,63.96]]]}},
    {"type":"Feature","properties":{"kod":"2460","namn":"Vännäs","lan_kod":"24"},"geometry":{"type":"Polygon","coordinates":[[[19.4849,63.8916],[19.4944,63.887],[19.5049,63.874],[19.5239,63.8573],[19.5618,63.8443],[19.5787,63.8313],[19.6292,63.8238],[19.6777,63.821],[19.7178,63.8145],[19.7362,63.8138],[19.7409,63.8136],[19.7662,63.821],[19.7894,63.8368],[19.7978,63.8452],[19.9011,63.874],[19.9369,63.8823],[19.958,63.8962],[19.8674,63.9055],[19.8421,63.9333],[19.8505,63.9454],[19.9327,63.975],[19.8843,64.0036],[19.8906,64.0193],[19.9264,64.0322],[19.9285,64.0673],[19.9264,64.0866],[19.8969,64.0977],[19.8611,64.0977],[19.8126,64.1087],[19.7789,64.1087],[19.7683,64.0866],[19.7367,64.071],[19.7009,64.0682],[19.6609,64.0682],[19.6461,64.0756],[19.6271,64.0774],[19.5934,64.0617],[19.5723,64.047],[19.5513,64.0396],[19.4712,64.0571],[19.4311,64.059],[19.3829,64.0481],[19.3849,64.0476],[19.4038,64.0417],[19.4497,64.0039],[19.4645,63.9844],[19.4767,63.9536],[19.4929,63.8949],[19.4849,63.8916]]]}},
    {"type":"Feature","properties":{"kod":"2462","namn":"Vilhelmina","lan_kod":"24"},"geometry":{"type":"Polygon","coordinates":[[[14.4892,65.4393],[14.4866,65.3174],[14.4825,65.299],[14.4386,65.2767],[14.3988,65.2612],[14.3768,65.2457],[14.359,65.2221],[14.3453,65.2123],[14.3357,65.1853],[14.3275,65.1404],[14.3151,65.1288],[14.303,65.1116],[14.3159,65.105],[14.3421,65.1],[14.3958,65.084],[14.5597,65.0177],[14.6304,64.9944],[14.683,64.984],[14.6987,64.9713],[14.8591,64.9623],[14.9499,64.9521],[15.2462,64.9121],[15.3944,64.8893],[15.5074,64.8681],[15.5556,64.8539],[15.7704,64.7806],[15.889,64.7332],[15.9668,64.6936],[16.0149,64.6564],[16.0798,64.6143],[16.1113,64.5865],[16.1323,64.5612],[16.1931,64.5376],[16.2539,64.5239],[16.3233,64.499],[16.361,64.489],[16.3928,64.4728],[16.4594,64.4691],[16.4912,64.4616],[16.5578,64.4529],[16.6301,64.4329],[16.6533,64.4229],[16.7083,64.3691],[16.7066,64.3597],[16.8183,64.3541],[16.8935,64.3578],[16.9109,64.3679],[16.9311,64.3866],[16.9572,64.4041],[16.9977,64.4166],[17.0382,64.4154],[17.07,64.4241],[17.1135,64.4291],[17.1713,64.4404],[17.235,64.4441],[17.264,64.4504],[17.4116,64.4678],[17.481,64.4728],[17.5679,64.4816],[17.6518,64.4965],[17.6807,64.5077],[17.7068,64.5276],[17.7074,64.5275],[17.6865,64.5488],[17.6836,64.5575],[17.6576,64.565],[17.6518,64.5724],[17.6518,64.5848],[17.6344,64.5873],[17.6199,64.601],[17.6315,64.6221],[17.6431,64.6283],[17.6692,64.6332],[17.6634,64.6506],[17.6634,64.663],[17.6431,64.6741],[17.6142,64.6791],[17.5563,64.6828],[17.5331,64.6927],[17.5042,64.7187],[17.5158,64.7298],[17.5331,64.7409],[17.5401,64.7492],[17.533,64.7492],[17.5053,64.7589],[17.4613,64.7641],[17.3783,64.7651],[17.3416,64.7672],[17.3294,64.7734],[17.3343,64.7859],[17.2659,64.8151],[17.1584,64.8483],[17.1266,64.8618],[17.0655,64.8794],[17.0069,64.9012],[16.7601,64.9768],[16.5842,65.0335],[16.5451,65.0614],[16.4083,65.1406],[16.3277,65.1909],[16.2129,65.2687],[16.1518,65.3013],[16.1054,65.3217],[16.0296,65.333],[15.971,65.3483],[15.8806,65.3656],[15.8366,65.3768],[15.734,65.3971],[15.5557,65.4022],[15.4946,65.4103],[15.4066,65.4134],[15.2551,65.4124],[15.2283,65.4185],[15.1916,65.4215],[15.1305,65.4093],[15.0304,65.4063],[14.9766,65.4063],[14.9278,65.4175],[14.8838,65.4256],[14.8374,65.4256],[14.8056,65.4195],[14.7836,65.4103],[14.7372,65.4073],[14.6859,65.4114],[14.6444,65.4215],[14.615,65.4266],[14.593,65.4266],[14.5711,65.4347],[14.5295,65.4388],[14.4892,65.4393]]]}},
    {"type":"Feature","properties":{"kod":"2463","namn":"Åsele","lan_kod":"24"},"geometry":{"type":"Polygon","coordinates":[[[16.8838,63.96],[16.8947,63.9559],[16.9315,63.9487],[16.9889,63.9505],[17.0606,63.9406],[17.2449,63.9298],[17.2765,63.9234],[17.3206,63.9145],[17.3718,63.9127],[17.4374,63.9082],[17.4845,63.901],[17.593,63.9019],[17.7589,63.8965],[18.0046,63.9487],[18.3302,63.9999],[18.3773,64.0089],[18.3976,64.0098],[18.4526,64.0244],[18.56,64.0438],[18.673,64.0601],[18.7628,64.0793],[18.7637,64.0795],[18.7211,64.1013],[18.6908,64.1315],[18.6358,64.1554],[18.5837,64.1819],[18.4824,64.2185],[18.2885,64.3052],[18.2219,64.329],[18.1843,64.3491],[18.1988,64.3653],[18.248,64.3716],[18.2538,64.3866],[18.2364,64.3979],[18.1988,64.4066],[18.1583,64.4104],[18.0714,64.3941],[18.0251,64.3954],[18.0049,64.4091],[17.9209,64.4354],[17.8573,64.4641],[17.7907,64.4878],[17.8052,64.5027],[17.8341,64.5227],[17.7994,64.5339],[17.7299,64.5227],[17.7074,64.5275],[17.7068,64.5276],[17.6807,64.5077],[17.6518,64.4965],[17.5679,64.4816],[17.481,64.4728],[17.4116,64.4678],[17.264,64.4504],[17.235,64.4441],[17.1713,64.4404],[17.1135,64.4291],[17.07,64.4241],[17.0382,64.4154],[16.9977,64.4166],[16.9572,64.4041],[16.9311,64.3866],[16.9109,64.3679],[16.8935,64.3578],[16.8183,64.3541],[16.7066,64.3597],[16.7054,64.3528],[16.6764,64.3365],[16.6764,64.2901],[16.6793,64.275],[16.7083,64.2587],[16.7484,64.2402],[16.7336,64.2273],[16.741,64.212],[16.7559,64.1966],[16.7651,64.1773],[16.7873,64.1555],[16.7966,64.1361],[16.8281,64.1119],[16.8392,64.0868],[16.8559,64.0665],[16.8911,64.0422],[16.9281,64.0211],[16.9448,64.0146],[16.9411,64],[16.8838,63.96]]]}},
    {"type":"Feature","properties":{"kod":"2480","namn":"Umeå","lan_kod":"24"},"geometry":{"type":"MultiPolygon","coordinates":[[[[20.8479,63.8079],[20.8261,63.7866],[20.8276,63.7728],[20.8463,63.7576],[20.8791,63.7024],[20.9024,63.701],[20.9212,63.7231],[20.9336,63.7459],[20.9212,63.7735],[20.8962,63.8024],[20.8479,63.8079]]],[[[20.093,64.4046],[20.0836,64.3995],[20.085,64.3727],[20.089,64.3604],[20.0755,64.3563],[20.0418,64.3546],[20.0135,64.3435],[20.0027,64.3248],[20.0013,64.3008],[20.0135,64.2897],[20.0513,64.285],[20.0674,64.2751],[20.0661,64.2575],[20.0202,64.2147],[20.0094,64.1889],[19.9865,64.1724],[19.9676,64.1383],[19.9393,64.1325],[19.9177,64.1377],[19.9069,64.146],[19.8746,64.1525],[19.8341,64.1507],[19.7977,64.1442],[19.7721,64.1277],[19.7798,64.1087],[19.8126,64.1087],[19.8611,64.0977],[19.8969,64.0977],[19.9264,64.0866],[19.9285,64.0673],[19.9264,64.0322],[19.8906,64.0193],[19.8843,64.0036],[19.9327,63.975],[19.8505,63.9454],[19.8421,63.9333],[19.8674,63.9055],[19.958,63.8962],[19.9369,63.8823],[19.9011,63.874],[19.7978,63.8452],[19.7894,63.8368],[19.7662,63.821],[19.7409,63.8136],[19.7362,63.8138],[19.7316,63.8087],[19.71,63.8015],[19.706,63.792],[19.7181,63.7753],[19.7397,63.7604],[19.7464,63.7455],[19.7356,63.6894],[19.7221,63.6714],[19.706,63.6589],[19.706,63.6463],[19.7289,63.6235],[19.7208,63.6056],[19.7087,63.5966],[19.7073,63.5882],[19.7087,63.5732],[19.7248,63.5551],[19.7434,63.5485],[19.7471,63.5505],[19.7964,63.559],[19.8458,63.5761],[19.9158,63.6084],[19.9693,63.6383],[20.0872,63.6657],[20.1545,63.6718],[20.2107,63.6657],[20.2669,63.6657],[20.3136,63.6633],[20.3616,63.6712],[20.4027,63.6906],[20.4343,63.7587],[20.4549,63.7914],[20.5001,63.8011],[20.5303,63.792],[20.5372,63.7774],[20.5399,63.7623],[20.5468,63.7502],[20.5756,63.7556],[20.6003,63.789],[20.651,63.7993],[20.6675,63.8108],[20.6757,63.8259],[20.6757,63.841],[20.6894,63.8598],[20.7155,63.8676],[20.7386,63.8801],[20.7108,63.8854],[20.6906,63.8931],[20.6636,63.8978],[20.6218,63.9014],[20.6151,63.9062],[20.6353,63.9548],[20.6582,63.9903],[20.6164,64.0263],[20.5854,64.0558],[20.5557,64.083],[20.5045,64.1107],[20.4532,64.143],[20.4073,64.1818],[20.3278,64.2722],[20.2994,64.2962],[20.2765,64.3201],[20.2609,64.3333],[20.2482,64.3441],[20.2064,64.3657],[20.1794,64.3791],[20.1403,64.3931],[20.1066,64.3989],[20.093,64.4046]]]]}},
    {"type":"Feature","properties":{"kod":"2481","namn":"Lycksele","lan_kod":"24"},"geometry":{"type":"Polygon","coordinates":[[[17.9462,65.048],[17.9317,65.0371],[17.9035,65.0253],[17.8895,64.9658],[17.8832,64.9154],[17.8582,64.9088],[17.7941,64.8743],[17.7425,64.8511],[17.7362,64.8258],[17.6753,64.8058],[17.6487,64.7792],[17.6065,64.7645],[17.5689,64.7492],[17.5401,64.7492],[17.5331,64.7409],[17.5158,64.7298],[17.5042,64.7187],[17.5331,64.6927],[17.5563,64.6828],[17.6142,64.6791],[17.6431,64.6741],[17.6634,64.663],[17.6634,64.6506],[17.6692,64.6332],[17.6431,64.6283],[17.6315,64.6221],[17.6199,64.601],[17.6344,64.5873],[17.6518,64.5848],[17.6518,64.5724],[17.6576,64.565],[17.6836,64.5575],[17.6865,64.5488],[17.7074,64.5275],[17.7299,64.5227],[17.7994,64.5339],[17.8341,64.5227],[17.8052,64.5027],[17.7907,64.4878],[17.8573,64.4641],[17.9209,64.4354],[18.0049,64.4091],[18.0251,64.3954],[18.0714,64.3941],[18.1583,64.4104],[18.1988,64.4066],[18.2364,64.3979],[18.2538,64.3866],[18.248,64.3716],[18.1988,64.3653],[18.1843,64.3491],[18.2219,64.329],[18.2885,64.3052],[18.4824,64.2185],[18.5837,64.1819],[18.6358,64.1554],[18.6908,64.1315],[18.7211,64.1013],[18.7637,64.0795],[18.7628,64.0793],[18.8495,64.0912],[18.9696,64.1124],[19.0139,64.1188],[19.0518,64.1519],[19.0665,64.1464],[19.1213,64.1455],[19.1214,64.1458],[19.1234,64.163],[19.1256,64.1896],[19.1424,64.1988],[19.1256,64.2107],[19.0729,64.2336],[19.037,64.2409],[19.0096,64.2547],[19.0033,64.2931],[18.9844,64.3232],[18.9675,64.3725],[18.9591,64.4408],[18.9928,64.4898],[19.0413,64.546],[19.1572,64.6644],[19.1698,64.6942],[19.1909,64.7068],[19.2056,64.7329],[19.2415,64.75],[19.2541,64.776],[19.2728,64.7835],[19.2857,64.7886],[19.2942,64.8119],[19.2689,64.8281],[19.2246,64.837],[19.0581,64.8979],[18.9127,64.9435],[18.7694,64.9854],[18.7443,64.9974],[18.6577,65.0388],[18.5924,65.0699],[18.5797,65.0859],[18.5629,65.093],[18.5144,65.1019],[18.4027,65.1551],[18.3205,65.2011],[18.2235,65.2293],[18.1577,65.2511],[18.1212,65.2295],[18.0332,65.153],[18.0117,65.115],[17.9709,65.0843],[17.9752,65.0752],[18.0117,65.0589],[17.9838,65.0435],[17.9462,65.048]]]}},
    {"type":"Feature","properties":{"kod":"2482","namn":"Skellefteå","lan_kod":"24"},"geometry":{"type":"Polygon","coordinates":[[[19.8522,65.3923],[19.7986,65.349],[19.7651,65.3323],[19.7484,65.3127],[19.6814,65.2847],[19.6245,65.2412],[19.5661,65.2107],[19.5622,65.2097],[19.6124,65.1754],[19.6756,65.1382],[19.7936,65.0539],[19.8379,65.0352],[19.958,65.0068],[20.0065,64.9916],[20.0486,64.9658],[20.0634,64.9247],[20.0929,64.9095],[20.1372,64.8934],[20.1667,64.8782],[20.1772,64.8559],[20.1477,64.8451],[20.1034,64.8406],[20.0887,64.8254],[20.076,64.8057],[20.0212,64.7662],[20.0107,64.7464],[20.0697,64.714],[20.076,64.7023],[20.0697,64.6879],[20.0297,64.6771],[19.9833,64.6771],[19.9222,64.6897],[19.8948,64.7131],[19.8147,64.7572],[19.7936,64.7707],[19.7409,64.7787],[19.6819,64.776],[19.6419,64.768],[19.6166,64.7662],[19.5681,64.7778],[19.5281,64.7805],[19.4859,64.7859],[19.4417,64.7895],[19.3932,64.7707],[19.3742,64.7599],[19.3383,64.7546],[19.3431,64.7493],[19.3661,64.7262],[19.3822,64.7044],[19.4092,64.6847],[19.4416,64.6709],[19.4672,64.6571],[19.4888,64.6513],[19.5549,64.6472],[19.59,64.6426],[19.6561,64.6305],[19.6817,64.6166],[19.7343,64.5998],[19.7626,64.579],[19.7761,64.5634],[19.7842,64.5471],[19.8017,64.5303],[19.8247,64.5257],[19.8651,64.5216],[19.9137,64.4996],[19.938,64.4752],[19.9501,64.4705],[19.9798,64.4653],[20.0067,64.4641],[20.031,64.4612],[20.0472,64.4531],[20.058,64.4409],[20.0701,64.4141],[20.093,64.4046],[20.1066,64.3989],[20.1403,64.3931],[20.1794,64.3791],[20.2064,64.3657],[20.2482,64.3441],[20.2609,64.3333],[20.3374,64.3424],[20.409,64.3333],[20.4828,64.3296],[20.4975,64.3223],[20.5291,64.3214],[20.5397,64.326],[20.5481,64.3387],[20.6177,64.3561],[20.6408,64.3579],[20.6535,64.3606],[20.6535,64.3935],[20.6788,64.4062],[20.702,64.4098],[20.7294,64.4208],[20.7399,64.4371],[20.7757,64.4435],[20.8326,64.4571],[20.8727,64.4526],[20.9043,64.4444],[20.9211,64.4326],[20.9907,64.3944],[21.0097,64.378],[21.016,64.3679],[21.0307,64.3616],[21.0645,64.3606],[21.0813,64.3625],[21.1129,64.3725],[21.134,64.3689],[21.153,64.357],[21.1888,64.2922],[21.2225,64.2803],[21.2679,64.2769],[21.3081,64.2903],[21.3616,64.3052],[21.4301,64.3397],[21.4658,64.3676],[21.544,64.4055],[21.6112,64.4411],[21.6112,64.4659],[21.6057,64.489],[21.5344,64.5291],[21.5193,64.5462],[21.4493,64.5957],[21.3821,64.6133],[21.3341,64.5992],[21.3053,64.6022],[21.2847,64.6133],[21.2436,64.6304],[21.2381,64.6504],[21.2422,64.6738],[21.271,64.6961],[21.2697,64.7149],[21.26,64.7371],[21.2271,64.7617],[21.2024,64.7752],[21.1668,64.7892],[21.1421,64.795],[21.1105,64.7968],[21.0845,64.802],[21.0666,64.8102],[21.0625,64.8184],[21.0817,64.8335],[21.1462,64.8306],[21.1681,64.8394],[21.1654,64.8534],[21.1791,64.8714],[21.197,64.8773],[21.2271,64.9122],[21.2587,64.9302],[21.2861,64.9407],[21.3259,64.9523],[21.3533,64.9749],[21.3876,64.9935],[21.4068,65.0091],[21.4589,65.0329],[21.5145,65.0829],[21.4463,65.1063],[21.3827,65.1189],[21.3324,65.1344],[21.2822,65.1598],[21.232,65.1767],[21.0042,65.2019],[20.8066,65.2188],[20.7363,65.2342],[20.5153,65.2721],[20.455,65.2847],[20.3947,65.2945],[20.3378,65.3099],[20.1335,65.3504],[20.09,65.356],[20.0498,65.3658],[19.9795,65.3755],[19.9292,65.3867],[19.8522,65.3923]]]}},
    {"type":"Feature","properties":{"kod":"2505","namn":"Arvidsjaur","lan_kod":"25"},"geometry":{"type":"Polygon","coordinates":[[[18.151,65.5873],[18.1665,65.5783],[18.2115,65.5526],[18.2501,65.534],[18.2733,65.525],[18.2823,65.5215],[18.3573,65.5029],[18.4323,65.5029],[18.4794,65.486],[18.5094,65.4584],[18.5373,65.454],[18.6187,65.4531],[18.6723,65.4504],[18.7195,65.4424],[18.7345,65.4192],[18.7666,65.4049],[18.7924,65.3978],[18.8181,65.388],[18.8652,65.3773],[18.9381,65.354],[18.9681,65.3487],[18.9981,65.3317],[19.0345,65.3183],[19.0753,65.3084],[19.1117,65.3075],[19.1331,65.3022],[19.1524,65.2923],[19.2146,65.278],[19.2424,65.2654],[19.236,65.2547],[19.2253,65.2457],[19.221,65.2304],[19.2403,65.2187],[19.2724,65.2098],[19.3025,65.2035],[19.3325,65.1855],[19.3539,65.1594],[19.3545,65.1595],[19.4118,65.1702],[19.4461,65.1783],[19.5254,65.2008],[19.5622,65.2097],[19.5661,65.2107],[19.6245,65.2412],[19.6814,65.2847],[19.7484,65.3127],[19.7651,65.3323],[19.7986,65.349],[19.8522,65.3923],[19.794,65.4112],[19.7672,65.4224],[19.7013,65.4386],[19.6672,65.4518],[19.6257,65.4599],[19.6014,65.468],[19.6038,65.4801],[19.6306,65.4892],[19.6379,65.5054],[19.6526,65.5236],[19.7013,65.5468],[19.7404,65.5489],[19.7696,65.5398],[19.8038,65.5357],[19.8379,65.5347],[19.9428,65.5155],[19.9964,65.5196],[20.0598,65.5408],[20.1061,65.5529],[20.1476,65.566],[20.1817,65.5952],[20.1796,65.6103],[20.1793,65.6124],[20.1695,65.6244],[20.1525,65.6375],[20.1403,65.6637],[20.133,65.6948],[20.111,65.7319],[20.1142,65.7853],[20.0815,65.8141],[20.0783,65.8403],[20.0783,65.8639],[20.1033,65.8869],[20.1642,65.9175],[20.172,65.9229],[20.0888,65.943],[20.0422,65.9501],[20.019,65.9608],[19.9811,65.9821],[19.9229,66.0022],[19.8851,66.02],[19.8211,66.0306],[19.7687,66.0318],[19.7192,66.0448],[19.6697,66.0472],[19.6319,66.0519],[19.6028,66.0578],[19.5533,66.0495],[19.5097,66.0495],[19.4398,66.0519],[19.37,66.059],[19.3293,66.0849],[19.2827,66.0979],[19.1576,66.1073],[19.1343,66.1132],[19.0964,66.125],[19.0353,66.158],[19.012,66.1774],[18.8893,66.0979],[18.8545,66.0514],[18.8237,66.0356],[18.8115,66.0256],[18.7459,66.0231],[18.707,66.0381],[18.6149,66.0489],[18.5821,66.0431],[18.4961,66.0081],[18.4613,65.9781],[18.4408,65.9531],[18.4224,65.9373],[18.4142,65.9206],[18.4142,65.903],[18.4408,65.8813],[18.4551,65.8603],[18.4572,65.8352],[18.4695,65.8142],[18.4613,65.8033],[18.5043,65.7958],[18.5063,65.7823],[18.4674,65.7672],[18.451,65.7386],[18.4306,65.726],[18.4244,65.6923],[18.408,65.6535],[18.3958,65.645],[18.3118,65.6459],[18.2626,65.6484],[18.2422,65.6383],[18.2504,65.6239],[18.2667,65.6129],[18.2708,65.5968],[18.2544,65.5858],[18.151,65.5873]]]}},
    {"type":"Feature","properties":{"kod":"2506","namn":"Arjeplog","lan_kod":"25"},"geometry":{"type":"Polygon","coordinates":[[[19.012,66.1774],[18.9888,66.1968],[18.8549,66.2531],[18.7851,66.2788],[18.7356,66.3046],[18.7094,66.328],[18.7385,66.3513],[18.7647,66.3875],[18.753,66.4178],[18.7327,66.4387],[18.7152,66.4817],[18.6716,66.5212],[18.5231,66.5664],[18.3514,66.601],[18.1856,66.6507],[17.9964,66.6772],[17.9004,66.6979],[17.784,66.7106],[17.7258,66.7244],[17.653,66.7267],[17.621,66.7359],[17.5948,66.7589],[17.5482,66.7818],[17.4668,66.8265],[17.3271,66.8894],[17.2136,66.9442],[17.103,66.9852],[17.0419,67.0057],[16.9517,67.0295],[16.8702,67.0556],[16.7363,67.0829],[16.4191,67.188],[16.4047,67.1893],[16.3983,67.1619],[16.394,67.0936],[16.3876,67.0627],[16.3383,67.0326],[16.2954,67.0192],[16.2247,66.9891],[16.1175,66.953],[16.0599,66.9222],[15.9584,66.8635],[15.931,66.836],[15.8363,66.7722],[15.7979,66.737],[15.728,66.6975],[15.68,66.6524],[15.6251,66.6154],[15.5867,66.58],[15.4619,66.527],[15.4207,66.5079],[15.3919,66.4904],[15.3782,66.4712],[15.396,66.4378],[15.4029,66.4137],[15.4193,66.4011],[15.4262,66.3851],[15.4289,66.3675],[15.4536,66.3532],[15.4606,66.3441],[15.4746,66.3428],[15.5395,66.3284],[15.5946,66.3207],[15.6374,66.3112],[15.6932,66.3087],[15.7446,66.3],[15.811,66.2759],[15.8861,66.2552],[15.9868,66.2233],[16.0297,66.2034],[16.1583,66.1688],[16.2268,66.148],[16.2933,66.1194],[16.4069,66.0924],[16.4605,66.0751],[16.5205,66.0603],[16.559,66.049],[16.6083,66.0438],[16.6791,66.0411],[16.7262,66.0411],[16.7862,66.0237],[16.8441,66.0037],[16.9384,65.9627],[17.037,65.926],[17.2492,65.8402],[17.3564,65.7892],[17.5642,65.6968],[17.6607,65.6641],[17.6971,65.6562],[17.7507,65.6491],[17.7743,65.6438],[17.8257,65.6367],[17.8686,65.6288],[17.9093,65.619],[17.9372,65.6182],[17.9822,65.6111],[18.0465,65.5916],[18.1129,65.5978],[18.1451,65.5907],[18.151,65.5873],[18.2544,65.5858],[18.2708,65.5968],[18.2667,65.6129],[18.2504,65.6239],[18.2422,65.6383],[18.2626,65.6484],[18.3118,65.6459],[18.3958,65.645],[18.408,65.6535],[18.4244,65.6923],[18.4306,65.726],[18.451,65.7386],[18.4674,65.7672],[18.5063,65.7823],[18.5043,65.7958],[18.4613,65.8033],[18.4695,65.8142],[18.4572,65.8352],[18.4551,65.8603],[18.4408,65.8813],[18.4142,65.903],[18.4142,65.9206],[18.4224,65.9373],[18.4408,65.9531],[18.4613,65.9781],[18.4961,66.0081],[18.5821,66.0431],[18.6149,66.0489],[18.707,66.0381],[18.7459,66.0231],[18.8115,66.0256],[18.8237,66.0356],[18.8545,66.0514],[18.8893,66.0979],[19.012,66.1774]]]}},
    {"type":"Feature","properties":{"kod":"2510","namn":"Jokkmokk","lan_kod":"25"},"geometry":{"type":"Polygon","coordinates":[[[19.012,66.1774],[19.0353,66.158],[19.0964,66.125],[19.1343,66.1132],[19.1576,66.1073],[19.2827,66.0979],[19.3293,66.0849],[19.37,66.059],[19.4398,66.0519],[19.5097,66.0495],[19.5533,66.0495],[19.6028,66.0578],[19.6319,66.0519],[19.6697,66.0472],[19.7192,66.0448],[19.7687,66.0318],[19.8211,66.0306],[19.8851,66.02],[19.9229,66.0022],[19.9811,65.9821],[20.019,65.9608],[20.0422,65.9501],[20.0888,65.943],[20.172,65.9229],[20.2157,65.9531],[20.3,66.0071],[20.3218,66.0242],[20.3229,66.0255],[20.3584,66.0655],[20.589,66.2479],[20.6329,66.293],[20.6743,66.3234],[20.7133,66.3615],[20.7694,66.3752],[20.8182,66.3821],[20.8645,66.3918],[20.8987,66.3957],[20.9523,66.4065],[20.984,66.3977],[21.0133,66.3811],[21.0694,66.3596],[21.1037,66.3406],[21.1599,66.3237],[21.1974,66.3011],[21.2233,66.2966],[21.1597,66.3886],[21.0724,66.4608],[21.0288,66.5223],[20.9764,66.5802],[20.9531,66.6184],[20.8658,66.6507],[20.7902,66.683],[20.7116,66.7094],[20.569,66.7543],[20.3536,66.8162],[20.0277,66.9123],[19.8153,66.9818],[19.7745,67.0068],[19.7571,67.0398],[19.7571,67.059],[19.7512,67.0829],[19.7105,67.1134],[19.5824,67.1643],[19.5301,67.1745],[19.3933,67.1858],[19.3409,67.1937],[19.242,67.2399],[19.1779,67.2657],[19.0703,67.3084],[19.0004,67.3275],[18.9015,67.3645],[18.8312,67.3968],[18.7788,67.4164],[18.7049,67.4311],[18.4855,67.4366],[18.4617,67.4421],[18.3311,67.4974],[18.2612,67.5186],[18.2292,67.5386],[18.1128,67.5897],[17.8742,67.6473],[17.7345,67.6739],[17.5482,67.7147],[17.3063,67.7604],[17.2505,67.7822],[17.2058,67.797],[17.1648,67.816],[17.1331,67.8217],[17.0642,67.8252],[16.9972,67.8371],[16.945,67.8624],[16.8854,67.8862],[16.796,67.9101],[16.768,67.9231],[16.7412,67.9128],[16.7177,67.9007],[16.6941,67.8926],[16.6126,67.7543],[16.5333,67.6461],[16.4069,67.5497],[16.3812,67.5432],[16.2933,67.5415],[16.259,67.5358],[16.2397,67.5293],[16.1711,67.5235],[16.1475,67.5194],[16.1347,67.5137],[16.079,67.4571],[16.0811,67.4242],[16.2397,67.3269],[16.3361,67.2574],[16.3726,67.2358],[16.3919,67.2134],[16.4047,67.1893],[16.4191,67.188],[16.7363,67.0829],[16.8702,67.0556],[16.9517,67.0295],[17.0419,67.0057],[17.103,66.9852],[17.2136,66.9442],[17.3271,66.8894],[17.4668,66.8265],[17.5482,66.7818],[17.5948,66.7589],[17.621,66.7359],[17.653,66.7267],[17.7258,66.7244],[17.784,66.7106],[17.9004,66.6979],[17.9964,66.6772],[18.1856,66.6507],[18.3514,66.601],[18.5231,66.5664],[18.6716,66.5212],[18.7152,66.4817],[18.7327,66.4387],[18.753,66.4178],[18.7647,66.3875],[18.7385,66.3513],[18.7094,66.328],[18.7356,66.3046],[18.7851,66.2788],[18.8549,66.2531],[18.9888,66.1968],[19.012,66.1774]]]}},
    {"type":"Feature","properties":{"kod":"2513","namn":"Överkalix","lan_kod":"25"},"geometry":{"type":"Polygon","coordinates":[[[22.152,66.8409],[22.1026,66.814],[22.076,66.8078],[22.0417,66.7912],[22.0323,66.7746],[22.023,66.7469],[21.9824,66.7136],[21.9761,66.7019],[21.9668,66.6932],[21.9387,66.684],[21.9371,66.6747],[21.9918,66.658],[22.0276,66.6425],[22.0542,66.6271],[22.0698,66.6091],[22.0916,66.5924],[22.0635,66.4836],[22.0495,66.4593],[22.0152,66.4525],[21.9777,66.4506],[21.9512,66.4475],[21.9418,66.4425],[21.9423,66.4366],[21.9434,66.4231],[21.9855,66.3963],[21.9996,66.385],[22.0167,66.3657],[22.1114,66.2929],[22.1119,66.2926],[22.1574,66.258],[22.1853,66.235],[22.2573,66.1875],[22.2772,66.1621],[22.2992,66.1508],[22.3175,66.1457],[22.3289,66.1526],[22.3507,66.1772],[22.385,66.1842],[22.4007,66.1911],[22.449,66.2226],[22.4678,66.2402],[22.4943,66.2484],[22.5349,66.2465],[22.5536,66.2383],[22.7237,66.1955],[22.7612,66.1842],[22.794,66.1779],[22.8408,66.1766],[22.8751,66.1735],[22.911,66.1552],[22.9407,66.1552],[22.9578,66.1627],[22.9672,66.1728],[22.989,66.1798],[23.2242,66.1697],[23.2375,66.212],[23.2311,66.2354],[23.1968,66.2621],[23.1454,66.2975],[23.1261,66.3156],[23.1218,66.3319],[23.1518,66.3405],[23.1754,66.35],[23.1775,66.3577],[23.1389,66.3766],[23.1218,66.3903],[23.1068,66.4075],[23.0875,66.4392],[23.0748,66.4981],[23.0501,66.5483],[23.046,66.6105],[23.0385,66.6328],[23.0455,66.6502],[23.0285,66.669],[23.0125,66.6627],[22.9825,66.6618],[22.9589,66.6661],[22.9375,66.6746],[22.8453,66.6975],[22.8067,66.7042],[22.7746,66.7144],[22.691,66.7314],[22.5924,66.7542],[22.5603,66.7635],[22.511,66.7728],[22.4595,66.777],[22.4424,66.7813],[22.4145,66.8074],[22.3888,66.8133],[22.3759,66.8049],[22.3481,66.8024],[22.3245,66.8074],[22.2945,66.8091],[22.2602,66.8167],[22.2345,66.8277],[22.1852,66.8336],[22.168,66.8387],[22.152,66.8409]]]}},
    {"type":"Feature","properties":{"kod":"2514","namn":"Kalix","lan_kod":"25"},"geometry":{"type":"Polygon","coordinates":[[[23.2242,66.1697],[22.989,66.1798],[22.9672,66.1728],[22.9578,66.1627],[22.9407,66.1552],[22.911,66.1552],[22.8751,66.1735],[22.8408,66.1766],[22.794,66.1779],[22.7612,66.1842],[22.7237,66.1955],[22.5536,66.2383],[22.5349,66.2465],[22.4943,66.2484],[22.4678,66.2402],[22.449,66.2226],[22.4007,66.1911],[22.385,66.1842],[22.3507,66.1772],[22.3289,66.1526],[22.3175,66.1457],[22.3164,66.1451],[22.3289,66.1154],[22.3601,66.0933],[22.4241,66.0382],[22.4927,65.9836],[22.5286,65.9601],[22.5333,65.9232],[22.552,65.885],[22.5739,65.8639],[22.5817,65.8371],[22.6035,65.8128],[22.6254,65.7975],[22.6197,65.782],[22.6249,65.7807],[22.6386,65.7672],[22.6523,65.7638],[22.6798,65.7688],[22.6949,65.7824],[22.7031,65.806],[22.6811,65.829],[22.6702,65.8548],[22.6756,65.8728],[22.6976,65.8739],[22.7333,65.8694],[22.7538,65.8621],[22.8183,65.829],[22.8361,65.8161],[22.8471,65.8026],[22.8814,65.7942],[22.902,65.7835],[22.9363,65.7705],[23.0241,65.7396],[23.057,65.7305],[23.0734,65.7226],[23.083,65.7114],[23.1077,65.7057],[23.1804,65.7356],[23.201,65.7531],[23.223,65.766],[23.2545,65.7728],[23.3162,65.7722],[23.3368,65.7587],[23.3697,65.7525],[23.4068,65.7525],[23.4273,65.7565],[23.4315,65.7694],[23.4507,65.7795],[23.474,65.7846],[23.5719,65.7868],[23.5982,65.8549],[23.5811,65.8798],[23.5299,65.9197],[23.4568,65.9664],[23.4177,65.9981],[23.3324,66.0457],[23.3355,66.0571],[23.3276,66.0577],[23.3083,66.0716],[23.2182,66.1011],[23.2054,66.1194],[23.2225,66.1644],[23.2242,66.1697]]]}},
    {"type":"Feature","properties":{"kod":"2518","namn":"Övertorneå","lan_kod":"25"},"geometry":{"type":"Polygon","coordinates":[[[23.0285,66.669],[23.0455,66.6502],[23.0385,66.6328],[23.046,66.6105],[23.0501,66.5483],[23.0748,66.4981],[23.0875,66.4392],[23.1068,66.4075],[23.1218,66.3903],[23.1389,66.3766],[23.1775,66.3577],[23.1754,66.35],[23.1518,66.3405],[23.1218,66.3319],[23.1261,66.3156],[23.1454,66.2975],[23.1968,66.2621],[23.2311,66.2354],[23.2375,66.212],[23.2242,66.1697],[23.2225,66.1644],[23.2054,66.1194],[23.2182,66.1011],[23.3083,66.0716],[23.3276,66.0577],[23.3355,66.0571],[23.3533,66.0559],[23.3854,66.0577],[23.4712,66.0855],[23.5226,66.0942],[23.5547,66.0977],[23.6062,66.1133],[23.6319,66.1159],[23.6769,66.1141],[23.6855,66.1055],[23.7133,66.1055],[23.7348,66.1098],[23.7584,66.1176],[23.7712,66.1263],[23.7584,66.1367],[23.7862,66.1506],[23.8334,66.1558],[23.883,66.1689],[23.8608,66.1727],[23.7881,66.1793],[23.7277,66.2192],[23.7072,66.2253],[23.6921,66.2413],[23.6825,66.2612],[23.6633,66.2866],[23.6386,66.3147],[23.6578,66.3615],[23.6646,66.373],[23.6797,66.3824],[23.6811,66.395],[23.6578,66.4175],[23.6496,66.4351],[23.6496,66.4515],[23.6715,66.468],[23.688,66.4751],[23.7195,66.4844],[23.7127,66.4997],[23.7236,66.5068],[23.7634,66.5106],[23.7908,66.5199],[23.8087,66.544],[23.8526,66.5549],[23.8814,66.5882],[23.8869,66.6067],[23.8773,66.6181],[23.8786,66.6719],[23.902,66.7257],[23.8978,66.7419],[23.8827,66.7522],[23.8718,66.7641],[23.8773,66.7749],[23.9074,66.7798],[23.9198,66.7928],[23.9349,66.7939],[23.9664,66.7885],[23.9829,66.7879],[23.9939,66.8025],[23.9897,66.8268],[23.9458,66.87],[23.9198,66.9017],[23.8851,66.9221],[23.7455,66.9245],[23.6941,66.9295],[23.6598,66.9404],[23.5997,66.9497],[23.5397,66.9555],[23.4733,66.9555],[23.4283,66.9539],[23.3897,66.9572],[23.3361,66.9723],[23.2697,66.9782],[23.2461,66.9765],[23.2204,66.9706],[23.2268,66.9597],[23.2461,66.943],[23.2547,66.9253],[23.2718,66.9102],[23.274,66.8841],[23.2933,66.8563],[23.3168,66.8294],[23.3254,66.8066],[23.3447,66.7931],[23.349,66.7644],[23.3661,66.75],[23.3704,66.733],[23.3983,66.7085],[23.3919,66.6958],[23.364,66.6873],[23.3147,66.689],[23.229,66.6788],[23.2075,66.6797],[23.1882,66.6915],[23.1604,66.6898],[23.1411,66.6822],[23.0939,66.6737],[23.0296,66.6695],[23.0285,66.669]]]}},
    {"type":"Feature","properties":{"kod":"2521","namn":"Pajala","lan_kod":"25"},"geometry":{"type":"Polygon","coordinates":[[[21.9132,67.3698],[21.9087,67.3442],[21.883,67.3327],[21.8508,67.3128],[21.838,67.2996],[21.8208,67.2921],[21.808,67.2739],[21.8444,67.2366],[21.8701,67.2201],[21.9966,67.0978],[22.0244,67.0794],[22.093,66.9949],[22.1187,66.9757],[22.1337,66.9564],[22.1509,66.9421],[22.1573,66.9245],[22.1423,66.8984],[22.1016,66.8631],[22.1123,66.8496],[22.1445,66.842],[22.152,66.8409],[22.168,66.8387],[22.1852,66.8336],[22.2345,66.8277],[22.2602,66.8167],[22.2945,66.8091],[22.3245,66.8074],[22.3481,66.8024],[22.3759,66.8049],[22.3888,66.8133],[22.4145,66.8074],[22.4424,66.7813],[22.4595,66.777],[22.511,66.7728],[22.5603,66.7635],[22.5924,66.7542],[22.691,66.7314],[22.7746,66.7144],[22.8067,66.7042],[22.8453,66.6975],[22.9375,66.6746],[22.9589,66.6661],[22.9825,66.6618],[23.0125,66.6627],[23.0285,66.669],[23.0296,66.6695],[23.0939,66.6737],[23.1411,66.6822],[23.1604,66.6898],[23.1882,66.6915],[23.2075,66.6797],[23.229,66.6788],[23.3147,66.689],[23.364,66.6873],[23.3919,66.6958],[23.3983,66.7085],[23.3704,66.733],[23.3661,66.75],[23.349,66.7644],[23.3447,66.7931],[23.3254,66.8066],[23.3168,66.8294],[23.2933,66.8563],[23.274,66.8841],[23.2718,66.9102],[23.2547,66.9253],[23.2461,66.943],[23.2268,66.9597],[23.2204,66.9706],[23.2461,66.9765],[23.2697,66.9782],[23.3361,66.9723],[23.3897,66.9572],[23.4283,66.9539],[23.4733,66.9555],[23.5397,66.9555],[23.5997,66.9497],[23.6598,66.9404],[23.6941,66.9295],[23.7455,66.9245],[23.8851,66.9221],[23.8608,66.9421],[23.8526,66.9544],[23.8142,66.9743],[23.7936,66.9909],[23.6976,67.053],[23.6688,67.0824],[23.6592,67.1006],[23.6358,67.1198],[23.5631,67.1565],[23.5549,67.1693],[23.57,67.1842],[23.5919,67.1901],[23.5878,67.2034],[23.5631,67.2246],[23.5412,67.2379],[23.5481,67.2564],[23.5769,67.267],[23.6948,67.2861],[23.7236,67.293],[23.7415,67.3237],[23.7538,67.3359],[23.7497,67.3459],[23.7277,67.3575],[23.714,67.3686],[23.7181,67.3797],[23.7346,67.3976],[23.7291,67.4171],[23.736,67.4266],[23.7085,67.4334],[23.6057,67.4482],[23.5481,67.4513],[23.5302,67.4487],[23.5083,67.4482],[23.4548,67.4519],[23.426,67.4671],[23.4054,67.4745],[23.3862,67.4787],[23.3931,67.495],[23.4123,67.5144],[23.4328,67.5228],[23.4575,67.5301],[23.4712,67.539],[23.4589,67.5526],[23.4603,67.561],[23.4959,67.5673],[23.5302,67.5678],[23.5426,67.5751],[23.5412,67.6144],[23.5494,67.6269],[23.5357,67.6379],[23.5096,67.6472],[23.4932,67.6556],[23.4836,67.6832],[23.4685,67.7628],[23.4836,67.7773],[23.485,67.7872],[23.4575,67.8245],[23.4658,67.8467],[23.4959,67.8839],[23.5439,67.8932],[23.5988,67.8984],[23.6235,67.903],[23.6509,67.9206],[23.6482,67.9525],[23.64,67.969],[23.6043,67.9793],[23.5508,67.9901],[23.4561,68.0317],[23.415,68.0435],[23.3944,68.0517],[23.3752,68.0619],[23.3245,68.1187],[23.3204,68.132],[23.3094,68.1428],[23.2957,68.1489],[23.2737,68.1504],[23.2367,68.1402],[23.2111,68.1402],[23.2032,68.1198],[23.1754,68.107],[23.1604,68.0958],[23.1582,68.087],[23.1347,68.0806],[23.1154,68.071],[23.1046,68.0558],[23.0789,68.0422],[23.0511,68.0157],[22.9803,67.9876],[22.9032,67.9394],[22.856,67.8902],[22.8239,67.8636],[22.8003,67.8514],[22.766,67.8417],[22.7189,67.8312],[22.6353,67.815],[22.4681,67.7689],[22.4317,67.7527],[22.3416,67.699],[22.138,67.5464],[22.1145,67.5202],[22.0887,67.4997],[22.0673,67.4883],[22.0609,67.462],[22.018,67.4307],[22.0094,67.4159],[21.9666,67.3995],[21.9558,67.3789],[21.9323,67.3739],[21.9132,67.3698]]]}},
    {"type":"Feature","properties":{"kod":"2523","namn":"Gällivare","lan_kod":"25"},"geometry":{"type":"Polygon","coordinates":[[[17.8965,67.9756],[17.8236,67.9924],[17.7036,68.0301],[17.4849,68.075],[17.3992,68.0942],[17.3306,68.1118],[17.2813,68.1174],[17.2556,68.1174],[17.1892,68.0734],[17.1013,68.0406],[17.0027,68.0117],[16.9084,67.9788],[16.8205,67.9458],[16.768,67.9231],[16.796,67.9101],[16.8854,67.8862],[16.945,67.8624],[16.9972,67.8371],[17.0642,67.8252],[17.1331,67.8217],[17.1648,67.816],[17.2058,67.797],[17.2505,67.7822],[17.3063,67.7604],[17.5482,67.7147],[17.7345,67.6739],[17.8742,67.6473],[18.1128,67.5897],[18.2292,67.5386],[18.2612,67.5186],[18.3311,67.4974],[18.4617,67.4421],[18.4855,67.4366],[18.7049,67.4311],[18.7788,67.4164],[18.8312,67.3968],[18.9015,67.3645],[19.0004,67.3275],[19.0703,67.3084],[19.1779,67.2657],[19.242,67.2399],[19.3409,67.1937],[19.3933,67.1858],[19.5301,67.1745],[19.5824,67.1643],[19.7105,67.1134],[19.7512,67.0829],[19.7571,67.059],[19.7571,67.0398],[19.7745,67.0068],[19.8153,66.9818],[20.0277,66.9123],[20.3536,66.8162],[20.569,66.7543],[20.7116,66.7094],[20.7902,66.683],[20.8658,66.6507],[20.9531,66.6184],[20.9764,66.5802],[21.0288,66.5223],[21.0724,66.4608],[21.1597,66.3886],[21.2233,66.2966],[21.2333,66.2948],[21.2692,66.293],[21.2863,66.3043],[21.3191,66.3105],[21.3628,66.3218],[21.4299,66.3425],[21.4908,66.3657],[21.616,66.4015],[21.6929,66.4079],[21.8477,66.4351],[21.8907,66.4399],[21.9167,66.4359],[21.9423,66.4366],[21.9418,66.4425],[21.9512,66.4475],[21.9777,66.4506],[22.0152,66.4525],[22.0495,66.4593],[22.0635,66.4836],[22.0916,66.5924],[22.0698,66.6091],[22.0542,66.6271],[22.0276,66.6425],[21.9918,66.658],[21.9371,66.6747],[21.9387,66.684],[21.9668,66.6932],[21.9761,66.7019],[21.9824,66.7136],[22.023,66.7469],[22.0323,66.7746],[22.0417,66.7912],[22.076,66.8078],[22.1026,66.814],[22.152,66.8409],[22.1445,66.842],[22.1123,66.8496],[22.1016,66.8631],[22.1423,66.8984],[22.1573,66.9245],[22.1509,66.9421],[22.1337,66.9564],[22.1187,66.9757],[22.093,66.9949],[22.0244,67.0794],[21.9966,67.0978],[21.8701,67.2201],[21.8444,67.2366],[21.808,67.2739],[21.8208,67.2921],[21.838,67.2996],[21.8508,67.3128],[21.883,67.3327],[21.9087,67.3442],[21.9132,67.3698],[21.913,67.3698],[21.8958,67.3747],[21.8787,67.3846],[21.853,67.3937],[21.8637,67.4143],[21.8487,67.4275],[21.8272,67.439],[21.7694,67.4587],[21.7051,67.4603],[21.6858,67.4653],[21.5765,67.4669],[21.4993,67.4718],[21.4629,67.4784],[21.4265,67.4874],[21.375,67.4907],[21.2979,67.494],[21.2721,67.4907],[21.255,67.4833],[21.2271,67.4825],[21.1971,67.4948],[21.0471,67.5071],[20.9807,67.5284],[20.9185,67.5522],[20.8306,67.5931],[20.7449,67.6249],[20.6463,67.6543],[20.6099,67.673],[20.5198,67.686],[20.4791,67.6958],[20.4127,67.7072],[20.3398,67.7405],[20.3162,67.7494],[20.2862,67.751],[20.2326,67.7348],[20.2091,67.7332],[20.1469,67.7397],[20.1169,67.7502],[20.0397,67.7551],[19.9754,67.7648],[19.9283,67.7818],[19.8104,67.8094],[19.7718,67.8199],[19.6668,67.8264],[19.6261,67.8304],[19.5704,67.8417],[19.4825,67.8466],[19.4589,67.8587],[19.3903,67.8668],[19.2446,67.8668],[19.2039,67.8684],[19.1696,67.866],[19.1439,67.8595],[19.1117,67.8636],[19.0924,67.87],[19.0431,67.8732],[18.9874,67.8741],[18.9595,67.8716],[18.9231,67.8652],[18.6316,67.8692],[18.458,67.8732],[18.3851,67.8652],[18.2994,67.8757],[18.2694,67.8821],[18.218,67.8958],[18.1901,67.9071],[18.1194,67.9281],[18.0101,67.9522],[17.9629,67.9643],[17.8995,67.9723],[17.8965,67.9756]]]}},
    {"type":"Feature","properties":{"kod":"2560","namn":"Älvsbyn","lan_kod":"25"},"geometry":{"type":"Polygon","coordinates":[[[21.3244,65.6693],[21.3241,65.6696],[21.3181,65.6747],[21.2937,65.6928],[21.2043,65.7278],[20.9196,65.855],[20.6808,65.9296],[20.3229,66.0255],[20.3218,66.0242],[20.3,66.0071],[20.2157,65.9531],[20.172,65.9229],[20.1642,65.9175],[20.1033,65.8869],[20.0783,65.8639],[20.0783,65.8403],[20.0815,65.8141],[20.1142,65.7853],[20.111,65.7319],[20.133,65.6948],[20.1403,65.6637],[20.1525,65.6375],[20.1695,65.6244],[20.1793,65.6124],[20.1796,65.6103],[20.2145,65.6092],[20.237,65.6107],[20.2596,65.619],[20.2834,65.6221],[20.3373,65.6066],[20.3762,65.6086],[20.405,65.619],[20.4401,65.6211],[20.4614,65.6314],[20.4853,65.6356],[20.5153,65.633],[20.5592,65.619],[20.6156,65.5957],[20.6946,65.5765],[20.726,65.563],[20.7786,65.5579],[20.8526,65.5428],[20.8764,65.5345],[20.8939,65.5314],[20.9165,65.5345],[20.9328,65.535],[20.9591,65.5293],[20.9905,65.5293],[21.0582,65.5542],[21.1346,65.5708],[21.1384,65.5796],[21.1121,65.604],[21.1522,65.6216],[21.191,65.6356],[21.2249,65.6428],[21.2688,65.6573],[21.3244,65.6693]]]}},
    {"type":"Feature","properties":{"kod":"2580","namn":"Luleå","lan_kod":"25"},"geometry":{"type":"Polygon","coordinates":[[[22.3175,66.1457],[22.2992,66.1508],[22.2772,66.1621],[22.2573,66.1875],[22.1853,66.235],[22.1574,66.258],[22.1119,66.2926],[22.0975,66.2891],[22.0455,66.282],[22.0361,66.2632],[22.0174,66.2577],[22.0018,66.2498],[21.9852,66.2284],[21.9976,66.215],[22.0164,66.2041],[22.0122,66.1936],[21.9852,66.1755],[21.955,66.1697],[21.9571,66.1613],[21.9716,66.1461],[21.9748,66.1331],[21.9966,66.1184],[22.0164,66.1104],[22.0195,66.1015],[21.9893,66.0842],[21.9363,66.0653],[21.9186,66.0539],[21.9061,66.037],[21.8406,66.0023],[21.823,65.9879],[21.8271,65.9769],[21.8427,65.968],[21.9009,65.9642],[21.928,65.9592],[21.9529,65.9498],[21.9883,65.9189],[22.0164,65.8989],[22.0112,65.8921],[22.0351,65.8768],[22.033,65.8688],[22.008,65.8577],[21.9841,65.8415],[21.9592,65.8339],[21.9342,65.8335],[21.8541,65.8105],[21.8521,65.7994],[21.8718,65.787],[21.877,65.7721],[21.8666,65.7571],[21.8302,65.7512],[21.8032,65.7443],[21.7533,65.7272],[21.745,65.7123],[21.7169,65.6986],[21.6181,65.6849],[21.5848,65.6883],[21.563,65.696],[21.5193,65.7281],[21.4933,65.7332],[21.4715,65.7319],[21.459,65.7221],[21.4673,65.7093],[21.4642,65.6922],[21.4528,65.69],[21.3706,65.6939],[21.3384,65.684],[21.3241,65.6696],[21.3244,65.6693],[21.3425,65.6536],[21.3449,65.6315],[21.3645,65.6204],[21.401,65.6174],[21.4766,65.5912],[21.5547,65.562],[21.64,65.5226],[21.7644,65.4761],[21.7985,65.467],[21.8253,65.4558],[21.8522,65.4406],[21.8644,65.4295],[21.9018,65.4065],[21.9363,65.414],[21.9692,65.4294],[21.9843,65.4334],[21.9994,65.4482],[21.9871,65.4613],[21.9692,65.4739],[21.9322,65.4875],[21.9185,65.5012],[21.9102,65.5177],[21.924,65.5251],[22.0474,65.5177],[22.0844,65.5086],[22.0968,65.508],[22.1215,65.5137],[22.127,65.5387],[22.1475,65.5512],[22.1914,65.5495],[22.2463,65.5501],[22.3272,65.5393],[22.3725,65.537],[22.3917,65.5449],[22.3986,65.5625],[22.3698,65.6017],[22.3725,65.6221],[22.3698,65.678],[22.356,65.7384],[22.356,65.7587],[22.3615,65.7874],[22.3547,65.8144],[22.356,65.8341],[22.3629,65.8419],[22.3944,65.8498],[22.4534,65.8453],[22.474,65.8318],[22.4932,65.8223],[22.5261,65.8133],[22.522,65.797],[22.5385,65.793],[22.5837,65.7902],[22.6197,65.782],[22.6254,65.7975],[22.6035,65.8128],[22.5817,65.8371],[22.5739,65.8639],[22.552,65.885],[22.5333,65.9232],[22.5286,65.9601],[22.4927,65.9836],[22.4241,66.0382],[22.3601,66.0933],[22.3289,66.1154],[22.3164,66.1451],[22.3175,66.1457]]]}},
    {"type":"Feature","properties":{"kod":"2581","namn":"Piteå","lan_kod":"25"},"geometry":{"type":"Polygon","coordinates":[[[20.1796,65.6103],[20.1817,65.5952],[20.1476,65.566],[20.1061,65.5529],[20.0598,65.5408],[19.9964,65.5196],[19.9428,65.5155],[19.8379,65.5347],[19.8038,65.5357],[19.7696,65.5398],[19.7404,65.5489],[19.7013,65.5468],[19.6526,65.5236],[19.6379,65.5054],[19.6306,65.4892],[19.6038,65.4801],[19.6014,65.468],[19.6257,65.4599],[19.6672,65.4518],[19.7013,65.4386],[19.7672,65.4224],[19.794,65.4112],[19.8522,65.3923],[19.9292,65.3867],[19.9795,65.3755],[20.0498,65.3658],[20.09,65.356],[20.1335,65.3504],[20.3378,65.3099],[20.3947,65.2945],[20.455,65.2847],[20.5153,65.2721],[20.7363,65.2342],[20.8066,65.2188],[21.0042,65.2019],[21.232,65.1767],[21.2822,65.1598],[21.3324,65.1344],[21.3827,65.1189],[21.4463,65.1063],[21.5145,65.0829],[21.5344,65.1017],[21.5454,65.1329],[21.5797,65.1369],[21.5865,65.1559],[21.5783,65.183],[21.544,65.2118],[21.5207,65.2261],[21.5399,65.2376],[21.5701,65.2405],[21.6057,65.2359],[21.6839,65.206],[21.7305,65.2031],[21.7388,65.2129],[21.7237,65.2273],[21.7004,65.2411],[21.7045,65.2595],[21.6729,65.2887],[21.6606,65.3053],[21.6345,65.3174],[21.5042,65.3534],[21.496,65.3626],[21.496,65.3769],[21.5166,65.3877],[21.581,65.3992],[21.6167,65.4112],[21.6496,65.4163],[21.6949,65.4186],[21.8279,65.4106],[21.8485,65.4066],[21.865,65.4054],[21.9018,65.4065],[21.8644,65.4295],[21.8522,65.4406],[21.8253,65.4558],[21.7985,65.467],[21.7644,65.4761],[21.64,65.5226],[21.5547,65.562],[21.4766,65.5912],[21.401,65.6174],[21.3645,65.6204],[21.3449,65.6315],[21.3425,65.6536],[21.3244,65.6693],[21.2688,65.6573],[21.2249,65.6428],[21.191,65.6356],[21.1522,65.6216],[21.1121,65.604],[21.1384,65.5796],[21.1346,65.5708],[21.0582,65.5542],[20.9905,65.5293],[20.9591,65.5293],[20.9328,65.535],[20.9165,65.5345],[20.8939,65.5314],[20.8764,65.5345],[20.8526,65.5428],[20.7786,65.5579],[20.726,65.563],[20.6946,65.5765],[20.6156,65.5957],[20.5592,65.619],[20.5153,65.633],[20.4853,65.6356],[20.4614,65.6314],[20.4401,65.6211],[20.405,65.619],[20.3762,65.6086],[20.3373,65.6066],[20.2834,65.6221],[20.2596,65.619],[20.237,65.6107],[20.2145,65.6092],[20.1796,65.6103]]]}},
    {"type":"Feature","properties":{"kod":"2582","namn":"Boden","lan_kod":"25"},"geometry":{"type":"Polygon","coordinates":[[[21.9423,66.4366],[21.9167,66.4359],[21.8907,66.4399],[21.8477,66.4351],[21.6929,66.4079],[21.616,66.4015],[21.4908,66.3657],[21.4299,66.3425],[21.3628,66.3218],[21.3191,66.3105],[21.2863,66.3043],[21.2692,66.293],[21.2333,66.2948],[21.2233,66.2966],[21.1974,66.3011],[21.1599,66.3237],[21.1037,66.3406],[21.0694,66.3596],[21.0133,66.3811],[20.984,66.3977],[20.9523,66.4065],[20.8987,66.3957],[20.8645,66.3918],[20.8182,66.3821],[20.7694,66.3752],[20.7133,66.3615],[20.6743,66.3234],[20.6329,66.293],[20.589,66.2479],[20.3584,66.0655],[20.3229,66.0255],[20.6808,65.9296],[20.9196,65.855],[21.2043,65.7278],[21.2937,65.6928],[21.3181,65.6747],[21.3241,65.6696],[21.3384,65.684],[21.3706,65.6939],[21.4528,65.69],[21.4642,65.6922],[21.4673,65.7093],[21.459,65.7221],[21.4715,65.7319],[21.4933,65.7332],[21.5193,65.7281],[21.563,65.696],[21.5848,65.6883],[21.6181,65.6849],[21.7169,65.6986],[21.745,65.7123],[21.7533,65.7272],[21.8032,65.7443],[21.8302,65.7512],[21.8666,65.7571],[21.877,65.7721],[21.8718,65.787],[21.8521,65.7994],[21.8541,65.8105],[21.9342,65.8335],[21.9592,65.8339],[21.9841,65.8415],[22.008,65.8577],[22.033,65.8688],[22.0351,65.8768],[22.0112,65.8921],[22.0164,65.8989],[21.9883,65.9189],[21.9529,65.9498],[21.928,65.9592],[21.9009,65.9642],[21.8427,65.968],[21.8271,65.9769],[21.823,65.9879],[21.8406,66.0023],[21.9061,66.037],[21.9186,66.0539],[21.9363,66.0653],[21.9893,66.0842],[22.0195,66.1015],[22.0164,66.1104],[21.9966,66.1184],[21.9748,66.1331],[21.9716,66.1461],[21.9571,66.1613],[21.955,66.1697],[21.9852,66.1755],[22.0122,66.1936],[22.0164,66.2041],[21.9976,66.215],[21.9852,66.2284],[22.0018,66.2498],[22.0174,66.2577],[22.0361,66.2632],[22.0455,66.282],[22.0975,66.2891],[22.1119,66.2926],[22.1114,66.2929],[22.0167,66.3657],[21.9996,66.385],[21.9855,66.3963],[21.9434,66.4231],[21.9423,66.4366]]]}},
    {"type":"Feature","properties":{"kod":"2583","namn":"Haparanda","lan_kod":"25"},"geometry":{"type":"Polygon","coordinates":[[[23.3355,66.0571],[23.3324,66.0457],[23.4177,65.9981],[23.4568,65.9664],[23.5299,65.9197],[23.5811,65.8798],[23.5982,65.8549],[23.5719,65.7868],[23.618,65.7863],[23.9266,65.7694],[24.0638,65.797],[24.0995,65.7981],[24.1242,65.806],[24.1585,65.8088],[24.1681,65.8217],[24.1475,65.8879],[24.1283,65.9047],[24.131,65.9238],[24.1228,65.9366],[24.1022,65.9422],[24.0775,65.9534],[24.0597,65.9713],[24.0474,65.9886],[24.0528,66.0059],[24.0268,66.0232],[24.0076,66.0477],[23.9692,66.0789],[23.9513,66.0894],[23.9376,66.11],[23.939,66.1266],[23.928,66.1555],[23.8937,66.1671],[23.883,66.1689],[23.8334,66.1558],[23.7862,66.1506],[23.7584,66.1367],[23.7712,66.1263],[23.7584,66.1176],[23.7348,66.1098],[23.7133,66.1055],[23.6855,66.1055],[23.6769,66.1141],[23.6319,66.1159],[23.6062,66.1133],[23.5547,66.0977],[23.5226,66.0942],[23.4712,66.0855],[23.3854,66.0577],[23.3533,66.0559],[23.3355,66.0571]]]}},
    {"type":"Feature","properties":{"kod":"2584","namn":"Kiruna","lan_kod":"25"},"geometry":{"type":"Polygon","coordinates":[[[23.2111,68.1402],[23.1969,68.1402],[23.1516,68.1453],[23.1228,68.1555],[23.1215,68.1647],[23.1311,68.1754],[23.1352,68.1902],[23.1434,68.1963],[23.142,68.206],[23.1297,68.2147],[23.1269,68.2248],[23.1311,68.2381],[23.1187,68.2503],[23.0803,68.2594],[23.0638,68.2706],[23.0501,68.2868],[23.0446,68.3071],[22.987,68.3279],[22.8348,68.3633],[22.8307,68.382],[22.7964,68.3876],[22.7689,68.3886],[22.7346,68.3942],[22.7072,68.4073],[22.6606,68.4179],[22.6496,68.4244],[22.6359,68.4265],[22.5851,68.4229],[22.5522,68.4295],[22.5261,68.4355],[22.5001,68.4456],[22.463,68.4522],[22.4411,68.4612],[22.3876,68.4653],[22.3341,68.4627],[22.3025,68.4804],[22.186,68.4874],[22.1078,68.4864],[22.0652,68.4914],[22.0117,68.4955],[22.0021,68.511],[21.9775,68.5241],[21.9692,68.5437],[21.9294,68.5577],[21.9061,68.5728],[21.8732,68.5848],[21.8279,68.5953],[21.7827,68.5978],[21.747,68.5963],[21.6825,68.6088],[21.6825,68.6188],[21.688,68.6268],[21.6825,68.6343],[21.6551,68.6483],[21.6002,68.6658],[21.5563,68.6758],[21.555,68.6837],[21.5179,68.6892],[21.4685,68.6917],[21.4356,68.6972],[21.4055,68.7101],[21.4013,68.7216],[21.4082,68.7311],[21.4109,68.7455],[21.3972,68.7589],[21.3712,68.7688],[21.2916,68.7753],[21.2532,68.7961],[21.2395,68.8095],[21.2107,68.8229],[21.1023,68.8581],[21.0927,68.8675],[21.0351,68.8783],[20.9857,68.8937],[20.9404,68.903],[20.8993,68.9075],[20.8842,68.9134],[20.8499,68.9341],[20.8609,68.943],[20.8924,68.9479],[20.9034,68.9696],[20.8485,68.9981],[20.8211,69.0065],[20.7882,69.033],[20.7594,69.0428],[20.6908,69.0556],[20.5372,69.0605],[20.4,69.062],[20.3575,69.0605],[20.2848,69.062],[20.2066,69.0595],[20.1545,69.0566],[20.0869,69.0501],[20.0955,69.0348],[20.1769,68.9887],[20.2648,68.9464],[20.2969,68.9333],[20.3141,68.9194],[20.3205,68.8793],[20.3034,68.8337],[20.2969,68.7942],[20.2777,68.7647],[20.2455,68.7546],[20.2326,68.7453],[20.2284,68.7126],[20.2176,68.7041],[20.1898,68.6978],[20.1769,68.6838],[20.1726,68.669],[20.1598,68.6589],[20.1233,68.6503],[20.0955,68.6417],[20.0805,68.6308],[20.044,68.6144],[20.0076,68.605],[19.9819,68.594],[19.9604,68.5815],[19.9604,68.5698],[19.9497,68.5604],[19.9497,68.5549],[20.0269,68.5337],[20.089,68.5212],[20.1491,68.5063],[20.1791,68.5016],[20.1855,68.4945],[20.1619,68.4701],[20.0869,68.4465],[20.0355,68.415],[19.9819,68.3953],[19.9497,68.3811],[19.9069,68.3653],[19.8833,68.3637],[19.7568,68.3811],[19.5597,68.4197],[19.4461,68.4371],[19.3603,68.4567],[19.266,68.4693],[19.1674,68.489],[19.0731,68.5016],[19.0174,68.5149],[18.8738,68.5306],[18.8352,68.5306],[18.8138,68.522],[18.7431,68.5173],[18.683,68.5149],[18.6102,68.5188],[18.5652,68.5267],[18.5373,68.5392],[18.4966,68.5526],[18.413,68.5839],[18.3723,68.5862],[18.3165,68.576],[18.2201,68.5612],[18.1879,68.5588],[18.1601,68.5549],[18.1215,68.5526],[18.1065,68.5447],[18.1022,68.5165],[18.1086,68.3668],[18.1258,68.317],[18.1322,68.2718],[18.1494,68.2178],[18.1494,68.1979],[18.1215,68.182],[18.0915,68.1509],[17.9929,68.0702],[17.9565,68.0349],[17.9222,68.0205],[17.9093,67.9828],[17.8965,67.9756],[17.8995,67.9723],[17.9629,67.9643],[18.0101,67.9522],[18.1194,67.9281],[18.1901,67.9071],[18.218,67.8958],[18.2694,67.8821],[18.2994,67.8757],[18.3851,67.8652],[18.458,67.8732],[18.6316,67.8692],[18.9231,67.8652],[18.9595,67.8716],[18.9874,67.8741],[19.0431,67.8732],[19.0924,67.87],[19.1117,67.8636],[19.1439,67.8595],[19.1696,67.866],[19.2039,67.8684],[19.2446,67.8668],[19.3903,67.8668],[19.4589,67.8587],[19.4825,67.8466],[19.5704,67.8417],[19.6261,67.8304],[19.6668,67.8264],[19.7718,67.8199],[19.8104,67.8094],[19.9283,67.7818],[19.9754,67.7648],[20.0397,67.7551],[20.1169,67.7502],[20.1469,67.7397],[20.2091,67.7332],[20.2326,67.7348],[20.2862,67.751],[20.3162,67.7494],[20.3398,67.7405],[20.4127,67.7072],[20.4791,67.6958],[20.5198,67.686],[20.6099,67.673],[20.6463,67.6543],[20.7449,67.6249],[20.8306,67.5931],[20.9185,67.5522],[20.9807,67.5284],[21.0471,67.5071],[21.1971,67.4948],[21.2271,67.4825],[21.255,67.4833],[21.2721,67.4907],[21.2979,67.494],[21.375,67.4907],[21.4265,67.4874],[21.4629,67.4784],[21.4993,67.4718],[21.5765,67.4669],[21.6858,67.4653],[21.7051,67.4603],[21.7694,67.4587],[21.8272,67.439],[21.8487,67.4275],[21.8637,67.4143],[21.853,67.3937],[21.8787,67.3846],[21.8958,67.3747],[21.913,67.3698],[21.9132,67.3698],[21.9323,67.3739],[21.9558,67.3789],[21.9666,67.3995],[22.0094,67.4159],[22.018,67.4307],[22.0609,67.462],[22.0673,67.4883],[22.0887,67.4997],[22.1145,67.5202],[22.138,67.5464],[22.3416,67.699],[22.4317,67.7527],[22.4681,67.7689],[22.6353,67.815],[22.7189,67.8312],[22.766,67.8417],[22.8003,67.8514],[22.8239,67.8636],[22.856,67.8902],[22.9032,67.9394],[22.9803,67.9876],[23.0511,68.0157],[23.0789,68.0422],[23.1046,68.0558],[23.1154,68.071],[23.1347,68.0806],[23.1582,68.087],[23.1604,68.0958],[23.1754,68.107],[23.2032,68.1198],[23.2111,68.1402]]]}}
  ]
}
