{
  "type": "FeatureCollection",
  "features": [
    {"type":"Feature","properties":{"kod":"01","namn":"Stockholms län"},"geometry":{"type":"MultiPolygon","coordinates":[[[[17.9174,58.8536],[17.9167,58.8546],[17.9153,58.8514],[17.9097,58.8487],[17.9092,58.8512],[17.9029,58.8498],[17.8993,58.8406],[17.9022,58.8388],[17.9049,58.8396],[17.9015,58.8338],[17.8931,58.8394],[17.8906,58.8486],[17.8862,58.8508],[17.8823,58.8434],[17.8889,58.8378],[17.891,58.8272],[17.9022,58.8293],[17.9037,58.8261],[17.904,58.8281],[17.9084,58.8297],[17.914,58.8199],[17.9159,58.8289],[17.9185,58.8267],[17.9221,58.8285],[17.9256,58.8274],[17.9245,58.8184],[17.9217,58.8158],[17.9246,58.8121],[17.9195,58.807],[17.9205,58.8043],[17.924,58.8038],[17.9283,58.8085],[17.931,58.8189],[17.9281,58.8171],[17.9332,58.826],[17.9325,58.8351],[17.9279,58.8394],[17.9322,58.8411],[17.9334,58.8471],[17.9383,58.8488],[17.9344,58.8509],[17.9318,58.8479],[17.9258,58.8474],[17.9222,58.8496],[17.9232,58.851],[17.9208,58.8503],[17.9174,58.8536]]],[[[17.6957,58.862],[17.6936,58.8617],[17.6945,58.8581],[17.7038,58.8537],[17.7094,58.8478],[17.7063,58.8403],[17.7092,58.8367],[17.7122,58.8368],[17.7159,58.8422],[17.717,58.835],[17.7214,58.8371],[17.7209,58.8409],[17.7252,58.8421],[17.7218,58.8464],[17.7187,58.8471],[17.7175,58.8533],[17.7147,58.8525],[17.7146,58.8486],[17.7089,58.8558],[17.7101,58.8586],[17.6957,58.862]]],[[[18.1381,58.8957],[18.13,58.894],[18.1284,58.8864],[18.1232,58.8834],[18.1183,58.8823],[18.1124,58.884],[18.1089,58.8804],[18.1056,58.882],[18.1035,58.8797],[18.1093,58.8749],[18.1078,58.8714],[18.102,58.871],[18.1012,58.8722],[18.1009,58.8707],[18.0983,58.8728],[18.0957,58.8722],[18.0981,58.8677],[18.095,58.8673],[18.0953,58.8642],[18.0913,58.8636],[18.094,58.8632],[18.0948,58.8601],[18.0947,58.8619],[18.0984,58.8622],[18.1004,58.8589],[18.0971,58.8556],[18.1006,58.8536],[18.1032,58.8567],[18.1046,58.8529],[18.1074,58.8531],[18.1054,58.856],[18.1089,58.8547],[18.1083,58.8616],[18.1113,58.8624],[18.1142,58.8597],[18.1185,58.8633],[18.1254,58.861],[18.1276,58.8642],[18.1237,58.8679],[18.1314,58.865],[18.1386,58.8715],[18.134,58.8766],[18.1375,58.8778],[18.1373,58.8839],[18.1409,58.8839],[18.1459,58.8882],[18.1449,58.8906],[18.1387,58.8876],[18.1344,58.8888],[18.1389,58.8936],[18.1381,58.8957]]],[[[18.1787,58.8952],[18.1729,58.9014],[18.1667,58.8995],[18.1691,58.8943],[18.1759,58.8927],[18.1787,58.8952]]],[[[17.8499,58.902],[17.8501,58.903],[17.8468,58.8999],[17.844,58.9011],[17.8383,58.8974],[17.8386,58.8947],[17.8333,58.8932],[17.8344,58.8898],[17.8365,58.8899],[17.8343,58.8818],[17.8285,58.8808],[17.826,58.8869],[17.817,58.8793],[17.8166,58.8756],[17.8202,58.8764],[17.8168,58.8685],[17.8182,58.8662],[17.8201,58.8702],[17.8192,58.8595],[17.8257,58.8618],[17.8243,58.8596],[17.8267,58.8588],[17.8238,58.8591],[17.8233,58.8559],[17.8253,58.8529],[17.8331,58.8498],[17.8295,58.8481],[17.8278,58.8507],[17.8257,58.8497],[17.82,58.8507],[17.8189,58.8539],[17.8139,58.854],[17.8121,58.8476],[17.8084,58.8476],[17.8082,58.8451],[17.8128,58.8446],[17.814,58.8349],[17.8183,58.8324],[17.8173,58.8288],[17.8194,58.8275],[17.8163,58.8232],[17.8188,58.8188],[17.8149,58.809],[17.8073,58.808],[17.7954,58.8116],[17.7983,58.8045],[17.7887,58.8],[17.7947,58.7969],[17.8173,58.7997],[17.8239,58.7976],[17.824,58.8037],[17.8265,58.8042],[17.8306,58.802],[17.8341,58.8013],[17.8346,58.8023],[17.8379,58.799],[17.8475,58.7954],[17.8478,58.7982],[17.8556,58.7918],[17.855,58.7948],[17.8521,58.7958],[17.8549,58.797],[17.8521,58.7988],[17.8542,58.8032],[17.8513,58.8078],[17.8576,58.8105],[17.862,58.8083],[17.866,58.8105],[17.8663,58.8082],[17.8682,58.8094],[17.8693,58.8084],[17.8685,58.8115],[17.873,58.8104],[17.872,58.8131],[17.8741,58.8142],[17.8683,58.814],[17.8692,58.82],[17.8637,58.8227],[17.8737,58.8295],[17.8707,58.8395],[17.8546,58.8548],[17.8496,58.8525],[17.8458,58.8539],[17.8454,58.8557],[17.8472,58.8549],[17.8475,58.8559],[17.8449,58.8573],[17.8453,58.8557],[17.843,58.8566],[17.8337,58.8525],[17.8293,58.8558],[17.8404,58.866],[17.8378,58.8704],[17.8417,58.8718],[17.8419,58.8748],[17.8388,58.874],[17.8382,58.8751],[17.8389,58.8785],[17.8338,58.8806],[17.8355,58.8813],[17.8427,58.8789],[17.8459,58.88],[17.86,58.8907],[17.8598,58.8878],[17.8551,58.8861],[17.8494,58.8804],[17.8492,58.8783],[17.8526,58.8786],[17.8512,58.8796],[17.8595,58.8848],[17.86,58.8878],[17.8658,58.8919],[17.8651,58.8945],[17.861,58.895],[17.8614,58.8975],[17.8558,58.8954],[17.8499,58.902]]],[[[18.154,58.8946],[18.1595,58.8955],[18.1602,58.9039],[18.1425,58.8937],[18.154,58.8946]]],[[[18.2257,58.9373],[18.206,58.9316],[18.1869,58.9204],[18.1933,58.9214],[18.1915,58.919],[18.1952,58.9186],[18.1858,58.9151],[18.1823,58.9117],[18.1887,58.9121],[18.1933,58.9141],[18.1969,58.911],[18.2016,58.9111],[18.2029,58.9093],[18.1977,58.9061],[18.2037,58.904],[18.2104,58.9054],[18.2197,58.9049],[18.2214,58.9061],[18.218,58.9069],[18.2194,58.909],[18.226,58.9076],[18.2286,58.9093],[18.2292,58.9129],[18.2255,58.9145],[18.2284,58.9166],[18.2235,58.9225],[18.2273,58.9241],[18.2257,58.9266],[18.2203,58.9282],[18.2284,58.9356],[18.2257,58.9373]]],[[[18.2032,58.9459],[18.2007,58.9448],[18.2026,58.9414],[18.1972,58.938],[18.1949,58.9402],[18.1864,58.9384],[18.187,58.9405],[18.1811,58.9374],[18.1802,58.9341],[18.1727,58.9372],[18.1759,58.9392],[18.1758,58.943],[18.1713,58.9416],[18.173,58.9381],[18.1687,58.9371],[18.1708,58.9347],[18.1646,58.9239],[18.1656,58.9182],[18.1577,58.9176],[18.1577,58.9128],[18.1554,58.9118],[18.1482,58.916],[18.1459,58.9153],[18.1434,58.9118],[18.1478,58.9099],[18.1456,58.9071],[18.1475,58.9047],[18.1402,58.9048],[18.1398,58.9031],[18.1365,58.9043],[18.1389,58.9012],[18.1399,58.9023],[18.1427,58.9011],[18.1612,58.9092],[18.1648,58.9075],[18.1753,58.9187],[18.2162,58.9376],[18.2138,58.9419],[18.2127,58.9383],[18.2056,58.939],[18.2032,58.9459]]],[[[18.036,58.9761],[18.0345,58.977],[18.0295,58.9745],[18.0262,58.9751],[18.02,58.9709],[18.0105,58.9577],[17.9896,58.9431],[17.9934,58.9449],[17.9866,58.935],[17.9886,58.931],[17.9926,58.9309],[17.9977,58.9334],[18.0082,58.9413],[18.0095,58.9376],[18.0063,58.9304],[18.009,58.9293],[18.0158,58.9298],[18.0188,58.935],[18.0289,58.939],[18.0347,58.9468],[18.0275,58.9434],[18.024,58.9463],[18.0289,58.949],[18.0274,58.9521],[18.036,58.9578],[18.0291,58.9589],[18.0295,58.9617],[18.0258,58.959],[18.0275,58.9574],[18.0219,58.9545],[18.0201,58.9582],[18.0283,58.9648],[18.0317,58.9644],[18.0373,58.9666],[18.0356,58.9681],[18.039,58.9752],[18.036,58.9761]]],[[[18.3629,58.9826],[18.3494,58.9795],[18.3276,58.9704],[18.3209,58.9695],[18.2951,58.9575],[18.2901,58.9585],[18.294,58.9621],[18.2928,58.9663],[18.2904,58.9638],[18.2816,58.9624],[18.28,58.9608],[18.2729,58.9621],[18.2721,58.961],[18.2557,58.9614],[18.2567,58.959],[18.2489,58.9586],[18.2492,58.9552],[18.2462,58.9553],[18.2474,58.9538],[18.2436,58.9523],[18.243,58.9491],[18.2374,58.9461],[18.2239,58.9447],[18.2187,58.9382],[18.2302,58.9392],[18.2264,58.9376],[18.2306,58.9345],[18.2337,58.9345],[18.2213,58.9286],[18.2264,58.9267],[18.2276,58.924],[18.2275,58.9216],[18.2326,58.9197],[18.2316,58.9171],[18.2358,58.9174],[18.2411,58.9123],[18.2422,58.9164],[18.2489,58.9186],[18.2705,58.9159],[18.2786,58.918],[18.2844,58.9203],[18.2833,58.9225],[18.2712,58.923],[18.2876,58.9275],[18.2916,58.9255],[18.2963,58.9264],[18.2978,58.9251],[18.2925,58.9249],[18.2952,58.9239],[18.3021,58.9254],[18.306,58.9244],[18.3134,58.9267],[18.3161,58.9253],[18.3199,58.9253],[18.32,58.9271],[18.3224,58.9253],[18.3248,58.9261],[18.3235,58.9275],[18.3258,58.9284],[18.3227,58.9303],[18.3253,58.9315],[18.3207,58.9316],[18.3197,58.9347],[18.3028,58.9306],[18.2951,58.9308],[18.2928,58.9331],[18.2843,58.935],[18.2845,58.9384],[18.2893,58.9374],[18.2915,58.9388],[18.287,58.9404],[18.2904,58.9413],[18.2857,58.9439],[18.2861,58.9476],[18.2894,58.9502],[18.297,58.9479],[18.2963,58.9448],[18.2987,58.9435],[18.308,58.9452],[18.31,58.9467],[18.3059,58.9483],[18.3129,58.9488],[18.3088,58.9512],[18.3146,58.9515],[18.3137,58.9526],[18.3169,58.9531],[18.3268,58.9529],[18.3296,58.9538],[18.3266,58.9548],[18.338,58.959],[18.334,58.9584],[18.3336,58.9595],[18.3385,58.961],[18.3384,58.9599],[18.3431,58.9601],[18.3633,58.9673],[18.3646,58.9692],[18.357,58.9706],[18.3638,58.9731],[18.3614,58.9761],[18.3672,58.977],[18.3623,58.9805],[18.3629,58.9826]]],[[[18.0445,58.9938],[18.0463,58.9988],[18.0418,59.0012],[18.0405,58.9988],[18.0318,58.9958],[18.0285,58.9922],[18.0258,58.9938],[18.0155,58.9878],[18.0015,58.9775],[18.006,58.9732],[18.0045,58.9688],[18.0028,58.973],[17.995,58.9728],[17.9945,58.977],[17.9912,58.978],[17.9918,58.9703],[17.989,58.9658],[17.9847,58.9628],[17.9734,58.9609],[17.9798,58.967],[17.9803,58.9708],[17.9767,58.9694],[17.9695,58.9619],[17.9699,58.9572],[17.9652,58.9576],[17.9618,58.955],[17.9613,58.9486],[17.9672,58.9527],[17.9713,58.9525],[17.9772,58.9474],[17.977,58.951],[17.9788,58.9493],[17.981,58.9505],[17.981,58.9562],[17.9788,58.9566],[17.9885,58.9633],[17.985,58.9575],[17.9845,58.9485],[17.9848,58.947],[17.9877,58.9468],[17.9922,58.9501],[17.9862,58.9435],[17.989,58.944],[18.0004,58.9521],[18.0072,58.9638],[18.0105,58.9635],[18.01,58.9683],[18.0123,58.9713],[18.015,58.9715],[18.0172,58.976],[18.0226,58.9791],[18.0205,58.9755],[18.0238,58.9755],[18.0258,58.9831],[18.03,58.9851],[18.0313,58.9813],[18.0445,58.9938]]],[[[18.1672,59.031],[18.1565,59.0305],[18.155,59.0288],[18.1403,59.0258],[18.1415,59.024],[18.1332,59.0222],[18.136,59.0175],[18.1286,59.0186],[18.128,59.0215],[18.1172,59.0185],[18.1146,59.02],[18.1135,59.0185],[18.105,59.0192],[18.106,59.0221],[18.1003,59.0218],[18.1018,59.0233],[18.099,59.025],[18.0934,59.0169],[18.088,59.0165],[18.0825,59.0098],[18.0881,59.0059],[18.08,59.0046],[18.0763,59.0062],[18.0718,59.003],[18.0724,59.0013],[18.0808,59.0035],[18.0875,59.0015],[18.0839,58.9986],[18.0852,58.9931],[18.0818,58.9927],[18.0816,58.9945],[18.0775,58.9948],[18.0768,58.992],[18.0693,58.9907],[18.0645,58.9918],[18.0552,58.9869],[18.0594,58.9785],[18.0649,58.9775],[18.0668,58.9785],[18.0689,58.9766],[18.0648,58.9744],[18.0578,58.9754],[18.0594,58.9718],[18.0577,58.9708],[18.0525,58.9716],[18.0482,58.9675],[18.0486,58.9627],[18.0542,58.9631],[18.0587,58.9604],[18.0615,58.9643],[18.0652,58.964],[18.0712,58.9675],[18.0802,58.9697],[18.0852,58.978],[18.0928,58.9797],[18.096,58.9772],[18.1045,58.9831],[18.1074,58.98],[18.1056,58.9772],[18.1107,58.9736],[18.1071,58.9704],[18.1203,58.9703],[18.1227,58.9691],[18.1225,58.9645],[18.1264,58.9634],[18.1301,58.965],[18.1267,58.9661],[18.1345,58.971],[18.1376,58.9693],[18.1537,58.9716],[18.1622,58.9786],[18.1575,58.9789],[18.1513,58.9766],[18.1498,58.9787],[18.1437,58.9779],[18.144,58.9838],[18.151,58.9852],[18.1439,58.9875],[18.1381,58.9873],[18.1415,58.9945],[18.1422,58.9901],[18.1512,58.9905],[18.1491,58.9947],[18.1444,58.9946],[18.1453,58.9994],[18.1507,58.9968],[18.1543,58.9989],[18.1509,59.0022],[18.1451,59.0004],[18.1414,59.0014],[18.1413,59.0155],[18.1475,59.0052],[18.1491,59.007],[18.1598,59.0028],[18.1557,58.995],[18.1607,58.9932],[18.1657,58.9951],[18.1641,58.9931],[18.1662,58.9929],[18.1707,58.9978],[18.1616,59.0029],[18.1778,59.0052],[18.1828,59.0031],[18.1832,58.9989],[18.1904,58.9958],[18.1932,58.9912],[18.1953,58.9936],[18.1906,58.9981],[18.1922,59.0051],[18.1902,59.0071],[18.1982,59.0135],[18.2041,59.0155],[18.1962,59.0144],[18.1908,59.0161],[18.1872,59.0152],[18.1868,59.0122],[18.1819,59.009],[18.183,59.0057],[18.1787,59.0069],[18.1765,59.0056],[18.1747,59.0098],[18.1724,59.0088],[18.1652,59.0097],[18.1743,59.0141],[18.1775,59.014],[18.1771,59.0155],[18.1843,59.0162],[18.185,59.0185],[18.189,59.0171],[18.2137,59.0184],[18.216,59.021],[18.2222,59.0202],[18.226,59.0218],[18.2258,59.0235],[18.232,59.0255],[18.2232,59.024],[18.222,59.0255],[18.205,59.0278],[18.2039,59.0261],[18.1905,59.025],[18.1833,59.0275],[18.1785,59.0265],[18.1685,59.029],[18.1672,59.031]]],[[[18.0859,59.0352],[18.0744,59.0311],[18.0714,59.0274],[18.0682,59.03],[18.0607,59.0291],[18.0604,59.0235],[18.0658,59.0248],[18.0614,59.0186],[18.0647,59.0155],[18.0663,59.0192],[18.0705,59.0184],[18.0712,59.0229],[18.0738,59.0217],[18.0777,59.0279],[18.0854,59.0315],[18.0859,59.0352]]],[[[18.1735,59.0408],[18.1655,59.0361],[18.1625,59.0401],[18.1554,59.0368],[18.159,59.0345],[18.1671,59.0333],[18.1758,59.0353],[18.1733,59.033],[18.1818,59.0295],[18.1848,59.0318],[18.192,59.0293],[18.1955,59.03],[18.1955,59.0352],[18.189,59.0373],[18.1828,59.0355],[18.1735,59.0408]]],[[[17.6454,59.0473],[17.6438,59.0492],[17.6413,59.0483],[17.6395,59.0438],[17.6422,59.0405],[17.6326,59.0321],[17.6329,59.0273],[17.6278,59.0257],[17.6261,59.0231],[17.6296,59.0225],[17.633,59.0142],[17.6376,59.0116],[17.6367,59.0093],[17.6399,59.0144],[17.6409,59.0279],[17.6463,59.0365],[17.6454,59.0473]]],[[[18.3251,59.0472],[18.3282,59.05],[18.3264,59.052],[18.3184,59.0476],[18.3148,59.0381],[18.315,59.0365],[18.3234,59.0425],[18.3225,59.0365],[18.3246,59.0348],[18.3296,59.0396],[18.3385,59.0406],[18.3424,59.0459],[18.3411,59.0467],[18.3376,59.0435],[18.3341,59.0455],[18.332,59.0444],[18.3316,59.0457],[18.331,59.0439],[18.3327,59.0507],[18.3251,59.0472]]],[[[18.1633,59.0587],[18.1571,59.0578],[18.1618,59.0572],[18.1601,59.0552],[18.1571,59.0559],[18.1558,59.0539],[18.1506,59.0542],[18.1493,59.0526],[18.1367,59.0497],[18.1352,59.0478],[18.1443,59.0448],[18.1518,59.046],[18.1555,59.0402],[18.1568,59.0415],[18.1608,59.0406],[18.1613,59.0426],[18.1652,59.0433],[18.1713,59.0428],[18.1674,59.0463],[18.172,59.0473],[18.1778,59.0445],[18.1865,59.0438],[18.1893,59.0455],[18.1868,59.0475],[18.1885,59.0509],[18.1852,59.0515],[18.183,59.049],[18.1732,59.0505],[18.1697,59.053],[18.1647,59.0517],[18.1658,59.0574],[18.1633,59.0587]]],[[[18.545,59.0639],[18.5435,59.0619],[18.541,59.0637],[18.5406,59.0618],[18.5361,59.0607],[18.5371,59.0591],[18.5266,59.0556],[18.5218,59.0473],[18.5194,59.0495],[18.5222,59.0519],[18.5191,59.0537],[18.5252,59.0601],[18.5104,59.0534],[18.5131,59.0457],[18.5106,59.0403],[18.5129,59.0368],[18.5107,59.0363],[18.514,59.0357],[18.5089,59.0324],[18.5092,59.0286],[18.5193,59.0311],[18.5241,59.0287],[18.534,59.0337],[18.537,59.0375],[18.5321,59.0406],[18.5324,59.0459],[18.5302,59.0473],[18.5351,59.0512],[18.5287,59.0503],[18.5306,59.0527],[18.5272,59.0536],[18.5327,59.0553],[18.5347,59.0581],[18.5382,59.0592],[18.5411,59.058],[18.545,59.0639]]],[[[17.6454,59.0473],[17.6493,59.0331],[17.6434,59.0175],[17.6531,59.018],[17.6537,59.0131],[17.6508,59.0092],[17.6431,59.0067],[17.6313,58.9903],[17.6224,58.9904],[17.6238,58.9866],[17.6194,58.9728],[17.6262,58.9629],[17.6248,58.9555],[17.634,58.964],[17.6329,58.9588],[17.6409,58.9657],[17.6442,58.9621],[17.6451,58.9429],[17.6405,58.9423],[17.638,58.9395],[17.6336,58.9266],[17.6372,58.9236],[17.6459,58.9227],[17.6542,58.9138],[17.6604,58.9113],[17.6554,58.9196],[17.659,58.9242],[17.6584,58.9319],[17.6551,58.9353],[17.655,58.9384],[17.6474,58.942],[17.6549,58.9403],[17.6563,58.9434],[17.6597,58.9369],[17.6564,58.9376],[17.6555,58.9353],[17.6591,58.9312],[17.6608,58.9229],[17.6635,58.9221],[17.668,58.9139],[17.6973,58.8936],[17.6982,58.8991],[17.6859,58.9089],[17.6861,58.9103],[17.6903,58.91],[17.686,58.9142],[17.6869,58.9162],[17.6794,58.9173],[17.6787,58.9237],[17.6863,58.924],[17.6867,58.9272],[17.6922,58.9253],[17.6952,58.9276],[17.6965,58.926],[17.6995,58.9266],[17.697,58.9297],[17.7006,58.9341],[17.6972,58.9348],[17.6989,58.9406],[17.6953,58.9418],[17.7022,58.9544],[17.7091,58.9546],[17.7051,58.9629],[17.7019,58.9624],[17.6973,58.9664],[17.7035,58.9722],[17.699,58.9763],[17.6972,58.9862],[17.7004,58.9869],[17.702,58.9836],[17.708,58.9849],[17.7087,58.992],[17.7131,58.9949],[17.705,59.003],[17.713,59.0069],[17.7059,59.005],[17.7105,59.009],[17.7044,59.0117],[17.7085,59.0158],[17.7027,59.0189],[17.6971,59.0174],[17.6946,59.0188],[17.7,59.0248],[17.7008,59.0294],[17.6944,59.0331],[17.6937,59.0357],[17.6907,59.036],[17.6911,59.0393],[17.6967,59.0423],[17.6897,59.0447],[17.6888,59.0488],[17.6928,59.046],[17.693,59.049],[17.6868,59.0495],[17.6825,59.0533],[17.6811,59.0511],[17.6812,59.0536],[17.6759,59.0557],[17.6714,59.0634],[17.668,59.0533],[17.6631,59.0489],[17.6658,59.0557],[17.6641,59.0619],[17.6676,59.0673],[17.6661,59.0757],[17.6625,59.0756],[17.6591,59.0731],[17.6547,59.0741],[17.6517,59.0717],[17.645,59.0714],[17.6375,59.0602],[17.6427,59.0568],[17.6454,59.0473]]],[[[18.6177,59.0895],[18.6246,59.0953],[18.6221,59.0984],[18.5926,59.0878],[18.5914,59.08],[18.5973,59.0798],[18.5938,59.0715],[18.6095,59.0719],[18.6048,59.0784],[18.6084,59.0818],[18.6184,59.0724],[18.6332,59.0733],[18.6224,59.0796],[18.627,59.0824],[18.6372,59.0835],[18.6472,59.0877],[18.6397,59.0917],[18.6326,59.0923],[18.6223,59.0883],[18.6177,59.0895]]],[[[18.7587,59.0992],[18.7585,59.1073],[18.7354,59.0986],[18.7201,59.1002],[18.7108,59.0959],[18.7156,59.0913],[18.7306,59.0927],[18.7274,59.0893],[18.7352,59.0832],[18.7383,59.0838],[18.7365,59.0923],[18.7587,59.0992]]],[[[18.4767,59.1209],[18.4775,59.122],[18.4709,59.1197],[18.4643,59.1147],[18.4631,59.1159],[18.4579,59.1157],[18.4495,59.1122],[18.4445,59.1076],[18.4376,59.1065],[18.418,59.0928],[18.4203,59.0909],[18.4101,59.0884],[18.4111,59.0857],[18.4006,59.0833],[18.4005,59.0809],[18.3905,59.0832],[18.3838,59.0797],[18.3807,59.0808],[18.3866,59.0828],[18.3766,59.0832],[18.3727,59.0825],[18.3721,59.0795],[18.365,59.0777],[18.3649,59.08],[18.3599,59.0756],[18.3639,59.0724],[18.3689,59.0744],[18.3753,59.0746],[18.3766,59.0724],[18.3877,59.0752],[18.3824,59.0696],[18.384,59.0683],[18.3737,59.0598],[18.3712,59.06],[18.3592,59.0531],[18.35,59.0518],[18.3476,59.0554],[18.3509,59.06],[18.3493,59.0614],[18.3407,59.0497],[18.3453,59.0462],[18.3477,59.0483],[18.3509,59.0469],[18.3609,59.0491],[18.3651,59.0449],[18.3744,59.0446],[18.3708,59.0435],[18.3762,59.0359],[18.3751,59.0342],[18.3694,59.0399],[18.3665,59.0385],[18.363,59.0393],[18.3565,59.038],[18.358,59.0324],[18.3508,59.0331],[18.3473,59.0353],[18.3513,59.0393],[18.3493,59.04],[18.3439,59.0375],[18.3428,59.0329],[18.3384,59.0302],[18.3415,59.0292],[18.3386,59.028],[18.3397,59.0265],[18.3414,59.0284],[18.3481,59.0285],[18.3448,59.025],[18.3509,59.0224],[18.3509,59.0202],[18.3563,59.0165],[18.3561,59.0137],[18.365,59.0091],[18.3708,59.0094],[18.3731,59.0126],[18.3764,59.009],[18.3825,59.0109],[18.3808,59.0076],[18.3853,59.0054],[18.3898,59.006],[18.3888,59.0089],[18.3953,59.0061],[18.3931,59.0103],[18.384,59.0109],[18.3861,59.0133],[18.3812,59.0165],[18.3893,59.0138],[18.395,59.0151],[18.3934,59.0116],[18.3988,59.0072],[18.406,59.0071],[18.4155,59.0149],[18.4087,59.0185],[18.4116,59.0197],[18.4167,59.0193],[18.4177,59.0175],[18.4211,59.0187],[18.419,59.0226],[18.4228,59.0247],[18.4296,59.0347],[18.4281,59.0389],[18.4231,59.0392],[18.4229,59.0406],[18.4286,59.04],[18.4266,59.043],[18.4344,59.0432],[18.4328,59.0484],[18.4396,59.045],[18.4394,59.0471],[18.4422,59.0472],[18.4327,59.0512],[18.4341,59.0554],[18.4297,59.0569],[18.427,59.0618],[18.4318,59.0577],[18.4372,59.0574],[18.4361,59.0531],[18.4409,59.0496],[18.449,59.0481],[18.4607,59.0667],[18.4741,59.0758],[18.4761,59.0805],[18.4817,59.082],[18.4799,59.0842],[18.483,59.0836],[18.4838,59.0862],[18.4896,59.0876],[18.4931,59.0915],[18.4925,59.0948],[18.4889,59.0951],[18.482,59.0943],[18.4784,59.0918],[18.4759,59.0923],[18.4815,59.0997],[18.4847,59.1005],[18.4836,59.1062],[18.4752,59.101],[18.4703,59.1012],[18.4769,59.1031],[18.4816,59.1066],[18.4821,59.1116],[18.4848,59.1132],[18.4808,59.1143],[18.4784,59.1125],[18.4793,59.1143],[18.4851,59.1148],[18.4852,59.1162],[18.4823,59.1172],[18.4818,59.1208],[18.4767,59.1209]]],[[[18.6566,59.1711],[18.644,59.1695],[18.6308,59.1621],[18.6288,59.1631],[18.6239,59.1619],[18.613,59.1547],[18.6138,59.1529],[18.6241,59.1529],[18.6329,59.1556],[18.6339,59.1588],[18.639,59.1574],[18.6432,59.16],[18.6483,59.1604],[18.6476,59.163],[18.6534,59.1654],[18.6514,59.1671],[18.6566,59.1711]]],[[[18.7029,59.1785],[18.7089,59.1814],[18.701,59.1804],[18.6858,59.1738],[18.6785,59.1674],[18.6897,59.1725],[18.6854,59.1672],[18.6966,59.1687],[18.7086,59.1752],[18.7132,59.1757],[18.711,59.1787],[18.7029,59.1785]]],[[[18.6511,59.1803],[18.6615,59.1873],[18.6646,59.1951],[18.6601,59.1878],[18.6459,59.1796],[18.6443,59.1803],[18.652,59.189],[18.6535,59.1889],[18.6561,59.1911],[18.6548,59.1928],[18.651,59.1911],[18.6524,59.1892],[18.6485,59.1892],[18.6398,59.1852],[18.6231,59.1679],[18.624,59.1656],[18.6363,59.1677],[18.6386,59.1717],[18.6399,59.1706],[18.6454,59.1741],[18.651,59.1749],[18.6514,59.1782],[18.6402,59.1752],[18.6367,59.1756],[18.6511,59.1803]]],[[[18.7099,59.2138],[18.7066,59.2146],[18.7006,59.2134],[18.6857,59.2069],[18.6921,59.2066],[18.6764,59.1982],[18.6685,59.1883],[18.654,59.1806],[18.6566,59.1794],[18.6536,59.1747],[18.6576,59.1743],[18.6551,59.1728],[18.6613,59.1726],[18.6637,59.1739],[18.6621,59.175],[18.6765,59.1797],[18.679,59.1784],[18.6777,59.1805],[18.6828,59.1808],[18.6815,59.1787],[18.6869,59.1808],[18.6895,59.1798],[18.6934,59.1831],[18.7151,59.1899],[18.7173,59.1935],[18.7209,59.1898],[18.7266,59.1893],[18.7243,59.1872],[18.727,59.1874],[18.7331,59.1908],[18.7315,59.1935],[18.7345,59.1948],[18.7338,59.1965],[18.7372,59.1971],[18.7371,59.1959],[18.7447,59.1996],[18.7521,59.2057],[18.7507,59.2085],[18.7424,59.2095],[18.736,59.209],[18.7346,59.2073],[18.7256,59.2085],[18.7104,59.2012],[18.713,59.2038],[18.7106,59.2061],[18.7114,59.2109],[18.7152,59.2089],[18.7161,59.21],[18.7121,59.2141],[18.7111,59.2127],[18.7099,59.2138]]],[[[18.7244,59.2694],[18.7256,59.2747],[18.7227,59.2734],[18.7138,59.2571],[18.7167,59.2531],[18.7202,59.2533],[18.7207,59.2558],[18.7257,59.2565],[18.7285,59.2595],[18.7405,59.2587],[18.7396,59.2608],[18.7348,59.2622],[18.7329,59.2639],[18.7228,59.2591],[18.7256,59.2637],[18.7281,59.2627],[18.731,59.2742],[18.7244,59.2694]]],[[[18.4384,59.2928],[18.4347,59.2933],[18.4316,59.2913],[18.4342,59.2895],[18.4331,59.2866],[18.4242,59.2897],[18.416,59.2887],[18.4104,59.2898],[18.3764,59.2897],[18.3715,59.2878],[18.3507,59.2929],[18.3437,59.2932],[18.3345,59.2914],[18.3338,59.2862],[18.3286,59.2847],[18.3522,59.2735],[18.3583,59.2723],[18.3646,59.2737],[18.3665,59.276],[18.3702,59.2751],[18.3702,59.2764],[18.3769,59.273],[18.3812,59.2749],[18.3927,59.2724],[18.3965,59.2774],[18.3975,59.2752],[18.3917,59.2708],[18.3956,59.2684],[18.3933,59.2673],[18.397,59.2655],[18.3982,59.2667],[18.4006,59.2659],[18.4006,59.2636],[18.4134,59.2575],[18.4254,59.2445],[18.4294,59.2432],[18.432,59.2439],[18.4459,59.2366],[18.4504,59.2373],[18.4491,59.2418],[18.4569,59.2411],[18.4759,59.2293],[18.4798,59.2254],[18.4771,59.2253],[18.478,59.2227],[18.4813,59.2227],[18.4934,59.2155],[18.4993,59.2143],[18.4969,59.2183],[18.5002,59.2202],[18.5092,59.2145],[18.5142,59.2149],[18.5172,59.2115],[18.5188,59.2133],[18.5238,59.2131],[18.523,59.215],[18.5281,59.2158],[18.527,59.2168],[18.5331,59.2196],[18.5395,59.2201],[18.5409,59.2222],[18.5368,59.2244],[18.5461,59.2197],[18.5493,59.2215],[18.5548,59.2201],[18.5533,59.223],[18.5595,59.2196],[18.5614,59.2207],[18.5583,59.2236],[18.5604,59.2236],[18.559,59.2281],[18.5663,59.2251],[18.5662,59.2225],[18.5616,59.2224],[18.5655,59.2198],[18.5685,59.2196],[18.5694,59.2216],[18.5765,59.2213],[18.5821,59.224],[18.582,59.2277],[18.5791,59.2273],[18.5791,59.2303],[18.5745,59.231],[18.5754,59.2326],[18.571,59.2351],[18.557,59.238],[18.5485,59.2372],[18.5451,59.2408],[18.5498,59.2398],[18.5508,59.2413],[18.5671,59.2373],[18.5741,59.239],[18.5761,59.2373],[18.5824,59.2364],[18.5763,59.24],[18.5745,59.2437],[18.5828,59.2418],[18.5835,59.2447],[18.5911,59.2475],[18.5941,59.2474],[18.5946,59.2446],[18.5985,59.2438],[18.5984,59.2459],[18.6025,59.2478],[18.6092,59.2427],[18.6121,59.2442],[18.6111,59.2458],[18.617,59.2428],[18.6199,59.2442],[18.618,59.2448],[18.6204,59.2452],[18.6207,59.2478],[18.6122,59.2509],[18.6059,59.2496],[18.6026,59.2505],[18.6012,59.2487],[18.5957,59.2491],[18.5959,59.252],[18.5929,59.2536],[18.5824,59.2553],[18.5759,59.2541],[18.5699,59.2548],[18.5721,59.2569],[18.5755,59.2564],[18.575,59.2579],[18.5613,59.2613],[18.5593,59.2599],[18.5506,59.2614],[18.5524,59.2638],[18.5401,59.2685],[18.5217,59.2721],[18.5141,59.2705],[18.5177,59.2721],[18.5168,59.2732],[18.5095,59.2741],[18.5237,59.273],[18.5246,59.274],[18.5091,59.2795],[18.4986,59.2861],[18.4877,59.2865],[18.4858,59.2883],[18.4746,59.2903],[18.4571,59.2903],[18.4384,59.2928]]],[[[18.4642,59.2974],[18.4489,59.2989],[18.4485,59.2973],[18.4429,59.2973],[18.4414,59.2955],[18.4473,59.2934],[18.4733,59.2927],[18.4879,59.2897],[18.4845,59.2928],[18.4642,59.2974]]],[[[18.7023,59.2991],[18.6991,59.2992],[18.6952,59.2964],[18.6879,59.2968],[18.686,59.2945],[18.6877,59.2928],[18.6829,59.2919],[18.6706,59.2915],[18.6672,59.2933],[18.6579,59.2901],[18.6509,59.292],[18.6461,59.2874],[18.6374,59.2858],[18.6327,59.2823],[18.6284,59.283],[18.6319,59.2846],[18.6322,59.2873],[18.63,59.2877],[18.6142,59.2852],[18.6128,59.2865],[18.6011,59.2865],[18.5769,59.2835],[18.555,59.286],[18.53,59.2852],[18.5478,59.2808],[18.5654,59.2814],[18.5624,59.2786],[18.5364,59.2811],[18.534,59.2798],[18.5415,59.2751],[18.5359,59.2747],[18.5439,59.2712],[18.5569,59.2706],[18.5602,59.2687],[18.5664,59.2694],[18.5703,59.2675],[18.5817,59.2714],[18.5809,59.2725],[18.5743,59.2725],[18.5738,59.2736],[18.5798,59.275],[18.5703,59.2763],[18.5713,59.2777],[18.5916,59.2832],[18.6063,59.2819],[18.6055,59.2798],[18.608,59.2802],[18.6061,59.2786],[18.5954,59.2736],[18.5894,59.2728],[18.5892,59.2699],[18.5887,59.2716],[18.5817,59.2724],[18.5848,59.2695],[18.5808,59.2652],[18.5828,59.2639],[18.5763,59.2626],[18.5672,59.2669],[18.562,59.2672],[18.5629,59.2648],[18.5568,59.2677],[18.5526,59.2681],[18.5511,59.2668],[18.5599,59.263],[18.5944,59.2551],[18.6152,59.2558],[18.6131,59.2541],[18.6162,59.2531],[18.6256,59.2548],[18.6258,59.2528],[18.6208,59.2499],[18.6283,59.2469],[18.6403,59.2529],[18.6361,59.247],[18.6332,59.2477],[18.6324,59.2463],[18.643,59.246],[18.6502,59.2483],[18.6539,59.2515],[18.6576,59.2608],[18.6561,59.2621],[18.6528,59.2608],[18.6463,59.255],[18.6447,59.2555],[18.6503,59.2612],[18.6429,59.257],[18.6405,59.2588],[18.6378,59.2576],[18.6316,59.2581],[18.6386,59.2624],[18.6457,59.2618],[18.6493,59.2639],[18.6517,59.2633],[18.653,59.2665],[18.6587,59.2662],[18.6658,59.2713],[18.6763,59.2744],[18.6786,59.2725],[18.6688,59.2687],[18.6654,59.2635],[18.6704,59.262],[18.7105,59.2788],[18.7011,59.2774],[18.7058,59.2814],[18.6978,59.2798],[18.6914,59.2806],[18.6856,59.2791],[18.684,59.276],[18.686,59.2768],[18.6858,59.2758],[18.682,59.2754],[18.6834,59.2787],[18.6776,59.2751],[18.6831,59.281],[18.6853,59.2798],[18.6911,59.2822],[18.696,59.2815],[18.7081,59.2893],[18.7038,59.2922],[18.701,59.2911],[18.6946,59.2921],[18.7023,59.2991]]],[[[18.7863,59.303],[18.7804,59.3011],[18.7785,59.2987],[18.7716,59.2983],[18.775,59.2979],[18.7753,59.2964],[18.763,59.2968],[18.7526,59.2933],[18.7343,59.2828],[18.7286,59.2761],[18.7306,59.2775],[18.7308,59.2754],[18.7365,59.2748],[18.7369,59.2713],[18.7333,59.2696],[18.735,59.2623],[18.7412,59.2611],[18.7472,59.2627],[18.744,59.2617],[18.7502,59.2604],[18.7484,59.2588],[18.7642,59.2531],[18.7829,59.2614],[18.7834,59.2647],[18.7789,59.2667],[18.7823,59.2671],[18.7865,59.2644],[18.7883,59.2654],[18.7855,59.27],[18.8013,59.2794],[18.8039,59.2848],[18.8065,59.2846],[18.806,59.2824],[18.8138,59.2826],[18.8129,59.2878],[18.8191,59.2903],[18.8135,59.2925],[18.8118,59.29],[18.8071,59.2907],[18.7996,59.2948],[18.7927,59.2929],[18.7901,59.2962],[18.7819,59.2964],[18.7806,59.2951],[18.7799,59.2973],[18.79,59.2991],[18.79,59.3026],[18.7863,59.303]]],[[[18.892,59.341],[18.892,59.3423],[18.8864,59.3397],[18.8812,59.3392],[18.8776,59.3367],[18.8802,59.3348],[18.8777,59.3333],[18.8744,59.3338],[18.8749,59.3316],[18.8698,59.3316],[18.8727,59.3262],[18.867,59.327],[18.8634,59.3255],[18.8641,59.3228],[18.8675,59.3226],[18.861,59.3205],[18.8616,59.3187],[18.8728,59.3195],[18.8917,59.3252],[18.8848,59.3257],[18.8961,59.3306],[18.8947,59.3348],[18.8981,59.3354],[18.9,59.3328],[18.9044,59.3365],[18.8974,59.3407],[18.8982,59.3383],[18.8933,59.3385],[18.8956,59.3396],[18.892,59.341]]],[[[18.9117,59.3586],[18.8995,59.3567],[18.8998,59.3541],[18.8939,59.3547],[18.8977,59.3521],[18.8916,59.351],[18.893,59.3477],[18.8844,59.3505],[18.8837,59.3533],[18.8797,59.354],[18.8788,59.3523],[18.8762,59.3528],[18.8773,59.3505],[18.8744,59.35],[18.8729,59.346],[18.8784,59.3461],[18.87,59.3418],[18.876,59.3397],[18.8741,59.338],[18.8823,59.3394],[18.8829,59.3414],[18.8786,59.3406],[18.895,59.3459],[18.9089,59.3468],[18.9114,59.3449],[18.9122,59.3465],[18.9226,59.3484],[18.9205,59.3514],[18.9093,59.3499],[18.9171,59.3539],[18.9082,59.3554],[18.9117,59.356],[18.9117,59.3586]]],[[[18.8842,59.3669],[18.8908,59.3684],[18.8945,59.3739],[18.8849,59.3755],[18.8763,59.3739],[18.8772,59.3653],[18.8842,59.3669]]],[[[18.6758,59.3763],[18.6601,59.3736],[18.6533,59.3744],[18.6377,59.3726],[18.6347,59.3739],[18.6243,59.3722],[18.6335,59.3675],[18.639,59.3679],[18.6422,59.3698],[18.6451,59.3687],[18.6443,59.3659],[18.6513,59.3635],[18.6464,59.3648],[18.6429,59.3627],[18.6493,59.3607],[18.6481,59.358],[18.6511,59.3592],[18.652,59.3522],[18.6574,59.3497],[18.6578,59.3514],[18.6641,59.3506],[18.6638,59.3475],[18.6677,59.3476],[18.6705,59.3441],[18.674,59.3444],[18.6774,59.3396],[18.6863,59.3362],[18.6901,59.33],[18.6971,59.3296],[18.7097,59.3269],[18.71,59.3314],[18.7074,59.3319],[18.709,59.3301],[18.7034,59.3318],[18.7054,59.3345],[18.7079,59.3342],[18.7095,59.3407],[18.7127,59.3418],[18.7108,59.3365],[18.7142,59.3285],[18.7109,59.3275],[18.7211,59.3242],[18.7162,59.3181],[18.7255,59.3202],[18.7223,59.3171],[18.7128,59.314],[18.7164,59.317],[18.7154,59.3172],[18.7158,59.3215],[18.7124,59.3235],[18.6965,59.3291],[18.6844,59.3296],[18.681,59.3276],[18.6784,59.3286],[18.682,59.3214],[18.6931,59.3148],[18.6971,59.3144],[18.6909,59.3104],[18.6874,59.3143],[18.6864,59.3132],[18.6818,59.3135],[18.6844,59.3111],[18.6801,59.3097],[18.6749,59.3149],[18.6728,59.3122],[18.675,59.3091],[18.6663,59.2979],[18.6679,59.2951],[18.6836,59.303],[18.6894,59.3086],[18.6882,59.3037],[18.7015,59.3086],[18.7076,59.3086],[18.7048,59.3072],[18.7062,59.3051],[18.7098,59.3067],[18.7131,59.306],[18.7212,59.3105],[18.724,59.3154],[18.7339,59.3191],[18.7333,59.3219],[18.7347,59.3209],[18.7362,59.3218],[18.7346,59.3158],[18.7395,59.318],[18.7424,59.3235],[18.749,59.3273],[18.7413,59.3319],[18.7497,59.3308],[18.7361,59.3382],[18.7393,59.3392],[18.7368,59.3406],[18.7386,59.3419],[18.7433,59.3415],[18.7454,59.3433],[18.7436,59.3435],[18.7456,59.3488],[18.7442,59.3501],[18.7414,59.3495],[18.7414,59.3531],[18.7386,59.3547],[18.739,59.3478],[18.7353,59.3524],[18.7305,59.3522],[18.7294,59.3394],[18.7416,59.3289],[18.7375,59.332],[18.7358,59.3295],[18.7362,59.332],[18.7285,59.3363],[18.7292,59.3385],[18.7275,59.3397],[18.7248,59.339],[18.7247,59.3423],[18.7289,59.3466],[18.7283,59.3551],[18.7221,59.3616],[18.7173,59.3627],[18.7203,59.3635],[18.7176,59.3694],[18.7053,59.3694],[18.704,59.373],[18.7003,59.3733],[18.7004,59.3715],[18.6953,59.3739],[18.6936,59.3711],[18.6917,59.3724],[18.6866,59.3722],[18.6928,59.3706],[18.6924,59.3677],[18.6852,59.3697],[18.6785,59.3684],[18.68,59.3756],[18.6758,59.3763]]],[[[18.9563,59.3764],[18.9462,59.3729],[18.9476,59.3689],[18.946,59.3703],[18.9432,59.3698],[18.943,59.3718],[18.9413,59.3712],[18.9384,59.3633],[18.9412,59.3628],[18.9384,59.3595],[18.9409,59.3532],[18.9449,59.356],[18.952,59.3554],[18.9542,59.3578],[18.9535,59.3614],[18.9506,59.3618],[18.9521,59.3637],[18.9571,59.363],[18.9588,59.3657],[18.9561,59.3666],[18.9604,59.3696],[18.9596,59.3716],[18.9561,59.3722],[18.9563,59.3764]]],[[[18.3962,59.3891],[18.3934,59.3905],[18.3954,59.3863],[18.4077,59.3826],[18.4085,59.3788],[18.4167,59.3773],[18.4169,59.3794],[18.4126,59.3808],[18.422,59.3812],[18.4192,59.3843],[18.4153,59.385],[18.4168,59.386],[18.4129,59.3858],[18.4115,59.3878],[18.4023,59.39],[18.398,59.3901],[18.3982,59.3883],[18.3962,59.3891]]],[[[18.1185,59.3914],[18.1158,59.3913],[18.1174,59.3893],[18.1076,59.3911],[18.098,59.3892],[18.1006,59.387],[18.0951,59.3855],[18.0937,59.3823],[18.1014,59.3774],[18.1107,59.3746],[18.1164,59.369],[18.1199,59.3693],[18.1144,59.3681],[18.1138,59.3653],[18.1193,59.3587],[18.1427,59.3459],[18.1493,59.3435],[18.1629,59.3422],[18.1662,59.3391],[18.172,59.3384],[18.1733,59.3399],[18.1795,59.3388],[18.1909,59.3403],[18.2056,59.3386],[18.2115,59.3416],[18.2088,59.3431],[18.211,59.3419],[18.2135,59.3441],[18.2189,59.3441],[18.2247,59.3466],[18.2222,59.3477],[18.2245,59.3492],[18.2268,59.3491],[18.2259,59.3478],[18.2314,59.3497],[18.2334,59.3517],[18.2313,59.3538],[18.2344,59.353],[18.2355,59.3563],[18.2313,59.3608],[18.2259,59.361],[18.2234,59.3627],[18.2033,59.3623],[18.1805,59.3636],[18.1639,59.3678],[18.1577,59.3673],[18.1589,59.3695],[18.1861,59.3651],[18.1888,59.3632],[18.1939,59.3656],[18.2102,59.3648],[18.2119,59.3657],[18.2099,59.3666],[18.218,59.3677],[18.226,59.3646],[18.2452,59.3631],[18.2571,59.3637],[18.2539,59.3665],[18.257,59.3674],[18.2567,59.371],[18.2512,59.3754],[18.2481,59.3742],[18.2328,59.3774],[18.2303,59.3761],[18.2196,59.3762],[18.212,59.3798],[18.2082,59.3791],[18.1994,59.3807],[18.2036,59.3767],[18.1886,59.3773],[18.1939,59.3816],[18.1825,59.3838],[18.1773,59.3825],[18.1711,59.3849],[18.1659,59.3844],[18.1677,59.3805],[18.1722,59.3787],[18.1686,59.3783],[18.1567,59.3811],[18.1556,59.3831],[18.1491,59.3843],[18.1424,59.3892],[18.1185,59.3914]]],[[[18.3695,59.394],[18.3646,59.3919],[18.3623,59.3927],[18.3683,59.3888],[18.361,59.3893],[18.3619,59.3861],[18.3467,59.3891],[18.3422,59.3891],[18.3424,59.387],[18.3446,59.386],[18.3489,59.3869],[18.3504,59.3854],[18.3585,59.3841],[18.3559,59.3833],[18.358,59.3823],[18.3713,59.3813],[18.3829,59.3761],[18.3873,59.3772],[18.3886,59.3755],[18.3844,59.3745],[18.3862,59.3727],[18.3941,59.3721],[18.3965,59.3693],[18.4113,59.3651],[18.4166,59.365],[18.4251,59.3615],[18.4318,59.3613],[18.4315,59.3631],[18.4337,59.3633],[18.4314,59.3654],[18.4238,59.3658],[18.4224,59.3686],[18.3952,59.3819],[18.3873,59.3877],[18.3789,59.39],[18.3689,59.3867],[18.3795,59.3909],[18.3695,59.394]]],[[[18.8193,59.402],[18.8145,59.4023],[18.8134,59.4],[18.8095,59.4007],[18.8147,59.3949],[18.8134,59.3935],[18.8098,59.3988],[18.807,59.4001],[18.8048,59.3993],[18.8056,59.3916],[18.8176,59.3848],[18.8208,59.3903],[18.8188,59.3925],[18.8212,59.3923],[18.8259,59.3893],[18.824,59.3864],[18.8288,59.3849],[18.828,59.3879],[18.8311,59.3877],[18.8319,59.3925],[18.8288,59.3938],[18.8261,59.3922],[18.8267,59.3977],[18.8238,59.3997],[18.8217,59.3966],[18.8193,59.402]]],[[[18.369,59.4075],[18.3629,59.4068],[18.3632,59.4043],[18.3717,59.4014],[18.3729,59.3987],[18.3802,59.3952],[18.3881,59.3935],[18.4142,59.3904],[18.434,59.3909],[18.4366,59.3917],[18.4344,59.3928],[18.4401,59.3927],[18.4395,59.3975],[18.431,59.4012],[18.4238,59.4014],[18.4228,59.3997],[18.4187,59.4026],[18.4124,59.4036],[18.4037,59.4029],[18.4005,59.4047],[18.3923,59.4034],[18.3779,59.4071],[18.3752,59.4057],[18.369,59.4075]]],[[[18.9264,59.4092],[18.9159,59.4082],[18.913,59.4055],[18.9116,59.4074],[18.9045,59.4083],[18.8999,59.4044],[18.9068,59.4016],[18.9056,59.3901],[18.9114,59.3822],[18.9164,59.3804],[18.9201,59.3814],[18.9194,59.3851],[18.9165,59.3858],[18.919,59.3875],[18.917,59.3959],[18.919,59.3945],[18.9212,59.3852],[18.9255,59.3839],[18.9218,59.3797],[18.929,59.3767],[18.9346,59.3648],[18.9437,59.3739],[18.9548,59.379],[18.9489,59.3859],[18.9448,59.3868],[18.9444,59.3903],[18.9388,59.3903],[18.9417,59.3916],[18.9399,59.3921],[18.9363,59.3908],[18.94,59.3937],[18.9371,59.3924],[18.9382,59.3944],[18.9318,59.3936],[18.937,59.3979],[18.9325,59.4005],[18.9313,59.404],[18.9269,59.4041],[18.9286,59.4073],[18.9264,59.4092]]],[[[18.8621,59.4098],[18.8607,59.4082],[18.8641,59.4068],[18.8605,59.4066],[18.8584,59.4082],[18.8595,59.4067],[18.8561,59.4043],[18.8524,59.4031],[18.8491,59.405],[18.8441,59.4025],[18.8462,59.3999],[18.8503,59.3994],[18.846,59.3981],[18.8522,59.395],[18.8468,59.3954],[18.8478,59.3941],[18.8441,59.3942],[18.8457,59.3936],[18.8432,59.3923],[18.8464,59.389],[18.849,59.3891],[18.8479,59.387],[18.8512,59.3832],[18.8533,59.3851],[18.8564,59.3832],[18.8574,59.3867],[18.862,59.3841],[18.8613,59.386],[18.8675,59.3885],[18.8708,59.3946],[18.8665,59.3983],[18.8748,59.4029],[18.87,59.4045],[18.8677,59.4083],[18.8621,59.4098]]],[[[18.6667,59.4162],[18.6634,59.4151],[18.6649,59.4128],[18.6566,59.4151],[18.6505,59.4123],[18.6433,59.4135],[18.6395,59.4093],[18.6425,59.4076],[18.636,59.4073],[18.6338,59.4041],[18.6404,59.3998],[18.6377,59.3982],[18.6454,59.3961],[18.64,59.395],[18.6271,59.3964],[18.6238,59.3945],[18.6261,59.3932],[18.6205,59.3925],[18.6214,59.3916],[18.6329,59.3893],[18.6401,59.3907],[18.6534,59.3882],[18.6536,59.387],[18.6613,59.3886],[18.6671,59.3865],[18.6669,59.3845],[18.6707,59.3844],[18.6725,59.3852],[18.6678,59.3866],[18.6674,59.3891],[18.6535,59.3924],[18.6618,59.3921],[18.6657,59.3934],[18.6778,59.3919],[18.6835,59.3932],[18.6813,59.3904],[18.6855,59.3891],[18.7034,59.3969],[18.7057,59.3965],[18.7076,59.399],[18.7045,59.4008],[18.7001,59.3997],[18.7007,59.398],[18.6945,59.3981],[18.6954,59.4],[18.6987,59.4],[18.6938,59.4011],[18.6803,59.3975],[18.673,59.3984],[18.662,59.3971],[18.6518,59.3985],[18.6503,59.4002],[18.6543,59.4022],[18.6464,59.4022],[18.6448,59.4041],[18.642,59.4022],[18.647,59.4058],[18.6494,59.4037],[18.6559,59.4038],[18.655,59.4065],[18.6489,59.408],[18.656,59.4105],[18.6618,59.4095],[18.6697,59.4118],[18.6709,59.413],[18.6667,59.4162]]],[[[18.3755,59.4166],[18.3688,59.4119],[18.369,59.4097],[18.364,59.4094],[18.3939,59.4062],[18.3958,59.4083],[18.3997,59.4087],[18.4004,59.4069],[18.4053,59.4072],[18.4101,59.4101],[18.3953,59.4155],[18.3917,59.4157],[18.3901,59.4133],[18.3848,59.4135],[18.3809,59.4162],[18.3755,59.4166]]],[[[18.6741,59.4202],[18.6701,59.4181],[18.6714,59.4154],[18.6812,59.4152],[18.6744,59.4133],[18.6777,59.4107],[18.6808,59.4121],[18.6965,59.4107],[18.7034,59.4126],[18.6991,59.4162],[18.6885,59.4161],[18.6741,59.4202]]],[[[18.5551,59.4201],[18.5563,59.4177],[18.5487,59.4193],[18.548,59.4177],[18.5553,59.4152],[18.5575,59.412],[18.5474,59.4118],[18.5478,59.4091],[18.5565,59.4061],[18.5635,59.4053],[18.5743,59.4064],[18.5805,59.4042],[18.5809,59.4066],[18.5677,59.4151],[18.5551,59.4201]]],[[[18.9548,59.4228],[18.9471,59.4186],[18.9474,59.422],[18.9392,59.4213],[18.9343,59.4187],[18.9416,59.4192],[18.9334,59.4164],[18.9369,59.4129],[18.935,59.4089],[18.9411,59.3969],[18.9423,59.3961],[18.9478,59.3987],[18.949,59.3965],[18.953,59.3977],[18.9457,59.3937],[18.9467,59.3917],[18.958,59.3979],[18.9587,59.4002],[18.9619,59.3997],[18.9643,59.4012],[18.9619,59.4015],[18.9631,59.4041],[18.9564,59.404],[18.9584,59.4071],[18.9562,59.4083],[18.9604,59.4066],[18.9618,59.4075],[18.9641,59.4053],[18.973,59.408],[18.9731,59.4062],[18.9778,59.4084],[18.9765,59.4102],[18.9746,59.4097],[18.9772,59.4118],[18.9769,59.4173],[18.9743,59.4155],[18.9699,59.4176],[18.967,59.4176],[18.9663,59.4152],[18.9655,59.4173],[18.9607,59.4162],[18.9584,59.4184],[18.9606,59.4202],[18.9533,59.4201],[18.9566,59.4225],[18.9548,59.4228]]],[[[18.4282,59.4241],[18.4171,59.4241],[18.4179,59.4206],[18.4144,59.4203],[18.4226,59.4185],[18.4305,59.414],[18.4363,59.4133],[18.429,59.4118],[18.4333,59.4114],[18.4348,59.4068],[18.4435,59.4069],[18.4357,59.4032],[18.4371,59.4016],[18.4548,59.3947],[18.4611,59.3893],[18.4645,59.3902],[18.476,59.3862],[18.4794,59.3877],[18.4787,59.3935],[18.4833,59.3916],[18.4801,59.3851],[18.4978,59.3795],[18.479,59.3833],[18.4726,59.3861],[18.4646,59.3868],[18.4614,59.3853],[18.4615,59.3874],[18.4552,59.3883],[18.4571,59.3897],[18.4514,59.3921],[18.4537,59.3881],[18.4499,59.3845],[18.4559,59.3817],[18.4563,59.3775],[18.4619,59.3755],[18.4631,59.3727],[18.4787,59.3677],[18.4677,59.3699],[18.4584,59.3737],[18.4557,59.3733],[18.4589,59.3668],[18.4563,59.3676],[18.4522,59.3619],[18.4585,59.3592],[18.4584,59.3547],[18.4621,59.3514],[18.468,59.3498],[18.4645,59.3491],[18.4689,59.3469],[18.468,59.344],[18.4831,59.335],[18.4758,59.3346],[18.4769,59.3321],[18.4734,59.3312],[18.4809,59.3249],[18.466,59.3212],[18.4605,59.3143],[18.4585,59.3178],[18.4547,59.3184],[18.458,59.3212],[18.451,59.3245],[18.4414,59.3244],[18.4438,59.3211],[18.4422,59.3189],[18.4377,59.3248],[18.429,59.3257],[18.4287,59.3268],[18.4402,59.3267],[18.4409,59.3279],[18.4369,59.3288],[18.4424,59.3284],[18.4432,59.3334],[18.453,59.33],[18.4529,59.3346],[18.4169,59.349],[18.4121,59.3492],[18.4111,59.3507],[18.4257,59.3482],[18.4098,59.3557],[18.4099,59.3571],[18.3954,59.3606],[18.3973,59.3596],[18.3852,59.3608],[18.3941,59.3548],[18.4074,59.3507],[18.4061,59.3499],[18.3711,59.3594],[18.3742,59.3541],[18.3834,59.3492],[18.3787,59.3499],[18.3605,59.3607],[18.3578,59.3599],[18.3516,59.3637],[18.3412,59.3633],[18.3484,59.3566],[18.3408,59.3594],[18.3407,59.3576],[18.324,59.3567],[18.3232,59.3554],[18.3275,59.3539],[18.3215,59.3547],[18.3202,59.3536],[18.3249,59.3471],[18.3206,59.349],[18.3098,59.3605],[18.3021,59.3608],[18.2934,59.3572],[18.2885,59.3597],[18.2814,59.3598],[18.2625,59.3557],[18.2587,59.3529],[18.2686,59.352],[18.2573,59.3493],[18.2626,59.3481],[18.263,59.346],[18.2508,59.3486],[18.2504,59.3471],[18.2463,59.3469],[18.245,59.3485],[18.2413,59.3484],[18.2248,59.3405],[18.2254,59.335],[18.2223,59.3352],[18.2184,59.3301],[18.2258,59.3181],[18.2203,59.3085],[18.2278,59.3033],[18.2267,59.301],[18.2448,59.3006],[18.2538,59.299],[18.2556,59.3005],[18.2581,59.2995],[18.2654,59.3009],[18.268,59.2994],[18.2754,59.2993],[18.2788,59.3021],[18.288,59.3037],[18.2925,59.308],[18.2984,59.3096],[18.3044,59.3139],[18.3137,59.3241],[18.3102,59.3298],[18.2988,59.335],[18.3069,59.3332],[18.3126,59.3288],[18.3155,59.3291],[18.327,59.3234],[18.3314,59.3237],[18.3299,59.322],[18.3339,59.3197],[18.3561,59.323],[18.3587,59.325],[18.3541,59.3263],[18.3563,59.327],[18.3849,59.3261],[18.3801,59.3235],[18.3766,59.3245],[18.374,59.3219],[18.3702,59.324],[18.3637,59.3221],[18.3647,59.3246],[18.3597,59.3243],[18.3569,59.3212],[18.3489,59.3199],[18.3434,59.3157],[18.3543,59.3121],[18.3436,59.3105],[18.3508,59.3082],[18.3437,59.3067],[18.3475,59.3047],[18.3428,59.3033],[18.3426,59.2997],[18.3469,59.2985],[18.3447,59.2956],[18.3516,59.2951],[18.3557,59.2923],[18.3644,59.2907],[18.3719,59.2915],[18.3739,59.2901],[18.3857,59.2919],[18.3923,59.2901],[18.4307,59.29],[18.4276,59.293],[18.4201,59.2939],[18.4207,59.2961],[18.4134,59.2974],[18.4145,59.2998],[18.4271,59.3008],[18.4263,59.3028],[18.4312,59.3055],[18.4276,59.3074],[18.4328,59.3089],[18.4431,59.3088],[18.4439,59.3115],[18.4483,59.3127],[18.4574,59.3124],[18.4562,59.3097],[18.4649,59.3098],[18.4634,59.3076],[18.4561,59.3084],[18.4508,59.3073],[18.449,59.3032],[18.4556,59.3023],[18.4565,59.3003],[18.475,59.2957],[18.4844,59.2956],[18.4945,59.2903],[18.5059,59.2878],[18.501,59.2922],[18.4926,59.2944],[18.4977,59.2954],[18.5087,59.2876],[18.5182,59.2866],[18.5789,59.2867],[18.5848,59.2892],[18.5884,59.2878],[18.591,59.2894],[18.5908,59.2879],[18.5993,59.2898],[18.6124,59.2896],[18.627,59.2939],[18.6334,59.301],[18.6365,59.2996],[18.6327,59.2981],[18.6303,59.2927],[18.6399,59.2951],[18.6462,59.295],[18.6489,59.3011],[18.65,59.2977],[18.6558,59.3014],[18.6565,59.2995],[18.6599,59.3004],[18.6663,59.3101],[18.662,59.3091],[18.6668,59.3138],[18.6632,59.3154],[18.6604,59.3141],[18.6555,59.3149],[18.6552,59.3107],[18.6484,59.306],[18.6508,59.3131],[18.6501,59.3163],[18.6468,59.3173],[18.6489,59.3191],[18.6461,59.3202],[18.6509,59.3247],[18.6472,59.3287],[18.65,59.3335],[18.647,59.3348],[18.6458,59.3332],[18.6446,59.3391],[18.6313,59.3448],[18.6267,59.3449],[18.6315,59.3417],[18.6325,59.3371],[18.6268,59.3284],[18.6226,59.3272],[18.6201,59.3286],[18.6279,59.3363],[18.6248,59.337],[18.625,59.3398],[18.6107,59.3432],[18.6113,59.3447],[18.6047,59.3465],[18.6047,59.348],[18.6005,59.3472],[18.5975,59.3487],[18.5903,59.3482],[18.5836,59.3498],[18.581,59.3485],[18.5834,59.3467],[18.5821,59.3445],[18.5696,59.3438],[18.5662,59.3409],[18.562,59.3462],[18.5639,59.35],[18.572,59.3509],[18.555,59.3533],[18.5492,59.3526],[18.5444,59.354],[18.5476,59.3546],[18.544,59.3566],[18.5392,59.3574],[18.5347,59.3561],[18.5303,59.3576],[18.5355,59.3556],[18.5351,59.353],[18.5302,59.3535],[18.5296,59.3526],[18.5201,59.3511],[18.512,59.3526],[18.5105,59.3504],[18.5047,59.3536],[18.5021,59.3518],[18.4977,59.3517],[18.4981,59.3505],[18.4934,59.3507],[18.4986,59.3557],[18.5057,59.3567],[18.513,59.3563],[18.5095,59.3543],[18.5161,59.3521],[18.5265,59.3524],[18.5251,59.3553],[18.5271,59.3569],[18.5214,59.3579],[18.5197,59.3616],[18.5363,59.358],[18.5409,59.3584],[18.5697,59.3537],[18.5879,59.3549],[18.5916,59.3512],[18.5947,59.3508],[18.5981,59.3509],[18.5942,59.3522],[18.5982,59.353],[18.6053,59.3514],[18.607,59.3531],[18.6212,59.3531],[18.6247,59.3544],[18.6268,59.3537],[18.6247,59.3528],[18.6294,59.3512],[18.6486,59.3495],[18.6459,59.3543],[18.6343,59.357],[18.6393,59.3578],[18.6294,59.363],[18.6308,59.3659],[18.627,59.3689],[18.6176,59.3704],[18.6021,59.3702],[18.5977,59.3682],[18.6027,59.3661],[18.6002,59.3661],[18.5993,59.3635],[18.5949,59.363],[18.5947,59.3617],[18.5872,59.3631],[18.5796,59.3617],[18.5768,59.3634],[18.5669,59.3611],[18.5549,59.3611],[18.5701,59.3635],[18.5749,59.3664],[18.585,59.3682],[18.5888,59.3695],[18.5885,59.3718],[18.5829,59.3741],[18.5834,59.3729],[18.5782,59.3722],[18.5755,59.3744],[18.5778,59.376],[18.5641,59.3747],[18.561,59.3757],[18.5571,59.3744],[18.5447,59.3782],[18.5371,59.3827],[18.5332,59.3826],[18.5331,59.3846],[18.5284,59.3819],[18.5257,59.3843],[18.5376,59.3885],[18.5353,59.3958],[18.5272,59.3956],[18.5215,59.3937],[18.5172,59.3897],[18.5109,59.3887],[18.5195,59.3937],[18.5247,59.4032],[18.5098,59.4097],[18.5052,59.4075],[18.5051,59.412],[18.4935,59.4129],[18.4926,59.415],[18.4865,59.4159],[18.4864,59.4191],[18.4827,59.4207],[18.4798,59.4199],[18.4716,59.4218],[18.4666,59.4184],[18.4602,59.4203],[18.4557,59.4179],[18.4492,59.4179],[18.4498,59.414],[18.4444,59.4157],[18.4404,59.4204],[18.4436,59.4218],[18.4325,59.4219],[18.4282,59.4241]]],[[[18.323,59.4431],[18.3177,59.4451],[18.3185,59.4413],[18.3135,59.4415],[18.306,59.4367],[18.3033,59.4374],[18.3002,59.4361],[18.3096,59.434],[18.3075,59.4321],[18.3134,59.4294],[18.3039,59.4305],[18.3038,59.4282],[18.2964,59.4268],[18.3163,59.4216],[18.3013,59.4202],[18.3034,59.4173],[18.3151,59.4171],[18.3313,59.4201],[18.3304,59.4214],[18.3437,59.4263],[18.352,59.426],[18.3506,59.4241],[18.3582,59.4259],[18.3582,59.4296],[18.3475,59.4351],[18.3436,59.4354],[18.3395,59.4382],[18.3344,59.4378],[18.3302,59.4421],[18.323,59.4431]]],[[[18.8798,59.4023],[18.8834,59.4013],[18.8834,59.4064],[18.8873,59.4044],[18.8949,59.4107],[18.8971,59.4116],[18.8978,59.4104],[18.9056,59.4156],[18.912,59.4173],[18.9103,59.4226],[18.8985,59.4142],[18.9056,59.4206],[18.9056,59.4234],[18.9143,59.426],[18.9106,59.4293],[18.9183,59.4297],[18.9299,59.4397],[18.9238,59.4432],[18.92,59.4399],[18.921,59.4428],[18.9148,59.4445],[18.9237,59.4463],[18.923,59.4476],[18.9135,59.4474],[18.9106,59.4455],[18.9014,59.4463],[18.8911,59.4446],[18.8909,59.4426],[18.8803,59.4432],[18.8764,59.4399],[18.8699,59.4413],[18.8621,59.4386],[18.8521,59.4296],[18.8526,59.4273],[18.8574,59.4273],[18.8513,59.4228],[18.854,59.4162],[18.8579,59.4149],[18.8569,59.4131],[18.8698,59.4086],[18.8725,59.4052],[18.8798,59.4023]]],[[[18.7273,59.4642],[18.7208,59.4621],[18.7111,59.4629],[18.7068,59.4613],[18.7115,59.4609],[18.7076,59.4597],[18.7081,59.4583],[18.7016,59.456],[18.7002,59.4592],[18.6916,59.4575],[18.6907,59.4593],[18.6845,59.4603],[18.6649,59.4569],[18.6405,59.4478],[18.6436,59.4465],[18.6407,59.4446],[18.6424,59.4428],[18.6396,59.4382],[18.6484,59.4371],[18.6498,59.4388],[18.6577,59.4378],[18.6679,59.4396],[18.6723,59.4421],[18.6652,59.443],[18.671,59.4458],[18.6767,59.4456],[18.6793,59.4437],[18.6861,59.4462],[18.6894,59.4458],[18.6863,59.4453],[18.6883,59.4443],[18.6997,59.4479],[18.705,59.4471],[18.7073,59.45],[18.7024,59.4506],[18.7078,59.4529],[18.7219,59.4497],[18.724,59.4515],[18.7305,59.4504],[18.7329,59.4518],[18.7306,59.4532],[18.7362,59.4539],[18.7407,59.4573],[18.7384,59.4583],[18.7335,59.4564],[18.7322,59.4581],[18.7372,59.4601],[18.7314,59.4613],[18.7309,59.4637],[18.7273,59.4642]]],[[[18.6569,59.4659],[18.6661,59.4641],[18.6864,59.4737],[18.6629,59.4748],[18.6548,59.4739],[18.6541,59.4721],[18.6505,59.4733],[18.6349,59.4718],[18.6193,59.4685],[18.6173,59.4652],[18.6176,59.4639],[18.6218,59.4635],[18.6254,59.4664],[18.6374,59.4663],[18.6436,59.4681],[18.6511,59.4665],[18.6521,59.4642],[18.6569,59.4659]]],[[[18.7992,59.4837],[18.7932,59.482],[18.7948,59.4803],[18.7963,59.4809],[18.7963,59.4785],[18.7881,59.4777],[18.7929,59.4787],[18.7903,59.48],[18.785,59.4785],[18.7875,59.4772],[18.7851,59.4756],[18.7794,59.4754],[18.7824,59.4744],[18.7855,59.4753],[18.7858,59.4741],[18.7894,59.4752],[18.7899,59.4725],[18.7936,59.4715],[18.7905,59.4712],[18.7894,59.473],[18.7857,59.4718],[18.7805,59.4729],[18.7759,59.4769],[18.7805,59.4764],[18.7813,59.4811],[18.7759,59.4806],[18.7712,59.4838],[18.7694,59.4824],[18.7558,59.4811],[18.7493,59.4758],[18.7444,59.4787],[18.7379,59.4761],[18.7324,59.4771],[18.7315,59.4755],[18.7397,59.4721],[18.7326,59.4694],[18.7277,59.4703],[18.7342,59.4722],[18.7307,59.4739],[18.7202,59.4695],[18.7157,59.4726],[18.7056,59.4716],[18.7052,59.4698],[18.7091,59.4692],[18.7063,59.4669],[18.7326,59.4651],[18.7395,59.4693],[18.7518,59.4652],[18.7561,59.4668],[18.7581,59.4641],[18.77,59.4652],[18.7722,59.471],[18.7753,59.4703],[18.7713,59.465],[18.7885,59.4683],[18.7904,59.4701],[18.7938,59.4688],[18.7998,59.4726],[18.8064,59.4728],[18.801,59.4763],[18.8035,59.4793],[18.7984,59.4807],[18.7992,59.4837]]],[[[18.6346,59.5528],[18.6294,59.5523],[18.6092,59.543],[18.5972,59.5419],[18.597,59.539],[18.5906,59.5428],[18.5918,59.5419],[18.5869,59.5408],[18.5848,59.538],[18.5901,59.5357],[18.5831,59.5317],[18.5891,59.5289],[18.5816,59.5277],[18.5819,59.5256],[18.5651,59.5242],[18.5571,59.5206],[18.5568,59.5173],[18.5617,59.5151],[18.5528,59.5114],[18.5553,59.5093],[18.5538,59.5076],[18.5507,59.5084],[18.5503,59.5069],[18.5378,59.5028],[18.5383,59.498],[18.5468,59.4981],[18.5671,59.5043],[18.5617,59.5002],[18.5645,59.4998],[18.5581,59.4975],[18.5581,59.4947],[18.561,59.4941],[18.568,59.4953],[18.5743,59.5007],[18.5768,59.4998],[18.574,59.497],[18.5797,59.4987],[18.5848,59.498],[18.5767,59.495],[18.5754,59.4911],[18.5577,59.4934],[18.5524,59.491],[18.5516,59.4848],[18.557,59.4813],[18.5719,59.4802],[18.5658,59.4788],[18.5663,59.4777],[18.5545,59.4795],[18.5522,59.4812],[18.5543,59.4827],[18.5495,59.4841],[18.5487,59.4875],[18.5552,59.4953],[18.5536,59.4969],[18.5357,59.4962],[18.5295,59.4984],[18.5231,59.495],[18.5095,59.4926],[18.513,59.489],[18.5109,59.4897],[18.5078,59.4867],[18.5116,59.4817],[18.5077,59.4791],[18.5139,59.4756],[18.5177,59.4806],[18.5193,59.4766],[18.5175,59.4739],[18.5112,59.4722],[18.5115,59.4689],[18.5181,59.4668],[18.5253,59.4683],[18.5277,59.4673],[18.5186,59.4649],[18.5129,59.4673],[18.5132,59.4623],[18.5166,59.4628],[18.5213,59.4603],[18.5207,59.4586],[18.5277,59.4526],[18.5352,59.4545],[18.5381,59.4523],[18.5351,59.4509],[18.5376,59.4452],[18.5456,59.4425],[18.5434,59.4412],[18.5407,59.4421],[18.5425,59.4399],[18.5399,59.439],[18.5415,59.4373],[18.5459,59.4379],[18.5475,59.4358],[18.5472,59.4342],[18.5397,59.436],[18.5407,59.4319],[18.5559,59.4217],[18.559,59.4232],[18.556,59.4255],[18.5554,59.4318],[18.5521,59.4327],[18.5557,59.4362],[18.566,59.4385],[18.5661,59.4368],[18.5742,59.4342],[18.571,59.4312],[18.5843,59.4301],[18.5815,59.4407],[18.5855,59.442],[18.5852,59.444],[18.5784,59.4487],[18.5725,59.4482],[18.5657,59.4533],[18.5706,59.4511],[18.5765,59.4525],[18.5718,59.4595],[18.5738,59.46],[18.572,59.4633],[18.5752,59.4695],[18.57,59.4748],[18.578,59.47],[18.5813,59.47],[18.5775,59.4578],[18.5831,59.45],[18.5879,59.4493],[18.5942,59.4516],[18.5997,59.4565],[18.5958,59.458],[18.5995,59.46],[18.6023,59.4595],[18.605,59.4612],[18.6093,59.4595],[18.612,59.4605],[18.6091,59.4653],[18.6048,59.4648],[18.6031,59.4624],[18.599,59.4629],[18.606,59.467],[18.6064,59.4723],[18.5977,59.4754],[18.5917,59.4798],[18.5989,59.4791],[18.6003,59.4804],[18.5972,59.4819],[18.5926,59.4812],[18.5929,59.4853],[18.5816,59.4907],[18.5912,59.4884],[18.5958,59.4895],[18.6018,59.4842],[18.6063,59.4856],[18.607,59.4906],[18.6021,59.49],[18.5929,59.4965],[18.5993,59.4982],[18.6057,59.4954],[18.6064,59.4933],[18.615,59.4925],[18.6172,59.4905],[18.6215,59.4917],[18.6217,59.4881],[18.6285,59.485],[18.6263,59.4895],[18.6292,59.4913],[18.6282,59.4952],[18.6323,59.4951],[18.6397,59.5001],[18.6389,59.5026],[18.6348,59.5036],[18.6409,59.5055],[18.6476,59.5013],[18.6487,59.5032],[18.6523,59.503],[18.6617,59.5065],[18.6589,59.5093],[18.6549,59.5085],[18.6486,59.514],[18.6707,59.5159],[18.6765,59.5184],[18.6733,59.5211],[18.6634,59.5219],[18.6869,59.525],[18.6952,59.5284],[18.708,59.529],[18.7078,59.5303],[18.7185,59.5299],[18.7229,59.5314],[18.7298,59.53],[18.7308,59.5315],[18.7249,59.5315],[18.7264,59.5334],[18.7203,59.5352],[18.733,59.5327],[18.7368,59.535],[18.746,59.5332],[18.749,59.5348],[18.7449,59.5352],[18.7497,59.5382],[18.7515,59.5378],[18.7492,59.5358],[18.7523,59.5351],[18.7531,59.539],[18.7497,59.5384],[18.7507,59.5422],[18.7441,59.5433],[18.7354,59.5415],[18.7316,59.5391],[18.7267,59.54],[18.7192,59.5368],[18.7158,59.5383],[18.7136,59.5363],[18.7154,59.5343],[18.7096,59.5363],[18.7031,59.5359],[18.6929,59.5323],[18.6864,59.5328],[18.6725,59.5305],[18.674,59.533],[18.68,59.5345],[18.6825,59.5378],[18.686,59.5385],[18.6878,59.542],[18.6801,59.5449],[18.6705,59.545],[18.6683,59.5465],[18.664,59.5458],[18.6653,59.548],[18.6576,59.5482],[18.6574,59.5509],[18.6535,59.5522],[18.6346,59.5528]]],[[[18.8209,59.5542],[18.8113,59.554],[18.8056,59.5498],[18.8055,59.5512],[18.7992,59.5507],[18.795,59.5491],[18.7887,59.5491],[18.7866,59.5474],[18.7842,59.5483],[18.7574,59.5443],[18.7548,59.5415],[18.7532,59.5439],[18.7525,59.5406],[18.7562,59.5386],[18.7536,59.5361],[18.761,59.5368],[18.76,59.5382],[18.765,59.5396],[18.7631,59.5377],[18.7677,59.5354],[18.7762,59.5361],[18.7829,59.5414],[18.786,59.5406],[18.789,59.5421],[18.7941,59.5416],[18.8007,59.5432],[18.803,59.5422],[18.8,59.5393],[18.802,59.54],[18.8028,59.5373],[18.8095,59.5356],[18.809,59.539],[18.8055,59.539],[18.8058,59.54],[18.8137,59.54],[18.8186,59.5439],[18.8249,59.5422],[18.8298,59.5435],[18.8259,59.5443],[18.8315,59.5469],[18.832,59.548],[18.8285,59.5485],[18.8315,59.5513],[18.8269,59.5528],[18.8221,59.5524],[18.8209,59.5542]]],[[[18.672,59.5618],[18.6701,59.5636],[18.6672,59.5616],[18.6427,59.5613],[18.6346,59.5571],[18.6342,59.5545],[18.6588,59.5524],[18.6589,59.5558],[18.6683,59.5543],[18.6727,59.5593],[18.677,59.5586],[18.6852,59.5605],[18.6841,59.5622],[18.672,59.5618]]],[[[18.7739,59.5656],[18.755,59.5593],[18.7676,59.5545],[18.7739,59.5656]]],[[[18.8038,59.5685],[18.7943,59.5678],[18.7943,59.5652],[18.7883,59.5683],[18.7845,59.5663],[18.785,59.5628],[18.782,59.5642],[18.7825,59.562],[18.778,59.5615],[18.7824,59.56],[18.7808,59.5573],[18.7752,59.56],[18.7762,59.5588],[18.7715,59.5585],[18.7733,59.5565],[18.7843,59.5562],[18.7915,59.558],[18.796,59.5565],[18.7987,59.5585],[18.8065,59.56],[18.8055,59.5628],[18.8008,59.5633],[18.807,59.5663],[18.8038,59.5685]]],[[[18.7054,59.5714],[18.7046,59.574],[18.6878,59.5685],[18.6945,59.5672],[18.6934,59.5639],[18.7018,59.5627],[18.7104,59.5635],[18.7118,59.5672],[18.7146,59.5675],[18.7147,59.5658],[18.7167,59.5683],[18.7193,59.5678],[18.7177,59.5707],[18.707,59.5703],[18.7054,59.5714]]],[[[19.0509,59.5805],[19.038,59.5785],[19.0361,59.5797],[19.0283,59.5768],[19.0235,59.5792],[19.0198,59.5757],[19.0119,59.5757],[19.0294,59.5703],[19.0283,59.5672],[19.0235,59.5672],[19.0215,59.5648],[19.0136,59.5639],[19.0136,59.5613],[19.0235,59.5618],[19.0331,59.5667],[19.0465,59.5669],[19.0524,59.5644],[19.0575,59.5653],[19.0782,59.5753],[19.0777,59.5764],[19.0732,59.5754],[19.0706,59.5804],[19.0579,59.5763],[19.0509,59.5805]]],[[[18.6995,59.5978],[18.6939,59.5978],[18.6929,59.595],[18.6895,59.596],[18.6846,59.5936],[18.6789,59.587],[18.6854,59.5825],[18.6976,59.5849],[18.6962,59.5908],[18.7027,59.5948],[18.7004,59.5946],[18.7026,59.5973],[18.6995,59.5978]]],[[[18.7132,59.6135],[18.7103,59.6135],[18.7108,59.6113],[18.7039,59.6064],[18.7051,59.6051],[18.7016,59.605],[18.7036,59.6022],[18.7096,59.6012],[18.7069,59.5969],[18.7027,59.5963],[18.7059,59.5935],[18.7127,59.5971],[18.7158,59.5953],[18.7266,59.6028],[18.7263,59.6091],[18.7239,59.6059],[18.7206,59.6067],[18.7169,59.6046],[18.7159,59.6066],[18.7233,59.6136],[18.7163,59.6125],[18.7132,59.6135]]],[[[19.0327,59.633],[19.0347,59.6358],[19.0322,59.6376],[19.0251,59.6335],[19.0211,59.6329],[19.0156,59.6344],[19.0101,59.629],[19.0061,59.6287],[19.0164,59.6265],[19.0187,59.6236],[19.0132,59.6223],[19.0097,59.623],[19.0084,59.6213],[19.0265,59.6221],[19.0266,59.6249],[19.0385,59.6293],[19.0318,59.6316],[19.0327,59.633]]],[[[19.0416,59.6471],[19.0392,59.6538],[19.0337,59.6544],[19.0257,59.6441],[19.0195,59.6406],[19.0129,59.6405],[19.0134,59.6383],[19.0211,59.64],[19.0238,59.6392],[19.0256,59.6407],[19.0277,59.6405],[19.0252,59.6392],[19.0281,59.6391],[19.0283,59.6373],[19.0359,59.6399],[19.041,59.6388],[19.0432,59.6405],[19.0471,59.6383],[19.0523,59.6396],[19.0517,59.6442],[19.0485,59.6436],[19.0498,59.6476],[19.0416,59.6471]]],[[[18.7857,59.6537],[18.7807,59.6552],[18.7764,59.6513],[18.7725,59.6509],[18.7721,59.649],[18.7647,59.6474],[18.7628,59.6437],[18.7653,59.6427],[18.7675,59.6446],[18.7699,59.6432],[18.7597,59.6379],[18.7622,59.6338],[18.7774,59.6332],[18.7768,59.6357],[18.7743,59.6349],[18.7686,59.6362],[18.77,59.6384],[18.7778,59.639],[18.7785,59.6362],[18.7817,59.6354],[18.7842,59.6364],[18.7838,59.639],[18.7911,59.6404],[18.7898,59.643],[18.7847,59.645],[18.7953,59.646],[18.7959,59.6484],[18.7939,59.6499],[18.7825,59.6497],[18.784,59.6514],[18.789,59.6518],[18.7857,59.6537]]],[[[18.959,59.6562],[18.9567,59.6546],[18.953,59.6556],[18.9472,59.6525],[18.9402,59.6521],[18.9393,59.6482],[18.9284,59.6459],[18.9291,59.6438],[18.9206,59.6394],[18.9225,59.6346],[18.9178,59.6358],[18.9156,59.6327],[18.9088,59.6329],[18.9039,59.6308],[18.8937,59.6212],[18.8879,59.6207],[18.8884,59.6194],[18.8802,59.6161],[18.8804,59.6143],[18.8924,59.6166],[18.8838,59.6145],[18.8821,59.6123],[18.8845,59.6118],[18.891,59.6143],[18.8879,59.612],[18.8903,59.6106],[18.88,59.6086],[18.8774,59.611],[18.8729,59.6112],[18.8733,59.6086],[18.8666,59.606],[18.8703,59.6037],[18.8601,59.5984],[18.8611,59.595],[18.8661,59.5956],[18.8556,59.5917],[18.8493,59.5853],[18.8522,59.5826],[18.8599,59.5814],[18.8632,59.579],[18.8726,59.5795],[18.8754,59.5817],[18.876,59.5766],[18.8795,59.5732],[18.8832,59.5731],[18.8785,59.5778],[18.8829,59.5775],[18.8795,59.59],[18.8777,59.5869],[18.8756,59.5879],[18.8786,59.5982],[18.8811,59.5988],[18.8825,59.5962],[18.8793,59.5915],[18.8841,59.577],[18.8885,59.5779],[18.8875,59.5808],[18.8912,59.5781],[18.8979,59.5769],[18.8964,59.5816],[18.8929,59.5811],[18.8905,59.5838],[18.8913,59.5856],[18.8936,59.5852],[18.8985,59.582],[18.8925,59.5886],[18.8999,59.585],[18.9006,59.5819],[18.9029,59.5798],[18.9014,59.5815],[18.9056,59.5814],[18.9097,59.584],[18.9012,59.5861],[18.8966,59.5909],[18.8979,59.592],[18.9068,59.5873],[18.9147,59.5898],[18.9128,59.5943],[18.9161,59.595],[18.9172,59.6],[18.906,59.6019],[18.9152,59.6049],[18.915,59.6086],[18.9198,59.6129],[18.9154,59.6147],[18.9169,59.6158],[18.9147,59.6171],[18.9257,59.6235],[18.9259,59.6258],[18.9305,59.6278],[18.9395,59.6277],[18.9255,59.6211],[18.9217,59.6166],[18.9253,59.6183],[18.9328,59.6185],[18.9367,59.6211],[18.9449,59.6218],[18.9461,59.6198],[18.9504,59.622],[18.9519,59.6199],[18.9571,59.62],[18.9617,59.6172],[18.9653,59.6171],[18.9699,59.6207],[18.967,59.6229],[18.961,59.6232],[18.9625,59.6242],[18.9708,59.6236],[18.974,59.6266],[18.9803,59.6256],[18.9761,59.6236],[18.9823,59.6231],[18.9886,59.6258],[18.9888,59.628],[18.9836,59.6289],[18.9876,59.636],[18.9808,59.6357],[18.977,59.6331],[18.9723,59.6328],[18.9684,59.6387],[18.9723,59.6448],[18.9689,59.6437],[18.9691,59.649],[18.9645,59.649],[18.9629,59.6517],[18.9616,59.65],[18.96,59.6508],[18.959,59.6562]]],[[[18.832,59.6594],[18.8239,59.656],[18.8252,59.654],[18.8216,59.6504],[18.8175,59.6511],[18.8145,59.6481],[18.8209,59.6439],[18.8234,59.6464],[18.8274,59.6467],[18.8301,59.6439],[18.8363,59.6445],[18.8533,59.6492],[18.8581,59.6522],[18.8532,59.655],[18.8508,59.6536],[18.8544,59.6529],[18.8537,59.6518],[18.8478,59.652],[18.8457,59.6564],[18.8364,59.6526],[18.8325,59.6547],[18.8372,59.6564],[18.837,59.6586],[18.832,59.6594]]],[[[18.9469,59.6642],[18.9377,59.6639],[18.9321,59.6598],[18.9253,59.6592],[18.9154,59.6508],[18.9131,59.6511],[18.9158,59.6539],[18.9062,59.6495],[18.9048,59.6464],[18.8767,59.6381],[18.8702,59.6333],[18.8561,59.6284],[18.835,59.6142],[18.8249,59.6104],[18.8288,59.6094],[18.8256,59.6068],[18.8229,59.6057],[18.8205,59.6065],[18.8176,59.6022],[18.7986,59.5932],[18.8035,59.5906],[18.7934,59.591],[18.7931,59.5875],[18.7878,59.5864],[18.7857,59.58],[18.7827,59.5799],[18.7868,59.5862],[18.7842,59.5889],[18.7793,59.5877],[18.7793,59.586],[18.767,59.5841],[18.7734,59.582],[18.7769,59.5829],[18.7738,59.5768],[18.7684,59.5754],[18.7705,59.5784],[18.7637,59.5797],[18.7588,59.5793],[18.7578,59.5779],[18.7554,59.5785],[18.7522,59.5749],[18.7541,59.5734],[18.7508,59.5731],[18.7511,59.5714],[18.7478,59.5713],[18.7442,59.5686],[18.7522,59.5689],[18.7544,59.5706],[18.7564,59.5698],[18.7751,59.5736],[18.7772,59.5725],[18.7933,59.5796],[18.8026,59.5798],[18.8159,59.5867],[18.8219,59.5875],[18.8225,59.5841],[18.8266,59.5833],[18.8324,59.5897],[18.8253,59.587],[18.8202,59.5918],[18.8275,59.5908],[18.8337,59.598],[18.8457,59.5989],[18.8484,59.6035],[18.8509,59.5997],[18.8569,59.6012],[18.8637,59.6113],[18.8647,59.6089],[18.8705,59.6138],[18.8673,59.6186],[18.8745,59.617],[18.8855,59.6247],[18.8934,59.6278],[18.8956,59.6309],[18.8939,59.6325],[18.8996,59.6342],[18.9024,59.6372],[18.9152,59.6395],[18.9187,59.6465],[18.9218,59.6478],[18.9249,59.646],[18.9264,59.649],[18.9322,59.6514],[18.937,59.6557],[18.9356,59.6566],[18.9453,59.6613],[18.9469,59.6642]]],[[[18.9246,59.6695],[18.9205,59.6664],[18.9142,59.6658],[18.9134,59.6644],[18.9124,59.6661],[18.9027,59.6626],[18.9007,59.6636],[18.9022,59.6614],[18.897,59.6571],[18.9023,59.6568],[18.9037,59.6551],[18.9056,59.657],[18.9142,59.6574],[18.9176,59.6587],[18.9166,59.6611],[18.9268,59.6628],[18.9261,59.6638],[18.9347,59.6663],[18.9342,59.6686],[18.9246,59.6695]]],[[[18.87,59.6787],[18.8645,59.6781],[18.8691,59.6749],[18.8669,59.6735],[18.8629,59.6732],[18.8604,59.6755],[18.8568,59.6752],[18.8546,59.6724],[18.8523,59.6728],[18.8415,59.6678],[18.8414,59.665],[18.8436,59.6649],[18.842,59.6626],[18.8448,59.6605],[18.855,59.6614],[18.858,59.6603],[18.8655,59.6649],[18.8727,59.6652],[18.8683,59.663],[18.863,59.6633],[18.8634,59.6613],[18.8772,59.661],[18.8704,59.6601],[18.8678,59.6582],[18.8774,59.6584],[18.8846,59.6563],[18.8849,59.658],[18.8929,59.6591],[18.8938,59.662],[18.8969,59.6624],[18.895,59.6633],[18.9047,59.6652],[18.9072,59.6679],[18.9036,59.6692],[18.8954,59.6675],[18.8968,59.6724],[18.8854,59.6736],[18.8812,59.6722],[18.8748,59.6742],[18.8754,59.6753],[18.8867,59.6742],[18.8898,59.6759],[18.8887,59.6777],[18.887,59.6768],[18.87,59.6787]]],[[[18.7958,59.6795],[18.8053,59.6805],[18.8051,59.6837],[18.7908,59.6825],[18.7775,59.6785],[18.7682,59.6795],[18.7599,59.677],[18.7645,59.6728],[18.7799,59.6712],[18.7833,59.6754],[18.795,59.6754],[18.7958,59.6795]]],[[[18.8351,59.6865],[18.8192,59.6837],[18.8164,59.6845],[18.8115,59.6827],[18.8133,59.6806],[18.8079,59.6804],[18.8143,59.6765],[18.8171,59.6777],[18.8166,59.6808],[18.8209,59.681],[18.8197,59.6825],[18.8259,59.6806],[18.8346,59.6819],[18.8348,59.6787],[18.8333,59.6797],[18.8224,59.6778],[18.8145,59.6732],[18.816,59.6723],[18.8396,59.674],[18.8358,59.6733],[18.8336,59.6652],[18.8388,59.6666],[18.8481,59.6734],[18.852,59.6796],[18.8572,59.6807],[18.8509,59.6828],[18.8441,59.6815],[18.8363,59.682],[18.8383,59.6855],[18.8351,59.6865]]],[[[19.1163,59.7575],[19.1108,59.7574],[19.1085,59.7549],[19.104,59.7557],[19.1023,59.7546],[19.1058,59.7544],[19.1076,59.7503],[19.1109,59.7509],[19.1141,59.7492],[19.1113,59.7415],[19.1131,59.7392],[19.1165,59.7394],[19.1237,59.7508],[19.1249,59.7445],[19.128,59.7434],[19.1242,59.7413],[19.1251,59.7392],[19.1328,59.743],[19.136,59.7407],[19.1392,59.7427],[19.1402,59.7406],[19.1497,59.7448],[19.1526,59.7446],[19.1528,59.7469],[19.1415,59.7515],[19.1427,59.7528],[19.1383,59.7555],[19.1355,59.7552],[19.1368,59.7518],[19.1346,59.7509],[19.1312,59.7522],[19.131,59.7547],[19.1271,59.7551],[19.1226,59.7531],[19.1206,59.7568],[19.1163,59.7575]]],[[[19.1381,59.7812],[19.1223,59.7761],[19.1262,59.7692],[19.1362,59.7723],[19.138,59.7679],[19.1417,59.7693],[19.142,59.7715],[19.1435,59.7693],[19.1469,59.7714],[19.1481,59.7776],[19.1461,59.7783],[19.1441,59.777],[19.1446,59.7791],[19.1403,59.7805],[19.1393,59.7784],[19.1381,59.7812]]],[[[19.1868,59.7872],[19.1827,59.7857],[19.1776,59.7869],[19.1772,59.7848],[19.1544,59.7759],[19.1532,59.7734],[19.1578,59.7722],[19.1585,59.7741],[19.1696,59.775],[19.167,59.7728],[19.1636,59.7726],[19.162,59.7742],[19.16,59.7713],[19.1653,59.7663],[19.18,59.7671],[19.1904,59.7705],[19.194,59.7734],[19.1966,59.7728],[19.1965,59.7744],[19.193,59.7743],[19.1999,59.7777],[19.1992,59.78],[19.1949,59.7805],[19.1999,59.7813],[19.1998,59.7836],[19.1883,59.7848],[19.1887,59.7873],[19.1868,59.7872]]],[[[19.1002,59.7879],[19.0628,59.7825],[19.0638,59.7773],[19.0727,59.774],[19.0787,59.7746],[19.0771,59.7717],[19.0805,59.7694],[19.0932,59.77],[19.0956,59.7719],[19.0947,59.7778],[19.0877,59.7767],[19.0896,59.7789],[19.0976,59.7797],[19.1041,59.7825],[19.1039,59.7866],[19.1002,59.7879]]],[[[19.017,59.7923],[19.0131,59.7934],[19.0118,59.7901],[19.0072,59.7908],[19.0074,59.7875],[19.0042,59.7892],[19.0052,59.7908],[18.9972,59.7884],[18.995,59.7822],[19.0143,59.782],[19.0178,59.7882],[19.017,59.7923]]],[[[19.151,59.8137],[19.1486,59.8122],[19.1454,59.8133],[19.1287,59.8071],[19.1195,59.812],[19.1105,59.8065],[19.1102,59.7994],[19.1143,59.8061],[19.1146,59.8042],[19.1172,59.8052],[19.1218,59.8033],[19.1162,59.8008],[19.1134,59.7947],[19.1327,59.7983],[19.1356,59.8019],[19.1455,59.8064],[19.151,59.8137]]],[[[18.9618,59.8604],[18.9571,59.8543],[18.9574,59.8571],[18.9539,59.8558],[18.9542,59.8591],[18.9502,59.8588],[18.9495,59.8534],[18.9465,59.8516],[18.9491,59.8519],[18.9496,59.849],[18.9445,59.8469],[18.943,59.8396],[18.9379,59.8383],[18.9246,59.8231],[18.8988,59.8058],[18.8918,59.7984],[18.8733,59.7884],[18.8789,59.7807],[18.8902,59.7795],[18.8975,59.7812],[18.9,59.7804],[18.9002,59.7815],[18.9061,59.7814],[18.9215,59.7864],[18.923,59.7855],[18.9126,59.7828],[18.9159,59.7798],[18.9302,59.7803],[18.933,59.7824],[18.9269,59.7828],[18.9266,59.7811],[18.9215,59.7827],[18.9313,59.7837],[18.9289,59.7854],[18.9235,59.7854],[18.9349,59.7906],[18.9374,59.7873],[18.9332,59.7866],[18.9332,59.7834],[18.9486,59.7834],[18.9518,59.78],[18.9579,59.7821],[18.9752,59.7808],[18.9822,59.7822],[18.9853,59.7847],[18.9912,59.7821],[18.9934,59.784],[18.9906,59.7851],[18.9946,59.7896],[19.0036,59.792],[19.0047,59.7951],[19.0014,59.7949],[19.0005,59.798],[18.9976,59.7983],[19.0007,59.8053],[18.9956,59.8055],[18.9954,59.8019],[18.9937,59.8037],[18.9872,59.8031],[18.9854,59.7989],[18.9843,59.8002],[18.9734,59.7995],[18.9769,59.801],[18.9833,59.8002],[18.9853,59.8046],[18.9905,59.8062],[18.9975,59.8124],[18.9979,59.8144],[18.9927,59.8158],[18.9932,59.8126],[18.9898,59.8141],[18.9826,59.8115],[18.992,59.8166],[18.989,59.817],[18.9932,59.8172],[18.9908,59.8184],[18.9948,59.8182],[18.9974,59.8263],[18.9877,59.8284],[18.9884,59.8456],[18.9844,59.8488],[18.9757,59.849],[18.9766,59.851],[18.9716,59.8499],[18.968,59.8583],[18.9618,59.8604]]],[[[19.1325,59.8656],[19.1325,59.8669],[19.129,59.8656],[19.1331,59.8641],[19.1327,59.8623],[19.1283,59.8637],[19.1238,59.8616],[19.1239,59.8641],[19.1181,59.8591],[19.1147,59.8607],[19.1092,59.8589],[19.1076,59.8561],[19.1122,59.8536],[19.1093,59.8535],[19.1068,59.8478],[19.1031,59.8462],[19.1014,59.8401],[19.0994,59.8393],[19.0981,59.8405],[19.0975,59.8459],[19.0967,59.8428],[19.0951,59.8438],[19.0926,59.8428],[19.0978,59.8413],[19.0884,59.8368],[19.0902,59.8307],[19.0953,59.8303],[19.0968,59.8284],[19.0941,59.8269],[19.0957,59.8257],[19.0998,59.8274],[19.0975,59.829],[19.1011,59.8357],[19.1012,59.8306],[19.1069,59.8328],[19.1048,59.8294],[19.1088,59.8259],[19.1094,59.8328],[19.1125,59.8328],[19.1113,59.8356],[19.1209,59.8427],[19.1217,59.8461],[19.1297,59.843],[19.1397,59.8488],[19.1424,59.8624],[19.1381,59.8621],[19.1364,59.8654],[19.1331,59.8646],[19.1325,59.8656]]],[[[18.7644,60.1469],[18.7651,60.1477],[18.7627,60.1486],[18.7642,60.1472],[18.7617,60.1456],[18.7664,60.1433],[18.7674,60.1405],[18.7614,60.1384],[18.7632,60.1351],[18.7606,60.1309],[18.7638,60.1292],[18.759,60.1286],[18.7598,60.1271],[18.7648,60.1263],[18.7662,60.1277],[18.7724,60.1276],[18.7736,60.1253],[18.7847,60.123],[18.7895,60.1248],[18.7907,60.134],[18.7883,60.1352],[18.7914,60.1381],[18.789,60.1406],[18.7924,60.1427],[18.7812,60.1483],[18.7808,60.1472],[18.773,60.1484],[18.7644,60.1469]]],[[[17.4132,59.4064],[17.4111,59.3723],[17.4261,59.3627],[17.3377,59.3615],[17.3547,59.3335],[17.3401,59.3179],[17.3544,59.3126],[17.3484,59.2869],[17.3073,59.2744],[17.3049,59.26],[17.278,59.2539],[17.2692,59.2423],[17.2411,59.2262],[17.251,59.2182],[17.2438,59.21],[17.2623,59.2077],[17.2687,59.1902],[17.259,59.1888],[17.2771,59.1757],[17.295,59.1764],[17.3208,59.1473],[17.3153,59.0851],[17.3267,59.0794],[17.316,59.0623],[17.3325,59.0458],[17.3726,58.9926],[17.4331,58.9863],[17.4471,58.9975],[17.5051,58.9912],[17.5496,58.9907],[17.5443,58.9781],[17.5593,58.9564],[17.588,58.9495],[17.5868,58.9525],[17.5903,58.9546],[17.5864,58.9566],[17.587,58.9627],[17.5934,58.9627],[17.596,58.9608],[17.5949,58.9567],[17.6009,58.9493],[17.6054,58.9568],[17.6078,58.9533],[17.6069,58.9478],[17.6143,58.9447],[17.6187,58.947],[17.6199,58.9461],[17.6206,58.9526],[17.6148,58.9565],[17.6127,58.962],[17.6193,58.9633],[17.6191,58.9795],[17.6156,58.9845],[17.6264,58.9953],[17.6281,59.0008],[17.6254,59.0046],[17.6281,59.007],[17.6197,59.0206],[17.6136,59.0214],[17.6188,59.0278],[17.6127,59.0352],[17.6186,59.0444],[17.6218,59.0445],[17.6277,59.0413],[17.6305,59.0424],[17.6275,59.0488],[17.6318,59.06],[17.6357,59.0623],[17.6327,59.0667],[17.6198,59.0707],[17.6156,59.0829],[17.6182,59.0849],[17.6262,59.0805],[17.633,59.0877],[17.6445,59.0884],[17.6516,59.0917],[17.6522,59.0937],[17.6601,59.095],[17.6614,59.0969],[17.6554,59.0964],[17.6522,59.1003],[17.6402,59.102],[17.6434,59.1047],[17.6414,59.1063],[17.6449,59.1082],[17.6495,59.1084],[17.6508,59.1056],[17.6549,59.1045],[17.6689,59.1024],[17.6765,59.1034],[17.6808,59.1011],[17.687,59.1044],[17.6851,59.1069],[17.6833,59.1048],[17.6799,59.1056],[17.6836,59.1099],[17.6814,59.1268],[17.6782,59.1318],[17.6695,59.1359],[17.6751,59.1381],[17.6643,59.1414],[17.6691,59.144],[17.6693,59.1506],[17.6587,59.1557],[17.6502,59.1626],[17.6611,59.1563],[17.6643,59.1657],[17.6592,59.1746],[17.658,59.1739],[17.6589,59.1765],[17.6543,59.1818],[17.6391,59.1854],[17.6315,59.1891],[17.6288,59.1939],[17.63,59.1948],[17.6307,59.1916],[17.6327,59.1921],[17.6379,59.1866],[17.6499,59.1838],[17.6528,59.1845],[17.6601,59.1812],[17.6705,59.1694],[17.6682,59.1647],[17.6796,59.1564],[17.6829,59.1474],[17.6816,59.1432],[17.6895,59.1298],[17.6933,59.1154],[17.7072,59.1018],[17.7042,59.0983],[17.6978,59.0964],[17.693,59.0962],[17.6922,59.0983],[17.686,59.0965],[17.6818,59.0996],[17.6795,59.0984],[17.6834,59.0972],[17.683,59.0954],[17.6902,59.0937],[17.6929,59.095],[17.6945,59.0931],[17.6849,59.0877],[17.6829,59.0768],[17.6875,59.0727],[17.6891,59.0681],[17.6865,59.0666],[17.6924,59.0589],[17.6905,59.0578],[17.6935,59.057],[17.6931,59.0519],[17.696,59.0523],[17.6953,59.0557],[17.7019,59.0573],[17.7047,59.0607],[17.7082,59.0605],[17.7098,59.0626],[17.721,59.0621],[17.7228,59.057],[17.7271,59.0578],[17.7289,59.0624],[17.74,59.0619],[17.7387,59.0658],[17.7335,59.0685],[17.7356,59.0712],[17.7332,59.0773],[17.7403,59.0809],[17.7377,59.0817],[17.7401,59.0906],[17.7342,59.0979],[17.7356,59.0994],[17.7405,59.0985],[17.7439,59.1009],[17.7476,59.1002],[17.7481,59.1032],[17.7529,59.1035],[17.7625,59.1124],[17.7722,59.1173],[17.7721,59.1109],[17.7688,59.1069],[17.7701,59.1017],[17.7809,59.0968],[17.7864,59.0965],[17.781,59.0921],[17.7754,59.0923],[17.7736,59.0896],[17.7642,59.0887],[17.7527,59.083],[17.7419,59.083],[17.7554,59.0796],[17.7494,59.0722],[17.7571,59.0707],[17.7582,59.0683],[17.7626,59.0694],[17.7685,59.0672],[17.7562,59.0621],[17.7569,59.0605],[17.7527,59.0579],[17.7492,59.0579],[17.7442,59.0606],[17.7433,59.0498],[17.747,59.0364],[17.749,59.0361],[17.747,59.0333],[17.7492,59.0295],[17.7465,59.0264],[17.7486,59.0203],[17.7509,59.02],[17.75,59.012],[17.7531,59.0007],[17.7563,59.0001],[17.7571,58.9928],[17.7628,58.9896],[17.7623,58.9826],[17.7537,58.9816],[17.7522,58.9885],[17.7496,58.9853],[17.747,58.986],[17.7446,58.9822],[17.744,58.9836],[17.742,58.983],[17.7426,58.9776],[17.7404,58.9786],[17.7402,58.9761],[17.7441,58.9734],[17.7442,58.9685],[17.7386,58.9645],[17.7389,58.9593],[17.7478,58.9664],[17.7486,58.9711],[17.7525,58.9646],[17.7488,58.9582],[17.7437,58.9556],[17.7436,58.9517],[17.7389,58.9508],[17.7406,58.9456],[17.7332,58.9294],[17.7358,58.9281],[17.7393,58.9311],[17.7417,58.9297],[17.749,58.909],[17.754,58.9033],[17.7585,58.9027],[17.7564,58.9003],[17.7583,58.8982],[17.7633,58.9001],[17.7664,58.9078],[17.7641,58.9162],[17.7672,58.9183],[17.7723,58.9156],[17.7688,58.9148],[17.7703,58.9037],[17.7751,58.8974],[17.7731,58.8891],[17.7779,58.8777],[17.7767,58.8742],[17.7803,58.8729],[17.7841,58.8678],[17.7901,58.8718],[17.7952,58.866],[17.7997,58.8658],[17.8005,58.871],[17.798,58.8738],[17.8029,58.8725],[17.8072,58.8796],[17.8026,58.8843],[17.8165,58.8939],[17.8165,58.8962],[17.815,58.9017],[17.8067,58.9056],[17.7983,58.9062],[17.7978,58.9093],[17.8033,58.9083],[17.8009,58.9137],[17.7875,58.9279],[17.7815,58.9302],[17.7789,58.935],[17.7756,58.9358],[17.7744,58.9338],[17.7712,58.9347],[17.7767,58.9471],[17.7755,58.9541],[17.7705,58.9614],[17.7735,58.9616],[17.7783,58.953],[17.7811,58.9519],[17.7806,58.9431],[17.7871,58.9343],[17.804,58.9149],[17.8072,58.9146],[17.8105,58.911],[17.8167,58.9107],[17.8213,58.9001],[17.8244,58.8996],[17.8292,58.9076],[17.8283,58.8955],[17.8314,58.897],[17.8334,58.8963],[17.8372,58.9001],[17.8394,58.8998],[17.8562,58.9151],[17.8625,58.9167],[17.8558,58.9099],[17.8651,58.9079],[17.8643,58.9026],[17.8715,58.8963],[17.8724,58.8863],[17.87,58.8866],[17.8702,58.884],[17.8752,58.8841],[17.8769,58.8812],[17.8809,58.8812],[17.8817,58.8782],[17.8786,58.8776],[17.8785,58.88],[17.8735,58.8836],[17.8699,58.8802],[17.8746,58.8785],[17.8737,58.8768],[17.8618,58.8766],[17.8577,58.8663],[17.8613,58.865],[17.8576,58.8613],[17.8615,58.8597],[17.8633,58.8622],[17.8644,58.859],[17.8672,58.8592],[17.8669,58.8569],[17.8716,58.8544],[17.8763,58.8563],[17.8746,58.8504],[17.8724,58.8501],[17.8701,58.8544],[17.8668,58.8544],[17.8664,58.8519],[17.8715,58.8484],[17.8709,58.8456],[17.8788,58.8419],[17.8795,58.852],[17.8754,58.8611],[17.8773,58.8635],[17.8746,58.8638],[17.8738,58.866],[17.8809,58.864],[17.8758,58.8711],[17.8817,58.867],[17.8874,58.8702],[17.8885,58.8688],[17.8817,58.8639],[17.8828,58.8606],[17.8798,58.8621],[17.8777,58.8589],[17.8823,58.8525],[17.885,58.8522],[17.8838,58.8567],[17.8941,58.8466],[17.8944,58.8518],[17.9006,58.8566],[17.9001,58.8609],[17.8978,58.8576],[17.8926,58.8623],[17.8947,58.8644],[17.8972,58.8627],[17.8996,58.8722],[17.896,58.8797],[17.903,58.888],[17.897,58.886],[17.9024,58.8926],[17.901,58.8947],[17.9094,58.9002],[17.9145,58.9171],[17.917,58.9193],[17.9203,58.9186],[17.9182,58.9135],[17.9207,58.913],[17.914,58.9059],[17.9184,58.9057],[17.9144,58.9021],[17.9147,58.8985],[17.9277,58.9055],[17.9287,58.9044],[17.9323,58.9058],[17.934,58.9049],[17.9301,58.9024],[17.9315,58.8992],[17.9282,58.9003],[17.9229,58.8963],[17.9147,58.8882],[17.9164,58.8859],[17.9074,58.8799],[17.9075,58.8723],[17.9099,58.8719],[17.9113,58.8771],[17.9142,58.8777],[17.9172,58.8752],[17.914,58.8723],[17.9156,58.8664],[17.9115,58.8607],[17.9095,58.8612],[17.906,58.8576],[17.9067,58.8542],[17.9118,58.8587],[17.9141,58.8581],[17.9166,58.8595],[17.9209,58.8655],[17.9283,58.8688],[17.927,58.8696],[17.9293,58.8702],[17.9312,58.8674],[17.9327,58.8682],[17.9322,58.8733],[17.9275,58.8739],[17.9298,58.875],[17.9287,58.8775],[17.9384,58.8787],[17.9449,58.8877],[17.9424,58.891],[17.9439,58.8969],[17.9558,58.902],[17.9564,58.9067],[17.9601,58.9084],[17.9583,58.9113],[17.9683,58.9168],[17.9725,58.9226],[17.9734,58.93],[17.9685,58.9323],[17.974,58.9341],[17.9763,58.9314],[17.9781,58.9355],[17.9796,58.9341],[17.9806,58.9374],[17.9774,58.9409],[17.9632,58.9391],[17.9663,58.9448],[17.9631,58.9453],[17.9635,58.9473],[17.9582,58.9473],[17.9567,58.9488],[17.9542,58.9601],[17.9569,58.958],[17.9609,58.9595],[17.9589,58.9564],[17.9624,58.9576],[17.9635,58.9616],[17.9656,58.9604],[17.9651,58.9638],[17.97,58.9644],[17.9708,58.967],[17.9776,58.971],[17.9809,58.9779],[17.9864,58.9798],[17.985,58.9824],[17.9804,58.9783],[17.977,58.979],[17.9696,58.9751],[17.9749,58.9809],[17.9879,58.9852],[17.9899,59.0021],[17.9932,59.003],[17.9935,59.0094],[17.9963,59.0075],[17.999,59.0111],[18.0018,59.0114],[18.0026,59.0078],[17.9979,58.9988],[18.0008,58.9942],[17.9986,58.9912],[17.9959,58.9926],[17.9936,58.9876],[17.9971,58.9899],[17.9996,58.989],[18.004,58.9924],[18.0066,58.9914],[18.0162,59.003],[18.0183,59.0029],[18.0087,59.0053],[18.0217,59.0126],[18.0213,59.0171],[18.0165,59.0222],[18.0101,59.022],[18.008,59.0292],[18.0027,59.0339],[17.9945,59.032],[17.9917,59.0329],[17.9991,59.0379],[18.0019,59.0425],[18.0089,59.0437],[18.0099,59.0424],[18.0097,59.0332],[18.0147,59.0247],[18.0175,59.0234],[18.0213,59.0257],[18.0224,59.0299],[18.0249,59.0193],[18.0316,59.0165],[18.0326,59.0199],[18.0361,59.0189],[18.0384,59.0202],[18.0391,59.0177],[18.0451,59.022],[18.0422,59.0221],[18.0434,59.0353],[18.0296,59.0437],[18.0241,59.0435],[18.0248,59.0468],[18.0286,59.0467],[18.0328,59.042],[18.038,59.0465],[18.0446,59.046],[18.0437,59.0497],[18.0456,59.0468],[18.0507,59.0458],[18.0621,59.0518],[18.0779,59.0518],[18.0938,59.0496],[18.0991,59.0475],[18.1108,59.0506],[18.114,59.0542],[18.1112,59.0546],[18.106,59.0523],[18.1037,59.053],[18.1086,59.0577],[18.1069,59.0617],[18.1022,59.0628],[18.104,59.067],[18.1074,59.0676],[18.1099,59.066],[18.1112,59.0679],[18.118,59.0676],[18.1293,59.0699],[18.1323,59.0686],[18.1398,59.0705],[18.1422,59.073],[18.1399,59.0718],[18.138,59.0726],[18.1396,59.0775],[18.1486,59.0802],[18.1698,59.0808],[18.1842,59.086],[18.1846,59.0845],[18.189,59.0849],[18.1966,59.0875],[18.2133,59.0958],[18.226,59.0991],[18.228,59.1014],[18.2053,59.1013],[18.1993,59.1036],[18.2368,59.1126],[18.2377,59.1139],[18.233,59.1167],[18.2398,59.1186],[18.243,59.1186],[18.2521,59.1142],[18.2474,59.114],[18.2449,59.1116],[18.2407,59.1133],[18.2327,59.1107],[18.2323,59.1092],[18.2369,59.108],[18.2417,59.11],[18.2373,59.1061],[18.2423,59.1055],[18.2435,59.1065],[18.2478,59.1036],[18.2422,59.1019],[18.2415,59.099],[18.2283,59.0955],[18.2287,59.0934],[18.224,59.0933],[18.2173,59.0857],[18.2198,59.0845],[18.229,59.0874],[18.2381,59.0878],[18.2384,59.0854],[18.2412,59.0849],[18.2264,59.0813],[18.2243,59.0776],[18.2186,59.079],[18.2065,59.0777],[18.2063,59.0758],[18.2032,59.0757],[18.2028,59.0771],[18.1985,59.076],[18.2006,59.0751],[18.1971,59.0724],[18.2061,59.0737],[18.2063,59.0705],[18.1928,59.0651],[18.1954,59.0635],[18.2138,59.0639],[18.2175,59.0628],[18.229,59.0666],[18.2306,59.0655],[18.235,59.067],[18.2361,59.0657],[18.255,59.0729],[18.2217,59.0686],[18.2275,59.075],[18.2262,59.0712],[18.2563,59.0812],[18.2654,59.0808],[18.2726,59.0828],[18.2764,59.0816],[18.2828,59.0831],[18.2821,59.0855],[18.2858,59.087],[18.2886,59.0871],[18.2891,59.0858],[18.2847,59.0849],[18.2833,59.0831],[18.2853,59.0824],[18.2976,59.0839],[18.3273,59.0913],[18.3433,59.0931],[18.3493,59.0968],[18.3436,59.0974],[18.3399,59.0954],[18.3397,59.0969],[18.3316,59.0925],[18.3238,59.0929],[18.3282,59.0962],[18.3216,59.097],[18.3217,59.1007],[18.3281,59.107],[18.3251,59.1091],[18.3104,59.1021],[18.2918,59.0981],[18.2866,59.0992],[18.2739,59.0929],[18.2746,59.0956],[18.2695,59.096],[18.2688,59.0976],[18.2812,59.1006],[18.2824,59.0983],[18.2871,59.0998],[18.2828,59.1016],[18.2877,59.1071],[18.2749,59.1055],[18.275,59.1078],[18.2834,59.1099],[18.2847,59.1118],[18.2811,59.1128],[18.3009,59.1207],[18.3081,59.1204],[18.3288,59.1249],[18.3365,59.125],[18.3441,59.1293],[18.346,59.1243],[18.342,59.1201],[18.3444,59.1185],[18.3506,59.1199],[18.354,59.1229],[18.3565,59.1222],[18.3556,59.1204],[18.3586,59.1209],[18.3611,59.1217],[18.3617,59.1265],[18.3739,59.1279],[18.3848,59.1375],[18.3928,59.1397],[18.3943,59.1382],[18.3981,59.1396],[18.3949,59.1381],[18.4016,59.1375],[18.4018,59.136],[18.4044,59.1367],[18.3977,59.1303],[18.399,59.129],[18.4066,59.1297],[18.4129,59.1336],[18.4231,59.1354],[18.4405,59.1449],[18.4372,59.149],[18.4424,59.1501],[18.4525,59.1563],[18.4641,59.1595],[18.4641,59.1614],[18.451,59.1592],[18.4469,59.16],[18.4639,59.1632],[18.4642,59.1648],[18.4543,59.1651],[18.4651,59.167],[18.469,59.1708],[18.4671,59.1718],[18.4591,59.1694],[18.4594,59.1715],[18.4558,59.172],[18.4488,59.1692],[18.4397,59.1679],[18.4311,59.1639],[18.4308,59.1626],[18.4361,59.1619],[18.4322,59.1616],[18.4316,59.1562],[18.4394,59.1576],[18.4312,59.1509],[18.4253,59.1399],[18.4152,59.1377],[18.4212,59.1442],[18.4227,59.1534],[18.4299,59.1557],[18.4289,59.1599],[18.4188,59.1604],[18.4161,59.1643],[18.412,59.1632],[18.4106,59.1645],[18.4043,59.1624],[18.4057,59.1651],[18.3879,59.1577],[18.3917,59.161],[18.4048,59.1663],[18.4053,59.1687],[18.4016,59.1671],[18.4005,59.1689],[18.3924,59.1653],[18.4041,59.1779],[18.3991,59.1773],[18.3989,59.175],[18.3962,59.1759],[18.3933,59.1734],[18.3942,59.1763],[18.391,59.1767],[18.3775,59.1689],[18.3672,59.1664],[18.3612,59.1666],[18.3615,59.1696],[18.3812,59.1752],[18.3769,59.1769],[18.3706,59.1742],[18.3733,59.1805],[18.381,59.1858],[18.3765,59.1873],[18.3938,59.1871],[18.3946,59.1894],[18.3885,59.1893],[18.3926,59.1912],[18.3936,59.1943],[18.3897,59.1931],[18.3858,59.1942],[18.3844,59.1961],[18.3784,59.1976],[18.38,59.1989],[18.3682,59.204],[18.362,59.2033],[18.3524,59.2047],[18.3355,59.2102],[18.3288,59.2099],[18.3258,59.213],[18.3205,59.209],[18.326,59.205],[18.3196,59.2054],[18.3182,59.2073],[18.3208,59.2078],[18.3134,59.212],[18.3143,59.215],[18.304,59.2229],[18.3041,59.2252],[18.3145,59.2166],[18.323,59.2148],[18.3287,59.217],[18.3225,59.2207],[18.3202,59.2267],[18.316,59.227],[18.3163,59.2296],[18.3041,59.2331],[18.3138,59.2347],[18.3083,59.2382],[18.3281,59.2307],[18.3331,59.2257],[18.3351,59.226],[18.3349,59.2238],[18.3437,59.22],[18.3521,59.2115],[18.3486,59.2099],[18.3523,59.2062],[18.3567,59.2055],[18.3586,59.2073],[18.3624,59.2059],[18.3755,59.2057],[18.3841,59.2013],[18.4013,59.1962],[18.4041,59.1932],[18.4021,59.189],[18.3929,59.1832],[18.3941,59.1814],[18.3984,59.182],[18.4001,59.1856],[18.405,59.1851],[18.4079,59.183],[18.4119,59.1836],[18.415,59.1871],[18.4106,59.1891],[18.4145,59.1914],[18.4146,59.1962],[18.4075,59.2015],[18.4082,59.2038],[18.4063,59.2023],[18.4053,59.2049],[18.3885,59.2098],[18.3908,59.2124],[18.3927,59.2095],[18.3991,59.21],[18.3958,59.2137],[18.3846,59.2184],[18.3861,59.2204],[18.3732,59.2253],[18.3692,59.2293],[18.3561,59.2283],[18.348,59.2357],[18.3307,59.2404],[18.3218,59.2407],[18.3173,59.2442],[18.2989,59.2476],[18.2942,59.2511],[18.2808,59.2543],[18.2774,59.2576],[18.2712,59.2578],[18.2604,59.2629],[18.2607,59.2648],[18.2532,59.2675],[18.2558,59.2677],[18.2525,59.2692],[18.2555,59.2708],[18.263,59.2686],[18.2706,59.2694],[18.2883,59.2669],[18.2944,59.2645],[18.302,59.2582],[18.3069,59.2575],[18.3062,59.2587],[18.3123,59.2571],[18.3219,59.2597],[18.3275,59.2596],[18.326,59.2584],[18.3283,59.2569],[18.3284,59.2583],[18.3385,59.2572],[18.3482,59.2629],[18.3578,59.2627],[18.3643,59.2642],[18.3644,59.2657],[18.3672,59.265],[18.3652,59.2669],[18.3636,59.266],[18.3547,59.2672],[18.3575,59.2688],[18.3555,59.2703],[18.3451,59.2708],[18.3355,59.274],[18.3309,59.2681],[18.3345,59.2631],[18.3401,59.2616],[18.3326,59.263],[18.323,59.2613],[18.3115,59.2649],[18.3084,59.267],[18.3136,59.2671],[18.3101,59.2766],[18.3171,59.2781],[18.3111,59.2812],[18.3133,59.2832],[18.3107,59.2843],[18.3087,59.2828],[18.306,59.2848],[18.3045,59.2834],[18.2952,59.2863],[18.2998,59.2823],[18.2949,59.281],[18.304,59.2744],[18.3014,59.2738],[18.2887,59.2839],[18.2936,59.2861],[18.2907,59.2879],[18.2949,59.2865],[18.2983,59.2885],[18.3081,59.2872],[18.3049,59.2923],[18.2993,59.2936],[18.2946,59.2916],[18.2926,59.2924],[18.3012,59.2998],[18.2999,59.3025],[18.2966,59.3031],[18.3001,59.3039],[18.2984,59.3074],[18.2953,59.3078],[18.2922,59.3041],[18.2774,59.3007],[18.2765,59.2993],[18.2796,59.2991],[18.2756,59.2977],[18.2764,59.2961],[18.2502,59.2954],[18.2283,59.2976],[18.2274,59.2951],[18.2023,59.3002],[18.2147,59.3014],[18.2151,59.3033],[18.2214,59.3042],[18.2198,59.3055],[18.2174,59.3049],[18.2152,59.308],[18.2212,59.314],[18.222,59.3218],[18.2177,59.3255],[18.2166,59.3305],[18.209,59.333],[18.2118,59.3342],[18.2102,59.335],[18.1951,59.3287],[18.1982,59.3244],[18.1934,59.3226],[18.1932,59.3249],[18.1857,59.3252],[18.1751,59.3209],[18.1534,59.3178],[18.1334,59.3107],[18.119,59.3089],[18.1475,59.3167],[18.1389,59.3182],[18.1313,59.3168],[18.1311,59.3153],[18.1207,59.3167],[18.108,59.3153],[18.1015,59.3094],[18.1065,59.3079],[18.1066,59.3064],[18.1023,59.3054],[18.1087,59.3027],[18.0958,59.3065],[18.0778,59.303],[18.0963,59.3075],[18.1072,59.3153],[18.0738,59.3205],[18.0724,59.3214],[18.0768,59.3252],[18.0734,59.3281],[18.0706,59.3275],[18.0689,59.329],[18.0793,59.3283],[18.0768,59.3322],[18.0999,59.3309],[18.1094,59.3329],[18.1284,59.3308],[18.1492,59.3265],[18.1535,59.329],[18.152,59.3318],[18.1433,59.3347],[18.1427,59.3382],[18.1371,59.3414],[18.1303,59.3433],[18.12,59.3412],[18.1191,59.3421],[18.1316,59.3458],[18.1273,59.3469],[18.118,59.3438],[18.1146,59.3494],[18.1078,59.3499],[18.12,59.3505],[18.1189,59.3525],[18.1106,59.3528],[18.1074,59.3577],[18.0996,59.3596],[18.0988,59.3629],[18.0939,59.3663],[18.0866,59.3687],[18.0792,59.3688],[18.0659,59.3742],[18.0563,59.3728],[18.0472,59.3756],[18.051,59.3772],[18.0461,59.382],[18.0592,59.3782],[18.0665,59.3779],[18.0703,59.3796],[18.0771,59.3782],[18.0829,59.3791],[18.0813,59.3853],[18.0852,59.3846],[18.0866,59.3871],[18.0839,59.3895],[18.091,59.39],[18.0941,59.3962],[18.1028,59.3961],[18.0977,59.3981],[18.0984,59.4006],[18.102,59.4008],[18.0976,59.4066],[18.0915,59.4062],[18.0967,59.4078],[18.0947,59.4129],[18.0908,59.4141],[18.08,59.4245],[18.0846,59.4242],[18.0958,59.4171],[18.0988,59.4176],[18.1025,59.42],[18.1049,59.4259],[18.1102,59.4272],[18.1067,59.433],[18.1101,59.4336],[18.1097,59.4367],[18.1265,59.437],[18.1291,59.4422],[18.1365,59.4436],[18.1351,59.4504],[18.1392,59.454],[18.1431,59.4475],[18.1482,59.4492],[18.1531,59.4468],[18.1538,59.4439],[18.1465,59.4409],[18.1524,59.4396],[18.1532,59.4367],[18.1496,59.4338],[18.1557,59.4319],[18.1629,59.4383],[18.1698,59.4373],[18.1712,59.4341],[18.179,59.4348],[18.1832,59.4358],[18.193,59.4445],[18.2023,59.4455],[18.205,59.4435],[18.2016,59.4417],[18.2023,59.4401],[18.2042,59.4391],[18.2098,59.4413],[18.2106,59.4402],[18.2036,59.4354],[18.1989,59.4353],[18.1967,59.4328],[18.1988,59.4302],[18.1936,59.432],[18.1935,59.4302],[18.1903,59.4297],[18.1989,59.4233],[18.1944,59.4233],[18.1961,59.419],[18.1899,59.4204],[18.1905,59.4218],[18.1841,59.421],[18.188,59.4256],[18.1841,59.4309],[18.1756,59.4315],[18.1763,59.433],[18.1729,59.4324],[18.1683,59.4349],[18.1636,59.4216],[18.159,59.42],[18.1633,59.4146],[18.1691,59.4117],[18.1626,59.4107],[18.1599,59.4135],[18.1542,59.4152],[18.1562,59.4112],[18.1526,59.4099],[18.1543,59.4032],[18.1586,59.4018],[18.1503,59.4018],[18.1511,59.4],[18.1567,59.3989],[18.1518,59.3987],[18.1529,59.3979],[18.1642,59.3935],[18.175,59.3925],[18.1853,59.3938],[18.2063,59.3905],[18.2075,59.3894],[18.2049,59.3883],[18.2102,59.3872],[18.2378,59.3886],[18.2472,59.3856],[18.2556,59.3851],[18.2615,59.387],[18.2822,59.3865],[18.2873,59.3881],[18.2937,59.3862],[18.2976,59.3872],[18.3061,59.3845],[18.3109,59.3846],[18.315,59.3821],[18.3274,59.3831],[18.327,59.3856],[18.3029,59.3876],[18.2983,59.3891],[18.3093,59.3895],[18.312,59.391],[18.3155,59.3892],[18.3263,59.3883],[18.3294,59.3905],[18.3297,59.3884],[18.3362,59.3863],[18.3393,59.3921],[18.3325,59.3934],[18.3278,59.3927],[18.3263,59.394],[18.329,59.3971],[18.3232,59.3988],[18.3101,59.3968],[18.3092,59.3953],[18.3137,59.3942],[18.3085,59.3932],[18.2995,59.3952],[18.306,59.3988],[18.3028,59.4005],[18.2685,59.403],[18.2904,59.4041],[18.2912,59.4065],[18.2876,59.4061],[18.2877,59.4073],[18.2922,59.4104],[18.2829,59.4167],[18.2585,59.4253],[18.2612,59.4271],[18.2663,59.4261],[18.2717,59.4216],[18.282,59.4201],[18.29,59.4228],[18.2876,59.4276],[18.2799,59.4282],[18.2768,59.4309],[18.2673,59.43],[18.2403,59.432],[18.2333,59.4307],[18.2234,59.4312],[18.2256,59.429],[18.2204,59.431],[18.2263,59.4419],[18.2299,59.4371],[18.248,59.4426],[18.2521,59.4409],[18.2454,59.4395],[18.2512,59.4334],[18.2564,59.4329],[18.2577,59.4346],[18.2625,59.4335],[18.2636,59.4366],[18.271,59.4327],[18.2883,59.4317],[18.2926,59.4342],[18.2857,59.4376],[18.2954,59.4384],[18.3091,59.4436],[18.3092,59.448],[18.2907,59.454],[18.2832,59.4549],[18.278,59.4594],[18.2705,59.4606],[18.2606,59.4686],[18.2659,59.4652],[18.2848,59.463],[18.2882,59.4589],[18.2985,59.4568],[18.2992,59.4596],[18.291,59.4668],[18.2856,59.4685],[18.2874,59.4738],[18.2993,59.4606],[18.3089,59.4555],[18.3188,59.4569],[18.3154,59.4605],[18.3182,59.4594],[18.3226,59.4601],[18.3193,59.4649],[18.3132,59.4669],[18.3159,59.4673],[18.3154,59.4698],[18.3307,59.4666],[18.3255,59.4642],[18.3297,59.461],[18.3258,59.4625],[18.3229,59.4615],[18.3231,59.4581],[18.3283,59.4537],[18.3326,59.4537],[18.3332,59.4551],[18.3436,59.4528],[18.3389,59.4563],[18.3505,59.4567],[18.3521,59.4555],[18.3576,59.4568],[18.3609,59.4541],[18.3665,59.4552],[18.3724,59.4527],[18.3755,59.455],[18.3794,59.4514],[18.3873,59.4529],[18.3987,59.464],[18.3993,59.4686],[18.405,59.4681],[18.4072,59.4693],[18.4111,59.4758],[18.4102,59.4792],[18.4017,59.4821],[18.4215,59.4802],[18.4236,59.4779],[18.4302,59.4778],[18.4315,59.4793],[18.4281,59.4805],[18.4412,59.4821],[18.4448,59.4859],[18.449,59.4865],[18.4464,59.49],[18.4478,59.4933],[18.4512,59.493],[18.4509,59.4947],[18.4594,59.4979],[18.4583,59.5016],[18.4783,59.5069],[18.4934,59.5187],[18.5,59.5174],[18.5035,59.5187],[18.5157,59.5321],[18.5144,59.5233],[18.5287,59.5298],[18.54,59.5315],[18.5425,59.5394],[18.5471,59.5432],[18.5445,59.5372],[18.5462,59.5355],[18.552,59.5368],[18.5622,59.5432],[18.5655,59.5443],[18.5687,59.5435],[18.572,59.5475],[18.5763,59.5489],[18.576,59.5506],[18.5722,59.55],[18.576,59.5518],[18.5809,59.5508],[18.5844,59.5533],[18.5863,59.5499],[18.5879,59.5527],[18.5958,59.556],[18.605,59.5565],[18.6185,59.5615],[18.6302,59.5628],[18.6403,59.5673],[18.643,59.5713],[18.6675,59.579],[18.6672,59.5872],[18.6727,59.5881],[18.6878,59.598],[18.6864,59.6044],[18.6825,59.609],[18.6758,59.6109],[18.6706,59.6162],[18.6671,59.6153],[18.6647,59.6184],[18.6593,59.6186],[18.6547,59.626],[18.6504,59.6267],[18.6497,59.6304],[18.6372,59.6366],[18.6447,59.6385],[18.6514,59.6347],[18.6703,59.6334],[18.6625,59.6299],[18.6601,59.6267],[18.6679,59.6245],[18.6655,59.6208],[18.6832,59.6094],[18.69,59.6112],[18.6938,59.619],[18.7036,59.617],[18.7028,59.6147],[18.6972,59.6145],[18.6958,59.6121],[18.6912,59.6118],[18.6885,59.6094],[18.6924,59.6072],[18.6964,59.6083],[18.6975,59.6049],[18.7056,59.6101],[18.7067,59.6143],[18.7113,59.6171],[18.7088,59.6191],[18.712,59.6193],[18.7153,59.622],[18.713,59.6258],[18.7059,59.6236],[18.7023,59.6251],[18.709,59.628],[18.7121,59.6272],[18.7143,59.6306],[18.7181,59.6308],[18.7202,59.6274],[18.7223,59.6285],[18.7289,59.6266],[18.7249,59.6235],[18.729,59.6208],[18.7367,59.6199],[18.7357,59.6139],[18.7415,59.618],[18.7456,59.6163],[18.7488,59.6173],[18.7501,59.6213],[18.7461,59.6229],[18.7415,59.6208],[18.7445,59.6238],[18.7387,59.6248],[18.7365,59.6272],[18.7387,59.6284],[18.7354,59.6299],[18.7487,59.6391],[18.7475,59.6425],[18.735,59.6399],[18.7345,59.6429],[18.7206,59.6411],[18.7249,59.6395],[18.7274,59.6354],[18.7147,59.6369],[18.7101,59.6356],[18.7082,59.6362],[18.7126,59.6376],[18.7069,59.6373],[18.7044,59.6402],[18.6942,59.6352],[18.6893,59.6375],[18.6817,59.6359],[18.6801,59.6367],[18.6893,59.6418],[18.6989,59.6437],[18.6996,59.6459],[18.7143,59.6475],[18.7095,59.6492],[18.7093,59.651],[18.7122,59.6526],[18.7179,59.6519],[18.7199,59.6547],[18.719,59.6581],[18.711,59.6583],[18.7133,59.6634],[18.7171,59.6633],[18.7165,59.6653],[18.7235,59.6633],[18.7237,59.6613],[18.7373,59.6592],[18.7316,59.6583],[18.7322,59.6561],[18.7402,59.6531],[18.74,59.6555],[18.7443,59.6573],[18.7411,59.6595],[18.744,59.6605],[18.743,59.6624],[18.7465,59.6625],[18.746,59.6665],[18.7548,59.6685],[18.7505,59.6712],[18.7509,59.6762],[18.7432,59.677],[18.7491,59.6782],[18.7537,59.6769],[18.7592,59.6816],[18.7644,59.6807],[18.7654,59.6859],[18.8244,59.6906],[18.8323,59.6933],[18.8324,59.6907],[18.8398,59.6909],[18.8395,59.6928],[18.8348,59.694],[18.8539,59.6988],[18.8579,59.7034],[18.8684,59.7025],[18.8649,59.7016],[18.8664,59.7006],[18.8804,59.7048],[18.8802,59.703],[18.8866,59.7002],[18.8892,59.7022],[18.9033,59.7023],[18.9073,59.7052],[18.9036,59.7057],[18.9055,59.7087],[18.9005,59.7073],[18.9014,59.7119],[18.8932,59.7135],[18.8883,59.7185],[18.8909,59.7166],[18.8971,59.7166],[18.9002,59.7128],[18.9041,59.7139],[18.9144,59.7096],[18.9158,59.7141],[18.9213,59.7126],[18.9248,59.7145],[18.9255,59.7131],[18.9293,59.7195],[18.9251,59.7203],[18.9269,59.7223],[18.9299,59.7206],[18.9317,59.715],[18.9426,59.7146],[18.9411,59.7131],[18.9443,59.7113],[18.949,59.7129],[18.9493,59.7151],[18.9551,59.7148],[18.9554,59.7065],[18.9626,59.712],[18.9641,59.7147],[18.9596,59.7158],[18.9634,59.7171],[18.969,59.712],[18.9669,59.7106],[18.9693,59.7089],[18.966,59.7064],[18.9689,59.7036],[18.9887,59.7044],[18.9942,59.7033],[18.9941,59.7021],[19.0109,59.7071],[19.0228,59.7056],[19.0232,59.7038],[19.0282,59.7042],[19.0307,59.7051],[19.0285,59.7065],[19.036,59.7096],[19.0451,59.7101],[19.0445,59.7138],[19.0413,59.7129],[19.0384,59.7144],[19.0468,59.7152],[19.048,59.7116],[19.0521,59.7106],[19.0528,59.7145],[19.0705,59.7175],[19.0695,59.7191],[19.065,59.7193],[19.0675,59.7273],[19.0695,59.728],[19.0708,59.7257],[19.0727,59.7267],[19.072,59.731],[19.0742,59.7298],[19.078,59.7308],[19.0825,59.7355],[19.0788,59.7359],[19.0777,59.7403],[19.0738,59.7407],[19.0761,59.7479],[19.0849,59.7572],[19.0829,59.7598],[19.0789,59.7595],[19.081,59.762],[19.0774,59.7613],[19.0741,59.7638],[19.0671,59.765],[19.0509,59.7653],[19.0334,59.7679],[19.0294,59.7646],[19.0283,59.7673],[19.0195,59.7687],[19.0154,59.768],[19.0155,59.7702],[19.013,59.7696],[19.0085,59.7721],[19.0055,59.7702],[18.9914,59.7693],[18.9927,59.7727],[18.9905,59.7732],[18.9542,59.7764],[18.9393,59.7753],[18.935,59.7709],[18.9356,59.7749],[18.9344,59.7741],[18.9313,59.7754],[18.9169,59.7723],[18.9174,59.7745],[18.9091,59.7766],[18.8812,59.7747],[18.8822,59.7646],[18.8861,59.765],[18.8896,59.7631],[18.8861,59.755],[18.8887,59.7535],[18.8886,59.7495],[18.8931,59.7492],[18.8862,59.7436],[18.8865,59.7387],[18.8942,59.7386],[18.9009,59.7429],[18.9034,59.7406],[18.8984,59.7403],[18.8972,59.7365],[18.8905,59.7383],[18.8895,59.7352],[18.888,59.7371],[18.8831,59.7371],[18.8829,59.7455],[18.8752,59.7473],[18.8661,59.7453],[18.8632,59.7427],[18.8544,59.7441],[18.8548,59.7401],[18.8494,59.7389],[18.846,59.7397],[18.8517,59.7408],[18.8515,59.7436],[18.8453,59.7414],[18.839,59.7412],[18.8411,59.7427],[18.8393,59.7433],[18.8558,59.7458],[18.8558,59.7486],[18.862,59.752],[18.8648,59.7507],[18.8719,59.752],[18.87,59.7503],[18.8594,59.7491],[18.8583,59.7474],[18.8614,59.7461],[18.8772,59.748],[18.8788,59.7467],[18.8836,59.7491],[18.8837,59.7532],[18.8803,59.7539],[18.8855,59.7614],[18.8828,59.7611],[18.8789,59.7649],[18.8784,59.7708],[18.8733,59.7697],[18.8772,59.7729],[18.8759,59.7744],[18.863,59.7725],[18.8485,59.7677],[18.848,59.7662],[18.8409,59.7685],[18.8344,59.7687],[18.8317,59.7724],[18.8212,59.7698],[18.8182,59.7708],[18.8132,59.767],[18.7827,59.7625],[18.7708,59.7589],[18.7707,59.7559],[18.7673,59.7546],[18.7626,59.756],[18.7569,59.7556],[18.7361,59.7517],[18.735,59.7497],[18.7117,59.7479],[18.7221,59.7526],[18.7297,59.753],[18.7305,59.7545],[18.7144,59.7577],[18.7315,59.7633],[18.7349,59.7658],[18.7416,59.7647],[18.7464,59.7659],[18.7483,59.7627],[18.7552,59.7627],[18.7668,59.766],[18.7773,59.7713],[18.7845,59.7691],[18.7947,59.7704],[18.8137,59.7743],[18.8235,59.779],[18.8342,59.7791],[18.8422,59.7811],[18.8461,59.7796],[18.8672,59.7801],[18.8716,59.7841],[18.8681,59.7856],[18.8686,59.7891],[18.8879,59.7984],[18.8932,59.8077],[18.9207,59.8229],[18.9319,59.8384],[18.9387,59.8432],[18.9473,59.864],[18.9436,59.8646],[18.9404,59.8617],[18.936,59.8654],[18.9446,59.8781],[18.9417,59.879],[18.941,59.8824],[18.9364,59.8825],[18.9377,59.8856],[18.9319,59.8878],[18.9321,59.8892],[18.9273,59.8909],[18.9241,59.8902],[18.9164,59.8845],[18.9221,59.8746],[18.9166,59.87],[18.9172,59.8797],[18.9143,59.8804],[18.9141,59.8825],[18.904,59.8821],[18.9053,59.8841],[18.9068,59.8827],[18.9116,59.8836],[18.9195,59.888],[18.92,59.8946],[18.9146,59.8957],[18.9061,59.8929],[18.9049,59.889],[18.9031,59.8906],[18.9004,59.889],[18.8994,59.89],[18.893,59.8891],[18.8995,59.8932],[18.897,59.8973],[18.9041,59.8949],[18.9094,59.8973],[18.9145,59.897],[18.9161,59.8989],[18.9112,59.9001],[18.9075,59.9062],[18.8987,59.9107],[18.8965,59.9138],[18.8928,59.9137],[18.8929,59.9082],[18.8863,59.9089],[18.8885,59.9101],[18.8856,59.9199],[18.8732,59.9293],[18.8678,59.9303],[18.8695,59.9346],[18.8765,59.9339],[18.8764,59.9359],[18.8822,59.9357],[18.88,59.9353],[18.8802,59.932],[18.8767,59.9316],[18.8754,59.9296],[18.8811,59.9292],[18.8907,59.9226],[18.8985,59.9253],[18.9046,59.9209],[18.9082,59.922],[18.9102,59.9203],[18.9197,59.9188],[18.9206,59.9177],[18.9148,59.918],[18.9124,59.9153],[18.9172,59.912],[18.9164,59.9104],[18.923,59.9088],[18.9257,59.9125],[18.9258,59.9154],[18.9221,59.9153],[18.9207,59.9177],[18.9229,59.9166],[18.9264,59.9177],[18.9305,59.9153],[18.9269,59.9126],[18.9292,59.911],[18.9253,59.9104],[18.9236,59.9079],[18.9271,59.9039],[18.936,59.9075],[18.9375,59.903],[18.9343,59.9033],[18.9333,59.902],[18.9365,59.9011],[18.9376,59.9029],[18.9405,59.9006],[18.9325,59.898],[18.9354,59.8916],[18.9433,59.8882],[18.9478,59.8892],[18.9516,59.8856],[18.9591,59.8876],[18.9546,59.8819],[18.956,59.8799],[18.9626,59.8805],[18.9612,59.879],[18.9669,59.8769],[18.9725,59.8771],[18.9715,59.8761],[18.9755,59.8771],[18.9736,59.872],[18.9758,59.8723],[18.9775,59.8705],[18.9709,59.8704],[18.9714,59.8694],[18.9735,59.8686],[18.975,59.87],[18.9784,59.8685],[18.9809,59.8649],[18.9784,59.8631],[18.9895,59.8646],[18.9856,59.8619],[18.9923,59.8591],[18.9888,59.8558],[18.9929,59.8527],[18.9908,59.852],[18.9949,59.8523],[18.995,59.85],[18.9994,59.8486],[18.9959,59.8478],[18.9964,59.8434],[19.0021,59.8427],[19.0002,59.8391],[19.0037,59.8407],[19.0125,59.8388],[19.017,59.8309],[19.0255,59.8328],[19.0244,59.8351],[19.0281,59.836],[19.0305,59.8398],[19.0296,59.842],[19.026,59.8418],[19.032,59.848],[19.0319,59.8368],[19.036,59.8368],[19.0363,59.8394],[19.0414,59.8402],[19.0379,59.8384],[19.0386,59.8361],[19.0348,59.8348],[19.0334,59.8281],[19.0351,59.8261],[19.0392,59.8261],[19.0389,59.8237],[19.0433,59.8217],[19.048,59.8282],[19.0487,59.8151],[19.0523,59.8238],[19.0548,59.8214],[19.0538,59.816],[19.0588,59.8165],[19.0602,59.8133],[19.0646,59.8125],[19.069,59.8156],[19.0661,59.8174],[19.0714,59.8174],[19.0701,59.8197],[19.0771,59.8246],[19.0726,59.83],[19.0739,59.832],[19.0815,59.8365],[19.0817,59.8383],[19.0788,59.8388],[19.079,59.8408],[19.082,59.8406],[19.0816,59.8447],[19.0754,59.8478],[19.0704,59.847],[19.0714,59.8489],[19.0793,59.8512],[19.0807,59.8553],[19.0837,59.8557],[19.0842,59.8617],[19.0818,59.8622],[19.0805,59.8668],[19.0751,59.8651],[19.0772,59.8679],[19.0734,59.8676],[19.0711,59.8692],[19.075,59.8708],[19.0802,59.8696],[19.078,59.871],[19.0831,59.8724],[19.0833,59.8759],[19.0782,59.8763],[19.0798,59.8773],[19.074,59.8822],[19.0771,59.8826],[19.0763,59.8839],[19.0741,59.8825],[19.0675,59.8842],[19.0687,59.887],[19.0583,59.8861],[19.0666,59.8793],[19.0641,59.8783],[19.0553,59.8806],[19.0547,59.8822],[19.0527,59.8816],[19.052,59.8852],[19.0469,59.8841],[19.0508,59.8877],[19.0579,59.8876],[19.0644,59.8902],[19.0622,59.8929],[19.0592,59.8916],[19.0531,59.892],[19.0507,59.8888],[19.0482,59.8928],[19.044,59.893],[19.0481,59.896],[19.0457,59.8989],[19.0425,59.8988],[19.0416,59.8968],[19.0392,59.8976],[19.0378,59.8952],[19.0416,59.8924],[19.0375,59.8908],[19.0357,59.8922],[19.0318,59.8888],[19.0349,59.8891],[19.0342,59.8877],[19.0361,59.8881],[19.0387,59.8835],[19.0438,59.8823],[19.0449,59.8797],[19.0406,59.8764],[19.0384,59.8769],[19.0381,59.871],[19.0348,59.8671],[19.0353,59.8756],[19.0262,59.8762],[19.0334,59.8801],[19.0323,59.8819],[19.0199,59.8857],[19.0204,59.8893],[19.0156,59.8934],[19.0123,59.8927],[19.0137,59.8906],[19.0114,59.8927],[19.0137,59.8955],[19.0119,59.8966],[19.0151,59.8954],[19.0157,59.8972],[19.0195,59.8967],[19.0204,59.8986],[19.021,59.8974],[19.0246,59.8988],[19.0316,59.8985],[19.0325,59.9031],[19.0281,59.9023],[19.0264,59.9041],[19.0206,59.9041],[19.022,59.9053],[19.0195,59.9067],[19.0175,59.9038],[19.0147,59.9072],[19.011,59.9066],[19.0079,59.9086],[19.0113,59.9039],[19.0007,59.9082],[18.9968,59.9045],[18.9893,59.9067],[18.9792,59.9057],[18.9793,59.9082],[18.9688,59.913],[18.9681,59.9144],[18.9734,59.913],[18.9672,59.9181],[18.9604,59.9159],[18.9594,59.9178],[18.9503,59.9171],[18.947,59.9099],[18.9445,59.9118],[18.9407,59.9114],[18.9428,59.9243],[18.9458,59.9257],[18.9413,59.9261],[18.9417,59.9272],[18.9447,59.9268],[18.9438,59.9294],[18.9336,59.9354],[18.9307,59.9342],[18.9291,59.9357],[18.9232,59.9319],[18.9256,59.9297],[18.9287,59.9314],[18.9351,59.9306],[18.9365,59.9279],[18.9323,59.9282],[18.9286,59.9266],[18.9289,59.9294],[18.9254,59.9291],[18.9229,59.9279],[18.9262,59.9256],[18.9217,59.9255],[18.9223,59.924],[18.9175,59.9245],[18.9151,59.93],[18.912,59.9313],[18.9084,59.9315],[18.9036,59.9294],[18.9057,59.9311],[18.9004,59.9312],[18.8979,59.9297],[18.8984,59.9308],[18.9065,59.9334],[18.9059,59.9356],[18.9111,59.9342],[18.9154,59.9346],[18.9184,59.9368],[18.9238,59.9356],[18.926,59.9372],[18.9191,59.9425],[18.9201,59.9444],[18.9164,59.9441],[18.9183,59.9455],[18.9086,59.9518],[18.9101,59.9535],[18.9036,59.9545],[18.9086,59.9556],[18.9049,59.9579],[18.9041,59.9637],[18.9011,59.9646],[18.9005,59.9701],[18.9033,59.9724],[18.9079,59.9719],[18.9049,59.9733],[18.9066,59.9757],[18.8996,59.9805],[18.8968,59.9797],[18.8923,59.9812],[18.8919,59.9801],[18.888,59.9819],[18.8826,59.9795],[18.8789,59.9802],[18.8823,59.9881],[18.8782,59.992],[18.8818,59.9944],[18.8786,60.0009],[18.8738,60.0017],[18.8752,60.0047],[18.8671,60.0107],[18.8657,60.0153],[18.8614,60.0189],[18.8557,60.0199],[18.8554,60.025],[18.847,60.0291],[18.8506,60.0295],[18.85,60.0332],[18.8478,60.0347],[18.8416,60.0342],[18.8405,60.0355],[18.8455,60.0378],[18.842,60.0439],[18.8441,60.0464],[18.8413,60.0468],[18.838,60.055],[18.8338,60.0577],[18.8372,60.063],[18.835,60.0662],[18.8317,60.0661],[18.8265,60.0704],[18.8284,60.0715],[18.825,60.0767],[18.8259,60.0783],[18.8301,60.0771],[18.8332,60.0804],[18.8281,60.0875],[18.8209,60.0908],[18.8168,60.0974],[18.8105,60.0988],[18.8114,60.1],[18.8218,60.0983],[18.8222,60.0999],[18.8253,60.0994],[18.8245,60.1008],[18.8301,60.1009],[18.8379,60.1107],[18.8232,60.1114],[18.823,60.1153],[18.8169,60.1141],[18.8115,60.1177],[18.814,60.119],[18.8082,60.1214],[18.8042,60.1194],[18.8042,60.1168],[18.8025,60.1183],[18.8051,60.122],[18.7999,60.1225],[18.7918,60.121],[18.789,60.1168],[18.7922,60.1146],[18.7801,60.1116],[18.7828,60.1101],[18.7878,60.1114],[18.7957,60.1093],[18.7979,60.1065],[18.7948,60.1074],[18.7944,60.1059],[18.8037,60.104],[18.8041,60.1019],[18.7982,60.1019],[18.794,60.1042],[18.7905,60.1024],[18.7898,60.1054],[18.7861,60.1064],[18.7836,60.1051],[18.7778,60.1086],[18.7732,60.1073],[18.77,60.1104],[18.7659,60.1026],[18.766,60.0929],[18.7696,60.0896],[18.7695,60.0848],[18.7662,60.0832],[18.7674,60.0791],[18.7642,60.0775],[18.7687,60.0722],[18.7709,60.0469],[18.7786,60.0393],[18.7873,60.0205],[18.7944,60.0151],[18.7976,60.0028],[18.7957,60.0006],[18.7986,59.998],[18.7964,59.9963],[18.8046,59.9879],[18.804,59.9843],[18.8127,59.9764],[18.812,59.9747],[18.8099,59.9764],[18.8099,59.9745],[18.7965,59.9898],[18.7949,59.9968],[18.7803,60.0212],[18.7814,60.0235],[18.7784,60.0237],[18.7722,60.0308],[18.7748,60.0352],[18.7715,60.0379],[18.7681,60.0548],[18.7631,60.0565],[18.763,60.0724],[18.7585,60.0828],[18.7605,60.0828],[18.7612,60.1064],[18.7597,60.1107],[18.7519,60.1118],[18.7548,60.1145],[18.7486,60.1149],[18.7484,60.1177],[18.7446,60.1195],[18.7421,60.1201],[18.7381,60.1185],[18.7358,60.1217],[18.7178,60.1259],[18.7169,60.1217],[18.7152,60.1225],[18.7133,60.1213],[18.7113,60.1248],[18.7039,60.1257],[18.7011,60.1242],[18.6981,60.125],[18.6948,60.1221],[18.6912,60.1225],[18.6919,60.1205],[18.6879,60.121],[18.6944,60.1176],[18.7008,60.1175],[18.7074,60.1145],[18.6973,60.1124],[18.6873,60.1154],[18.6813,60.1144],[18.6827,60.1205],[18.6736,60.123],[18.6858,60.1225],[18.6866,60.1267],[18.6825,60.1286],[18.6823,60.1321],[18.6739,60.1363],[18.6599,60.1365],[18.6631,60.1374],[18.6589,60.1384],[18.6555,60.137],[18.6562,60.138],[18.6478,60.1395],[18.644,60.1375],[18.6426,60.1398],[18.6464,60.1396],[18.6423,60.1399],[18.6422,60.1388],[18.636,60.1405],[18.6369,60.1392],[18.6341,60.1386],[18.6334,60.1446],[18.6283,60.1449],[18.6271,60.143],[18.6217,60.144],[18.6188,60.142],[18.6202,60.1402],[18.6165,60.1394],[18.6106,60.1416],[18.612,60.1384],[18.6104,60.1398],[18.6066,60.1397],[18.6075,60.1417],[18.6026,60.1417],[18.5962,60.1443],[18.5874,60.1418],[18.5772,60.1351],[18.5876,60.1248],[18.5821,60.1261],[18.5883,60.1197],[18.5832,60.1197],[18.5956,60.1152],[18.5869,60.1168],[18.5835,60.1158],[18.587,60.1125],[18.5833,60.1093],[18.5842,60.1043],[18.5893,60.0977],[18.5846,60.0953],[18.5888,60.091],[18.5855,60.0902],[18.588,60.0849],[18.5868,60.0757],[18.5914,60.0641],[18.5915,60.0613],[18.5886,60.0607],[18.5918,60.0572],[18.591,60.0536],[18.5805,60.0809],[18.5798,60.0906],[18.582,60.0927],[18.5772,60.0957],[18.5745,60.108],[18.5699,60.1097],[18.569,60.1145],[18.5654,60.1154],[18.5687,60.1175],[18.5597,60.1222],[18.5499,60.1227],[18.5451,60.126],[18.5589,60.1244],[18.5572,60.1273],[18.5606,60.1253],[18.5641,60.1264],[18.5598,60.1287],[18.5656,60.128],[18.5677,60.1261],[18.5689,60.1281],[18.5469,60.1369],[18.5408,60.147],[18.5276,60.1575],[18.5256,60.1582],[18.528,60.1554],[18.5145,60.1539],[18.5185,60.1463],[18.5117,60.1477],[18.5067,60.1533],[18.4988,60.1573],[18.4944,60.1173],[18.4714,60.0998],[18.4486,60.0885],[18.4436,60.0711],[18.3941,60.0564],[18.3938,60.0499],[18.4448,60.0293],[18.4469,60.0243],[18.4696,60.0199],[18.4728,60.0131],[18.4271,59.9954],[18.4218,59.9701],[18.395,59.9701],[18.3861,59.9651],[18.375,59.9459],[18.3929,59.9329],[18.3994,59.9194],[18.3968,59.9017],[18.3596,59.8878],[18.3587,59.8784],[18.3308,59.8796],[18.3098,59.8722],[18.267,59.8632],[18.2588,59.8528],[18.2323,59.8463],[18.2123,59.8448],[18.1952,59.8478],[18.1595,59.8407],[18.1284,59.8309],[18.1191,59.8226],[18.1143,59.7914],[18.1016,59.7794],[18.1094,59.7743],[18.0951,59.7683],[18.0804,59.754],[18.0684,59.7605],[18.0565,59.7591],[18.0367,59.7513],[18.0218,59.7625],[18.0021,59.7462],[17.9844,59.7453],[17.9741,59.737],[17.9565,59.7365],[17.9483,59.7301],[17.8967,59.7255],[17.8455,59.7094],[17.8313,59.6997],[17.8133,59.6932],[17.8005,59.7011],[17.7742,59.7066],[17.7604,59.6827],[17.7254,59.6813],[17.7222,59.6983],[17.7019,59.6988],[17.6876,59.7052],[17.6325,59.7095],[17.6332,59.6956],[17.6001,59.6778],[17.5778,59.6807],[17.5749,59.6707],[17.5902,59.6609],[17.5699,59.6498],[17.5369,59.648],[17.5051,59.6311],[17.5317,59.5958],[17.576,59.5775],[17.5138,59.5383],[17.4735,59.5252],[17.5034,59.4814],[17.5058,59.4607],[17.4698,59.4662],[17.4474,59.4654],[17.4284,59.4529],[17.4316,59.4191],[17.4132,59.4064]]],[[[18.5705,60.1646],[18.5671,60.1593],[18.5792,60.1559],[18.5841,60.1593],[18.5816,60.1649],[18.5705,60.1646]]],[[[18.5705,60.1646],[18.5851,60.1689],[18.582,60.1767],[18.5671,60.1736],[18.5691,60.1658],[18.5597,60.1745],[18.5603,60.1655],[18.5705,60.1646]]],[[[18.7268,60.2223],[18.7243,60.2225],[18.7266,60.2182],[18.7236,60.2179],[18.7263,60.2156],[18.7206,60.2153],[18.7128,60.2173],[18.7062,60.216],[18.7112,60.2146],[18.7105,60.2128],[18.7053,60.214],[18.709,60.2122],[18.7085,60.2084],[18.722,60.2029],[18.7383,60.2049],[18.7462,60.2031],[18.74,60.2028],[18.74,60.2038],[18.7308,60.2024],[18.7174,60.1952],[18.7176,60.1927],[18.7223,60.192],[18.7169,60.1873],[18.7186,60.1858],[18.7129,60.1783],[18.7185,60.1725],[18.7144,60.1721],[18.7143,60.1701],[18.7216,60.1676],[18.7236,60.1656],[18.72,60.1658],[18.7263,60.1636],[18.7253,60.1626],[18.7191,60.1638],[18.7192,60.1625],[18.7161,60.163],[18.7198,60.1605],[18.716,60.1601],[18.7269,60.1543],[18.7537,60.1534],[18.7626,60.1508],[18.7789,60.1495],[18.7831,60.1506],[18.7844,60.1482],[18.7917,60.1462],[18.7915,60.1491],[18.7853,60.1493],[18.7842,60.1506],[18.7946,60.1528],[18.7894,60.1568],[18.7821,60.1579],[18.7836,60.1599],[18.7781,60.1644],[18.7788,60.1654],[18.7808,60.1645],[18.7883,60.158],[18.7966,60.1569],[18.7967,60.1595],[18.7927,60.1609],[18.7963,60.1612],[18.7969,60.1679],[18.8005,60.1681],[18.8018,60.1639],[18.8086,60.1617],[18.8055,60.1586],[18.812,60.1574],[18.8154,60.1593],[18.8122,60.1648],[18.8108,60.1663],[18.8089,60.1655],[18.8033,60.1711],[18.8097,60.176],[18.804,60.1762],[18.8028,60.1788],[18.7983,60.1776],[18.7951,60.1793],[18.7972,60.1743],[18.7927,60.176],[18.795,60.1732],[18.7908,60.1742],[18.7922,60.1719],[18.789,60.1708],[18.7866,60.1749],[18.7815,60.1746],[18.7794,60.1763],[18.7789,60.175],[18.7753,60.1752],[18.7772,60.1773],[18.7922,60.176],[18.7917,60.1793],[18.7889,60.18],[18.7919,60.1842],[18.7897,60.1903],[18.7798,60.1932],[18.7757,60.1932],[18.7741,60.1912],[18.7706,60.192],[18.771,60.1936],[18.7704,60.1924],[18.769,60.1933],[18.7644,60.1921],[18.7653,60.1948],[18.7596,60.1947],[18.764,60.1979],[18.7677,60.1971],[18.7656,60.2042],[18.7619,60.2067],[18.7582,60.2069],[18.7582,60.2085],[18.7467,60.2111],[18.7439,60.2139],[18.7403,60.2138],[18.7397,60.2156],[18.7351,60.215],[18.7338,60.2188],[18.7268,60.2223]]]]}},
    {"type":"Feature","properties":{"kod":"03","namn":"Uppsala län"},"geometry":{"type":"Polygon","coordinates":[[[16.7163,60.1902],[16.7083,60.1838],[16.7449,60.1637],[16.7404,60.1491],[16.7562,60.1311],[16.7359,60.1199],[16.7382,60.1053],[16.7135,60.1041],[16.7191,60.0895],[16.7,60.0805],[16.7213,60.0614],[16.7146,60.0479],[16.7427,60.0333],[16.7236,60.0086],[16.7303,59.9962],[16.7448,59.9976],[16.7438,59.9805],[16.7798,59.9704],[16.764,59.9501],[16.7886,59.9531],[16.8011,59.9378],[16.8068,59.9074],[16.7854,59.9052],[16.7719,59.8984],[16.8056,59.8838],[16.8045,59.8681],[16.8298,59.8724],[16.8405,59.8602],[16.8023,59.8501],[16.8163,59.8419],[16.8119,59.8354],[16.8113,59.8168],[16.7948,59.8139],[16.7774,59.808],[16.7662,59.7983],[16.7326,59.782],[16.7877,59.75],[16.7865,59.7264],[16.8261,59.714],[16.8256,59.6965],[16.8441,59.6891],[16.8473,59.6799],[16.8588,59.6767],[16.8611,59.6665],[16.868,59.6541],[16.9205,59.5827],[16.9223,59.5629],[16.9656,59.5339],[17.0043,59.5247],[17.0282,59.5224],[17.0448,59.5296],[17.0591,59.5298],[17.0715,59.5275],[17.0835,59.5422],[17.1171,59.5427],[17.1498,59.527],[17.1581,59.5031],[17.1871,59.4952],[17.2074,59.4814],[17.2843,59.4681],[17.3091,59.4593],[17.346,59.4602],[17.3607,59.4543],[17.3612,59.4386],[17.3897,59.4331],[17.3823,59.4206],[17.4132,59.4064],[17.4316,59.4191],[17.4284,59.4529],[17.4474,59.4654],[17.4698,59.4662],[17.5058,59.4607],[17.5034,59.4814],[17.4735,59.5252],[17.5138,59.5383],[17.576,59.5775],[17.5317,59.5958],[17.5051,59.6311],[17.5369,59.648],[17.5699,59.6498],[17.5902,59.6609],[17.5749,59.6707],[17.5778,59.6807],[17.6001,59.6778],[17.6332,59.6956],[17.6325,59.7095],[17.6876,59.7052],[17.7019,59.6988],[17.7222,59.6983],[17.7254,59.6813],[17.7604,59.6827],[17.7742,59.7066],[17.8005,59.7011],[17.8133,59.6932],[17.8313,59.6997],[17.8455,59.7094],[17.8967,59.7255],[17.9483,59.7301],[17.9565,59.7365],[17.9741,59.737],[17.9844,59.7453],[18.0021,59.7462],[18.0218,59.7625],[18.0367,59.7513],[18.0565,59.7591],[18.0684,59.7605],[18.0804,59.754],[18.0951,59.7683],[18.1094,59.7743],[18.1016,59.7794],[18.1143,59.7914],[18.1191,59.8226],[18.1284,59.8309],[18.1595,59.8407],[18.1952,59.8478],[18.2123,59.8448],[18.2323,59.8463],[18.2588,59.8528],[18.267,59.8632],[18.3098,59.8722],[18.3308,59.8796],[18.3587,59.8784],[18.3596,59.8878],[18.3968,59.9017],[18.3994,59.9194],[18.3929,59.9329],[18.375,59.9459],[18.3861,59.9651],[18.395,59.9701],[18.4218,59.9701],[18.4271,59.9954],[18.4728,60.0131],[18.4696,60.0199],[18.4469,60.0243],[18.4448,60.0293],[18.3938,60.0499],[18.3941,60.0564],[18.4436,60.0711],[18.4486,60.0885],[18.4714,60.0998],[18.4944,60.1173],[18.499,60.1592],[18.5072,60.1561],[18.5,60.1662],[18.4355,60.177],[18.4409,60.1798],[18.4477,60.1783],[18.4492,60.1798],[18.4533,60.1797],[18.4515,60.1827],[18.4541,60.1828],[18.4564,60.1861],[18.4512,60.1891],[18.4508,60.1919],[18.4392,60.1948],[18.4344,60.198],[18.4401,60.1968],[18.4452,60.1977],[18.4454,60.199],[18.4414,60.1994],[18.4415,60.1982],[18.4406,60.2004],[18.4418,60.2015],[18.4334,60.2031],[18.4405,60.2048],[18.4488,60.1978],[18.444,60.1966],[18.4444,60.1948],[18.4621,60.1915],[18.4648,60.1934],[18.4634,60.195],[18.4551,60.1961],[18.4518,60.1981],[18.4637,60.1975],[18.4609,60.2011],[18.4749,60.199],[18.4789,60.2009],[18.472,60.204],[18.4637,60.2048],[18.463,60.207],[18.4787,60.2028],[18.4818,60.203],[18.4829,60.2061],[18.4689,60.2167],[18.4595,60.2184],[18.4584,60.22],[18.4517,60.2196],[18.4458,60.2234],[18.4426,60.2236],[18.4412,60.2222],[18.4376,60.2238],[18.4348,60.2341],[18.424,60.2413],[18.4136,60.2445],[18.4122,60.2468],[18.4088,60.246],[18.4049,60.2522],[18.4005,60.2523],[18.4003,60.2542],[18.3982,60.2527],[18.3942,60.2564],[18.3907,60.2535],[18.3884,60.2561],[18.3844,60.2559],[18.3796,60.2581],[18.3777,60.2614],[18.3826,60.2611],[18.38,60.2651],[18.3867,60.2614],[18.3841,60.2661],[18.3755,60.2654],[18.3693,60.2677],[18.3711,60.2709],[18.3662,60.2752],[18.3584,60.2764],[18.3569,60.2803],[18.348,60.2817],[18.3457,60.2893],[18.3428,60.2903],[18.3408,60.2852],[18.3382,60.2873],[18.3349,60.2868],[18.3303,60.2991],[18.3261,60.3034],[18.3155,60.3072],[18.3174,60.31],[18.3122,60.3109],[18.3138,60.3132],[18.3112,60.3162],[18.3174,60.3165],[18.3249,60.313],[18.3196,60.3124],[18.3236,60.3086],[18.3296,60.3094],[18.328,60.3121],[18.3309,60.3119],[18.3467,60.3011],[18.361,60.2985],[18.3565,60.2981],[18.3605,60.2945],[18.3546,60.2916],[18.3537,60.2866],[18.3497,60.2834],[18.3583,60.2802],[18.3616,60.2778],[18.3731,60.2758],[18.3771,60.2765],[18.3796,60.2737],[18.3867,60.2731],[18.3863,60.2749],[18.3825,60.2752],[18.3862,60.2762],[18.3931,60.2753],[18.4022,60.2668],[18.4146,60.2624],[18.4172,60.2558],[18.4252,60.2493],[18.4823,60.2299],[18.4834,60.2289],[18.4788,60.2283],[18.474,60.2315],[18.4703,60.2322],[18.4694,60.2307],[18.4698,60.2322],[18.4662,60.2324],[18.4634,60.2349],[18.4629,60.2318],[18.4681,60.2278],[18.4707,60.2274],[18.4741,60.2302],[18.4728,60.2259],[18.4786,60.2247],[18.4816,60.2196],[18.4932,60.2114],[18.4943,60.2081],[18.5076,60.2022],[18.5093,60.1999],[18.5368,60.1903],[18.5419,60.1906],[18.5561,60.1865],[18.5533,60.189],[18.5588,60.1886],[18.5538,60.1936],[18.5553,60.1975],[18.5491,60.1976],[18.5464,60.2024],[18.5512,60.203],[18.5517,60.2043],[18.5632,60.2014],[18.5641,60.203],[18.5685,60.2031],[18.5655,60.2053],[18.5669,60.2064],[18.5711,60.2059],[18.5752,60.2024],[18.5702,60.2036],[18.5774,60.1976],[18.5738,60.1975],[18.579,60.1966],[18.576,60.1953],[18.5827,60.1949],[18.5819,60.1987],[18.5861,60.1983],[18.592,60.1951],[18.5869,60.1942],[18.5832,60.1957],[18.5834,60.1931],[18.6001,60.1886],[18.6018,60.1899],[18.5988,60.1921],[18.6014,60.1927],[18.5987,60.1944],[18.6144,60.1898],[18.6122,60.1931],[18.6162,60.194],[18.6171,60.196],[18.6254,60.1942],[18.6282,60.1952],[18.6278,60.1975],[18.6208,60.2007],[18.6334,60.1976],[18.6335,60.1999],[18.6036,60.2109],[18.5943,60.2117],[18.5874,60.2154],[18.5763,60.2123],[18.5758,60.2105],[18.5718,60.213],[18.5682,60.2124],[18.5713,60.2106],[18.5683,60.211],[18.5656,60.2088],[18.5614,60.2105],[18.5662,60.2065],[18.5604,60.2047],[18.5462,60.215],[18.5318,60.2154],[18.5301,60.217],[18.5384,60.2166],[18.5373,60.2181],[18.532,60.219],[18.5301,60.2176],[18.5252,60.2212],[18.5003,60.2238],[18.4923,60.2273],[18.5033,60.2245],[18.5204,60.2231],[18.5244,60.2245],[18.5359,60.2227],[18.5409,60.2246],[18.542,60.2228],[18.5499,60.2214],[18.5957,60.2208],[18.6022,60.2242],[18.6053,60.2235],[18.6043,60.2298],[18.6163,60.2283],[18.6177,60.2368],[18.6136,60.2367],[18.6093,60.2394],[18.6096,60.2417],[18.6122,60.2418],[18.6099,60.2456],[18.6117,60.2528],[18.6044,60.257],[18.6057,60.2532],[18.5964,60.253],[18.5925,60.2501],[18.5939,60.2527],[18.589,60.2557],[18.5819,60.2551],[18.5782,60.2569],[18.5754,60.2552],[18.5771,60.2583],[18.5742,60.2609],[18.5227,60.2747],[18.5029,60.2773],[18.4938,60.277],[18.4867,60.2748],[18.4864,60.2761],[18.4745,60.277],[18.4792,60.279],[18.4642,60.2816],[18.4613,60.2834],[18.4973,60.2786],[18.4987,60.2814],[18.5046,60.2823],[18.5064,60.2854],[18.5007,60.286],[18.5048,60.2866],[18.4991,60.2904],[18.5012,60.2925],[18.5057,60.2909],[18.5073,60.2929],[18.4976,60.2941],[18.5027,60.2949],[18.5021,60.2976],[18.4914,60.3069],[18.4837,60.31],[18.481,60.3082],[18.4775,60.3094],[18.473,60.3077],[18.4696,60.3087],[18.466,60.314],[18.4706,60.3144],[18.469,60.3162],[18.4491,60.3206],[18.4452,60.3186],[18.4404,60.3207],[18.439,60.3184],[18.4313,60.3236],[18.4377,60.3251],[18.475,60.316],[18.4724,60.3214],[18.468,60.3217],[18.47,60.3235],[18.4681,60.3291],[18.4623,60.3375],[18.4472,60.3404],[18.4474,60.3414],[18.4416,60.3391],[18.4411,60.3425],[18.4358,60.3416],[18.4358,60.3394],[18.4255,60.3354],[18.4125,60.3378],[18.4122,60.3361],[18.4064,60.3366],[18.406,60.3352],[18.3991,60.3376],[18.392,60.3364],[18.3923,60.3342],[18.3876,60.3333],[18.3855,60.3341],[18.3867,60.3376],[18.3918,60.3385],[18.3901,60.341],[18.3853,60.3421],[18.3834,60.3405],[18.3782,60.3405],[18.3812,60.3424],[18.378,60.3436],[18.3782,60.3416],[18.376,60.3421],[18.3721,60.3463],[18.3697,60.3444],[18.3705,60.3463],[18.3675,60.3459],[18.3671,60.3444],[18.3669,60.3464],[18.3713,60.3501],[18.3609,60.3502],[18.3595,60.3484],[18.3533,60.3492],[18.3488,60.3474],[18.3484,60.3491],[18.3455,60.3491],[18.3448,60.3458],[18.3419,60.3495],[18.3382,60.3502],[18.3401,60.3518],[18.3313,60.3526],[18.3327,60.3545],[18.3285,60.3582],[18.3275,60.3641],[18.3181,60.3686],[18.3196,60.3632],[18.3132,60.371],[18.31,60.3694],[18.3121,60.3628],[18.3082,60.3624],[18.3089,60.3604],[18.3152,60.3592],[18.3112,60.3574],[18.318,60.3548],[18.3152,60.3534],[18.3089,60.3546],[18.3017,60.3536],[18.284,60.3558],[18.2812,60.3527],[18.2784,60.3544],[18.278,60.3505],[18.2702,60.3471],[18.2714,60.3458],[18.2678,60.3457],[18.2698,60.343],[18.2677,60.3409],[18.2646,60.3408],[18.2681,60.336],[18.2606,60.3383],[18.2534,60.338],[18.2542,60.3347],[18.2568,60.3348],[18.2596,60.332],[18.256,60.332],[18.2556,60.3301],[18.2535,60.3308],[18.2549,60.3273],[18.2405,60.3319],[18.2363,60.3356],[18.2343,60.3353],[18.2349,60.3368],[18.2317,60.3358],[18.2276,60.3385],[18.2296,60.3385],[18.2294,60.3419],[18.2341,60.3409],[18.2334,60.3435],[18.2391,60.3424],[18.24,60.3436],[18.2449,60.3435],[18.2451,60.3453],[18.2482,60.3456],[18.2517,60.3436],[18.2585,60.345],[18.2536,60.3539],[18.2528,60.3513],[18.2483,60.3505],[18.2456,60.3517],[18.2472,60.3543],[18.2431,60.3565],[18.2459,60.3568],[18.2379,60.3574],[18.2413,60.3594],[18.245,60.3591],[18.2447,60.3618],[18.2543,60.3582],[18.2544,60.3631],[18.2578,60.366],[18.2644,60.3677],[18.2685,60.3683],[18.2697,60.3657],[18.2781,60.3641],[18.2773,60.3674],[18.2698,60.3671],[18.2678,60.3698],[18.2709,60.3706],[18.2689,60.3709],[18.2701,60.3734],[18.2733,60.3722],[18.2726,60.3742],[18.2773,60.3741],[18.2798,60.3723],[18.2787,60.3698],[18.2741,60.3692],[18.2815,60.3673],[18.281,60.3632],[18.2847,60.3599],[18.2814,60.3744],[18.2854,60.3791],[18.2764,60.3782],[18.2785,60.3841],[18.2718,60.3842],[18.271,60.3818],[18.2673,60.3822],[18.2608,60.3855],[18.2639,60.3861],[18.2636,60.3892],[18.2578,60.3901],[18.2572,60.3852],[18.2522,60.3889],[18.2558,60.3841],[18.2539,60.382],[18.2506,60.3843],[18.2508,60.3812],[18.2474,60.381],[18.2469,60.3847],[18.2495,60.3848],[18.2464,60.3854],[18.2444,60.3836],[18.2405,60.3843],[18.2401,60.3887],[18.2338,60.3929],[18.2369,60.393],[18.2456,60.3875],[18.2489,60.3917],[18.2516,60.3907],[18.2516,60.3938],[18.2476,60.3945],[18.2491,60.393],[18.2464,60.3909],[18.2367,60.395],[18.2333,60.3932],[18.2316,60.3944],[18.2332,60.3906],[18.231,60.3895],[18.227,60.394],[18.2295,60.3892],[18.2218,60.3942],[18.2269,60.3976],[18.2234,60.3991],[18.2164,60.3973],[18.2108,60.402],[18.2066,60.4019],[18.2065,60.3991],[18.2004,60.3987],[18.1993,60.3998],[18.1957,60.3979],[18.1933,60.4007],[18.1862,60.3991],[18.1879,60.401],[18.1858,60.4022],[18.1889,60.4031],[18.1734,60.3992],[18.1677,60.4021],[18.1629,60.4005],[18.1613,60.4008],[18.1572,60.4037],[18.1622,60.4009],[18.1693,60.4032],[18.1749,60.4003],[18.1862,60.404],[18.1836,60.4047],[18.188,60.408],[18.2003,60.4081],[18.1992,60.4061],[18.2044,60.4053],[18.2105,60.4066],[18.2097,60.4083],[18.2135,60.4084],[18.2073,60.4086],[18.207,60.4114],[18.2262,60.4115],[18.2068,60.4128],[18.1941,60.4194],[18.1935,60.4213],[18.2003,60.423],[18.1964,60.4255],[18.2002,60.4308],[18.1931,60.4369],[18.1885,60.4371],[18.1811,60.4316],[18.1794,60.4254],[18.1774,60.4261],[18.1806,60.4227],[18.1912,60.4207],[18.1956,60.4166],[18.2032,60.4146],[18.2053,60.4079],[18.1969,60.41],[18.1919,60.409],[18.1929,60.4106],[18.1906,60.4105],[18.186,60.4079],[18.1834,60.4077],[18.1855,60.4092],[18.1831,60.41],[18.1816,60.4076],[18.1772,60.4081],[18.1678,60.4054],[18.1711,60.4128],[18.1681,60.4132],[18.1646,60.4111],[18.161,60.4133],[18.15,60.4116],[18.1508,60.4141],[18.1467,60.4148],[18.1466,60.4158],[18.1515,60.4157],[18.1527,60.4178],[18.1504,60.422],[18.1489,60.4196],[18.1466,60.4197],[18.1483,60.4228],[18.1467,60.4223],[18.145,60.4244],[18.1483,60.4252],[18.147,60.4275],[18.1436,60.4278],[18.1396,60.4258],[18.1392,60.4297],[18.1335,60.4287],[18.1301,60.4301],[18.1311,60.4271],[18.125,60.4268],[18.1253,60.4284],[18.1214,60.4271],[18.1178,60.4311],[18.1143,60.4312],[18.1143,60.4325],[18.1167,60.4316],[18.1182,60.4377],[18.1052,60.4405],[18.1126,60.44],[18.1124,60.4415],[18.1142,60.4397],[18.1152,60.4414],[18.1142,60.4432],[18.1111,60.4433],[18.1118,60.4448],[18.1072,60.444],[18.1024,60.4452],[18.1051,60.4491],[18.102,60.4495],[18.0999,60.4525],[18.1016,60.4544],[18.1023,60.4516],[18.1054,60.4526],[18.1065,60.457],[18.1039,60.457],[18.1026,60.46],[18.0957,60.4609],[18.0936,60.459],[18.0868,60.4603],[18.0857,60.4576],[18.0842,60.4623],[18.0808,60.4637],[18.0895,60.4666],[18.0908,60.4617],[18.0935,60.4606],[18.0941,60.4673],[18.0954,60.4627],[18.0971,60.4641],[18.0972,60.4625],[18.0995,60.463],[18.098,60.4648],[18.1003,60.4662],[18.1058,60.4626],[18.1036,60.4661],[18.0968,60.4674],[18.0966,60.4687],[18.096,60.4672],[18.0928,60.4678],[18.0923,60.4713],[18.0888,60.4713],[18.0885,60.4725],[18.0866,60.4707],[18.0819,60.4711],[18.0819,60.477],[18.0788,60.4773],[18.0712,60.4735],[18.0682,60.4661],[18.0651,60.4665],[18.0656,60.4712],[18.0743,60.4779],[18.0717,60.4798],[18.0744,60.4801],[18.0741,60.4821],[18.0684,60.4836],[18.0702,60.4935],[18.0785,60.5005],[18.076,60.5027],[18.0652,60.4955],[18.0634,60.4891],[18.0656,60.4843],[18.0617,60.4854],[18.0591,60.4909],[18.0599,60.4961],[18.0624,60.4981],[18.063,60.4964],[18.0638,60.4973],[18.064,60.503],[18.0593,60.5008],[18.0608,60.4985],[18.0556,60.498],[18.0538,60.4954],[18.0472,60.4939],[18.0463,60.4973],[18.0365,60.4965],[18.0396,60.4976],[18.0389,60.4991],[18.0353,60.4987],[18.0299,60.5009],[18.0248,60.5],[18.0242,60.5013],[18.0211,60.5012],[18.0203,60.5039],[18.0127,60.5023],[18.0099,60.5071],[18.0127,60.5077],[18.0132,60.5131],[18.0083,60.5104],[17.9971,60.5103],[17.9927,60.5077],[17.9845,60.507],[17.9877,60.5099],[17.995,60.5104],[17.9976,60.5162],[17.9946,60.5173],[17.9939,60.516],[17.9933,60.5173],[17.9975,60.5203],[18.0043,60.5198],[18.0062,60.5211],[18.008,60.5191],[18.0078,60.5212],[18.0101,60.519],[18.0184,60.5191],[18.0222,60.5279],[18.0254,60.5274],[18.0248,60.529],[18.0289,60.5293],[18.0305,60.5312],[18.0285,60.5335],[18.0242,60.5316],[18.0189,60.5323],[18.0234,60.5348],[18.0184,60.536],[18.0204,60.5422],[18.0186,60.5397],[18.0169,60.5406],[18.0115,60.5374],[18.0039,60.5367],[18.0069,60.5416],[18.0102,60.5416],[18.0131,60.5447],[18.0176,60.5457],[18.0178,60.5433],[18.0206,60.5458],[18.0184,60.547],[18.0208,60.5491],[18.0188,60.5542],[18.0214,60.5542],[18.0229,60.5574],[18.0178,60.5594],[18.0158,60.5585],[18.0189,60.5529],[18.0167,60.5542],[18.0105,60.5538],[18.0103,60.5563],[18.0153,60.5587],[18.0137,60.5646],[18.0178,60.5644],[18.0146,60.5656],[18.0166,60.567],[18.0113,60.5676],[18.0113,60.5625],[18.0079,60.5617],[18.0052,60.5628],[18.0063,60.5652],[18.0026,60.5659],[18.0019,60.5623],[18,60.5631],[17.999,60.5648],[18.004,60.5682],[18.0015,60.5697],[18.0019,60.574],[18.0108,60.5735],[18.0146,60.5713],[18.0127,60.5697],[18.0198,60.5719],[18.022,60.5699],[18.0242,60.572],[18.02,60.5747],[18.0137,60.5756],[18.0164,60.5803],[18.0128,60.5802],[18.0178,60.5823],[18.0154,60.5856],[18.013,60.5826],[18.0066,60.5816],[18.0066,60.5794],[18.0052,60.5836],[17.9995,60.5814],[17.9992,60.5835],[18.004,60.5843],[18.0029,60.5853],[18.0097,60.5855],[18.0107,60.5914],[18.005,60.591],[18.0072,60.5926],[18.0058,60.5936],[18.0043,60.5923],[18.0012,60.5986],[17.998,60.5984],[17.998,60.5953],[18.003,60.5913],[17.9996,60.5933],[17.9947,60.5925],[17.9904,60.5944],[17.9888,60.5972],[17.9932,60.5987],[17.9909,60.599],[17.9917,60.6032],[17.9891,60.6045],[17.9826,60.6024],[17.9806,60.6049],[17.977,60.6034],[17.9777,60.6019],[17.9757,60.603],[17.9766,60.6012],[17.973,60.602],[17.965,60.5991],[17.9628,60.6022],[17.957,60.602],[17.9543,60.6033],[17.9382,60.6028],[17.9395,60.6012],[17.936,60.6027],[17.9353,60.5999],[17.9306,60.6012],[17.9255,60.5993],[17.9258,60.596],[17.9217,60.5939],[17.9135,60.5942],[17.9096,60.5962],[17.902,60.5956],[17.9002,60.5936],[17.8982,60.5952],[17.893,60.5951],[17.8897,60.5942],[17.8881,60.5891],[17.8802,60.59],[17.8731,60.5869],[17.8482,60.5863],[17.8414,60.5824],[17.8369,60.5828],[17.8356,60.5809],[17.8263,60.5818],[17.8214,60.5762],[17.8211,60.5782],[17.8157,60.5783],[17.8164,60.5754],[17.8198,60.5764],[17.8103,60.5693],[17.8043,60.5716],[17.7991,60.5691],[17.7933,60.569],[17.7821,60.5716],[17.7759,60.5691],[17.7708,60.569],[17.7688,60.5683],[17.7725,60.5645],[17.7662,60.5624],[17.7684,60.5612],[17.7706,60.5622],[17.7717,60.5602],[17.7674,60.5587],[17.7715,60.5599],[17.7713,60.558],[17.7658,60.5579],[17.7624,60.5558],[17.7605,60.5571],[17.7583,60.5544],[17.7505,60.5544],[17.7539,60.5516],[17.7527,60.5465],[17.7466,60.5456],[17.747,60.5441],[17.7431,60.5444],[17.741,60.5412],[17.7375,60.5418],[17.7392,60.5442],[17.7372,60.5452],[17.7403,60.5476],[17.7363,60.548],[17.7408,60.5522],[17.7373,60.5521],[17.7357,60.5536],[17.7376,60.5558],[17.739,60.5542],[17.7406,60.5568],[17.7344,60.5567],[17.7348,60.5543],[17.7284,60.556],[17.7251,60.553],[17.7278,60.5496],[17.7219,60.5485],[17.7213,60.5469],[17.7239,60.5471],[17.723,60.5433],[17.7284,60.5458],[17.7288,60.5437],[17.7261,60.543],[17.7297,60.5419],[17.7273,60.5389],[17.7216,60.5382],[17.7196,60.5298],[17.7253,60.5205],[17.7289,60.5202],[17.7317,60.5227],[17.7326,60.5206],[17.7359,60.5203],[17.73,60.515],[17.7332,60.5129],[17.7303,60.5122],[17.7301,60.5099],[17.7348,60.5098],[17.733,60.5016],[17.7299,60.5009],[17.7247,60.5072],[17.7159,60.5075],[17.7111,60.5062],[17.7111,60.509],[17.7078,60.5104],[17.7124,60.5154],[17.7102,60.5146],[17.7088,60.5165],[17.7124,60.5161],[17.7191,60.521],[17.7125,60.5225],[17.7095,60.5186],[17.7016,60.5215],[17.6921,60.5216],[17.6961,60.5249],[17.6927,60.5254],[17.6935,60.5265],[17.6966,60.5269],[17.6964,60.5251],[17.7006,60.5244],[17.7041,60.525],[17.7015,60.5284],[17.6963,60.528],[17.6969,60.5308],[17.6937,60.5304],[17.6948,60.5277],[17.691,60.5248],[17.6853,60.5255],[17.6865,60.5295],[17.6909,60.5317],[17.6987,60.5318],[17.7006,60.5302],[17.7049,60.5317],[17.7062,60.5287],[17.7098,60.5305],[17.7084,60.5359],[17.7121,60.5364],[17.7085,60.537],[17.7095,60.54],[17.7068,60.542],[17.7005,60.5423],[17.698,60.5446],[17.6949,60.5446],[17.6898,60.541],[17.6966,60.5425],[17.7029,60.5393],[17.7014,60.5354],[17.6984,60.5347],[17.7003,60.5329],[17.6908,60.535],[17.6857,60.5323],[17.683,60.534],[17.6793,60.5335],[17.6807,60.5349],[17.687,60.5352],[17.6887,60.5413],[17.6782,60.5377],[17.6789,60.5343],[17.6753,60.5351],[17.6773,60.529],[17.6832,60.5271],[17.6817,60.5248],[17.6767,60.5271],[17.6751,60.5256],[17.6775,60.5233],[17.6745,60.5225],[17.6742,60.5243],[17.6715,60.5236],[17.6709,60.5195],[17.6683,60.5191],[17.67,60.5156],[17.675,60.5168],[17.6717,60.5134],[17.6769,60.5133],[17.675,60.5161],[17.6778,60.5176],[17.6746,60.5174],[17.6734,60.5213],[17.6807,60.5214],[17.6843,60.5152],[17.6888,60.5197],[17.6914,60.5132],[17.6874,60.5061],[17.6749,60.507],[17.6719,60.5081],[17.672,60.5113],[17.6669,60.5111],[17.6647,60.5124],[17.6647,60.5113],[17.6611,60.515],[17.655,60.5148],[17.6557,60.5197],[17.6463,60.5243],[17.6489,60.5272],[17.6444,60.526],[17.6408,60.5286],[17.6432,60.5323],[17.6404,60.5326],[17.6438,60.5346],[17.6442,60.5311],[17.6516,60.5397],[17.6486,60.5404],[17.6454,60.538],[17.6412,60.5377],[17.6409,60.5409],[17.6338,60.541],[17.6339,60.5427],[17.6211,60.5395],[17.6242,60.5425],[17.6201,60.5447],[17.6227,60.5496],[17.6252,60.5484],[17.6256,60.5504],[17.6281,60.548],[17.6387,60.5549],[17.644,60.5546],[17.6395,60.5553],[17.6384,60.5598],[17.635,60.5597],[17.6344,60.5614],[17.6257,60.5611],[17.6256,60.5598],[17.6213,60.5606],[17.6239,60.5683],[17.6174,60.5672],[17.6186,60.569],[17.6134,60.5693],[17.6146,60.5713],[17.6,60.575],[17.601,60.5766],[17.6039,60.5749],[17.6077,60.5777],[17.6035,60.5792],[17.6024,60.5768],[17.6005,60.5774],[17.6018,60.5804],[17.599,60.5819],[17.6019,60.5825],[17.5983,60.5822],[17.5967,60.5808],[17.5933,60.5814],[17.5945,60.5832],[17.5984,60.5826],[17.5986,60.586],[17.5885,60.5847],[17.5908,60.5879],[17.5943,60.5879],[17.5932,60.5899],[17.5971,60.5904],[17.5949,60.5922],[17.5984,60.5927],[17.6002,60.5955],[17.5982,60.596],[17.6039,60.5975],[17.6056,60.5961],[17.6081,60.5978],[17.6096,60.5949],[17.6174,60.5965],[17.617,60.5945],[17.6249,60.599],[17.6304,60.5995],[17.6294,60.6036],[17.6335,60.6119],[17.6384,60.6152],[17.6355,60.617],[17.6377,60.619],[17.6425,60.6166],[17.6384,60.6147],[17.6403,60.6123],[17.6526,60.6162],[17.6486,60.618],[17.6504,60.6213],[17.6503,60.6198],[17.6544,60.619],[17.6546,60.6215],[17.6577,60.6212],[17.6554,60.6182],[17.66,60.6178],[17.6607,60.6198],[17.6628,60.6196],[17.662,60.617],[17.6591,60.6163],[17.6597,60.6135],[17.6608,60.6152],[17.6703,60.6166],[17.6711,60.6191],[17.6684,60.6179],[17.6639,60.6188],[17.6688,60.6233],[17.6681,60.627],[17.6604,60.628],[17.6602,60.626],[17.6576,60.6258],[17.6561,60.6271],[17.659,60.6278],[17.6548,60.6305],[17.656,60.6322],[17.6523,60.6315],[17.6508,60.6326],[17.6512,60.6308],[17.6476,60.6311],[17.6498,60.6329],[17.645,60.6317],[17.6464,60.6301],[17.6433,60.6302],[17.6432,60.6289],[17.6397,60.631],[17.6354,60.6284],[17.633,60.6309],[17.6278,60.6315],[17.6284,60.6328],[17.6186,60.6345],[17.623,60.6362],[17.6267,60.641],[17.6223,60.641],[17.6184,60.638],[17.6202,60.6437],[17.6158,60.6438],[17.6134,60.6464],[17.6081,60.6457],[17.6036,60.6479],[17.5993,60.6469],[17.5943,60.6492],[17.5848,60.6478],[17.5611,60.6516],[17.5563,60.6495],[17.5537,60.6498],[17.5554,60.6521],[17.5495,60.65],[17.5493,60.654],[17.553,60.6547],[17.556,60.6531],[17.5564,60.6558],[17.5631,60.6571],[17.5607,60.6594],[17.5647,60.6601],[17.5651,60.6629],[17.5588,60.6613],[17.5586,60.6597],[17.5514,60.661],[17.5496,60.6584],[17.5466,60.6587],[17.5472,60.6606],[17.543,60.6595],[17.5445,60.6525],[17.5386,60.6512],[17.5264,60.6537],[17.5288,60.6521],[17.5236,60.6525],[17.5256,60.6504],[17.5177,60.6505],[17.5092,60.6474],[17.4966,60.6482],[17.4956,60.6454],[17.4875,60.6438],[17.4862,60.6457],[17.4891,60.6478],[17.5029,60.6542],[17.501,60.6519],[17.5085,60.6549],[17.511,60.6611],[17.4993,60.6529],[17.4772,60.6468],[17.4779,60.6413],[17.4526,60.6417],[17.447,60.6365],[17.4363,60.6368],[17.432,60.6389],[17.4334,60.6431],[17.4393,60.6455],[17.4373,60.6484],[17.4256,60.6459],[17.4115,60.6535],[17.3965,60.6553],[17.4036,60.6509],[17.4016,60.6492],[17.4041,60.6466],[17.398,60.6457],[17.3865,60.6494],[17.3842,60.6474],[17.3796,60.6497],[17.3848,60.6331],[17.3142,60.5016],[17.3113,60.4484],[17.2784,60.4185],[17.2321,60.4242],[17.2011,60.3769],[17.2214,60.3547],[17.2008,60.3398],[17.2085,60.2969],[17.1667,60.2815],[17.1161,60.2848],[17.1216,60.2628],[17.0985,60.2529],[17.06,60.2705],[17.0204,60.2639],[16.9858,60.298],[16.9698,60.2837],[16.927,60.2848],[16.9303,60.2661],[16.8951,60.2529],[16.9171,60.2364],[16.8599,60.2276],[16.8511,60.2177],[16.8186,60.21],[16.8022,60.1971],[16.7592,60.1868],[16.7373,60.2048],[16.7163,60.1902]]]}},
    {"type":"Feature","properties":{"kod":"04","namn":"Södermanlands län"},"geometry":{"type":"Polygon","coordinates":[[[16.9826,59.5299],[16.9535,59.492],[16.9333,59.4841],[16.9177,59.4823],[16.9073,59.4785],[16.8871,59.4782],[16.8353,59.4979],[16.7571,59.502],[16.7209,59.4886],[16.7012,59.4864],[16.6661,59.4916],[16.649,59.486],[16.6233,59.4845],[16.4046,59.4598],[16.3762,59.4712],[16.3295,59.4534],[16.3022,59.4563],[16.2666,59.4557],[16.2632,59.4573],[16.2556,59.4522],[16.2463,59.426],[16.2474,59.4196],[16.2975,59.3981],[16.2771,59.3882],[16.2696,59.3672],[16.2157,59.3664],[16.1925,59.3589],[16.1776,59.3589],[16.1664,59.3526],[16.0732,59.3582],[16.0588,59.3693],[16.0386,59.3749],[15.9959,59.3649],[15.9848,59.3585],[15.9627,59.3579],[15.9429,59.348],[15.9417,59.3282],[15.9161,59.3235],[15.9155,59.3119],[15.9068,59.3043],[15.8858,59.309],[15.8847,59.2938],[15.8695,59.2903],[15.894,59.2408],[15.7671,59.21],[15.7616,59.1987],[15.8061,59.1157],[15.7748,59.106],[15.7064,59.1006],[15.7017,59.0922],[15.7167,59.0867],[15.7142,59.0806],[15.7017,59.0772],[15.6837,59.0645],[15.6707,59.0642],[15.6408,59.0543],[15.6361,59.0343],[15.6223,59.0258],[15.622,59.0166],[15.6303,59.0133],[15.6541,59.0116],[15.6508,58.9975],[15.663,58.9862],[15.6833,58.9828],[15.6816,58.9781],[15.735,58.9738],[15.7829,59.0339],[15.8343,59.012],[15.8543,58.9891],[15.9613,58.9585],[16.048,58.9401],[16.0969,58.8902],[16.1571,58.8504],[16.2243,58.8484],[16.363,58.7138],[16.5444,58.7047],[16.6382,58.6833],[16.6749,58.6833],[16.732,58.6466],[16.7365,58.6274],[16.7544,58.6273],[16.7627,58.6255],[16.7633,58.627],[16.7662,58.627],[16.7754,58.6233],[16.7866,58.6226],[16.7868,58.6257],[16.8003,58.6269],[16.8054,58.6224],[16.8109,58.6206],[16.817,58.6215],[16.8368,58.618],[16.8542,58.6186],[16.8606,58.6168],[16.872,58.6174],[16.8727,58.619],[16.8936,58.6143],[16.9035,58.6143],[16.9038,58.6117],[16.9081,58.61],[16.9161,58.6118],[16.919,58.611],[16.9185,58.6158],[16.9196,58.613],[16.9248,58.6105],[16.9412,58.6142],[16.934,58.6147],[16.9376,58.6156],[16.9385,58.6178],[16.9436,58.6169],[16.9713,58.6206],[16.9729,58.623],[16.9703,58.6267],[16.9755,58.6244],[16.9838,58.6243],[16.9868,58.6226],[16.9919,58.6229],[16.9897,58.6237],[16.9915,58.6248],[17.0147,58.6252],[17.0208,58.6293],[17.0258,58.6289],[17.0253,58.6307],[17.0304,58.6318],[17.0313,58.6342],[17.0283,58.6352],[17.0133,58.6337],[17.0406,58.6387],[17.0309,58.6393],[17.0265,58.6434],[17.0207,58.6427],[17.0191,58.6437],[17.0249,58.6451],[17.0245,58.6487],[17.0449,58.6489],[17.0465,58.6501],[17.0415,58.6519],[17.043,58.6537],[17.0255,58.6558],[17.0289,58.656],[17.0235,58.6624],[17.0088,58.666],[17.0062,58.6697],[17.0022,58.6694],[17.0097,58.6632],[17.0085,58.6618],[16.9956,58.6641],[16.992,58.6612],[16.9824,58.6649],[16.9745,58.6639],[16.9759,58.6623],[16.967,58.663],[16.9556,58.6682],[16.9507,58.6659],[16.9448,58.6656],[16.9417,58.6672],[16.9433,58.6685],[16.9404,58.67],[16.9408,58.6723],[16.9476,58.6748],[16.9512,58.6786],[16.9576,58.679],[16.955,58.676],[16.9638,58.6749],[16.9788,58.6806],[16.9808,58.6802],[16.9737,58.6759],[16.984,58.6765],[16.9845,58.6755],[16.9926,58.68],[17.0041,58.6821],[17.0023,58.6791],[16.995,58.6758],[16.9899,58.6754],[17.0044,58.6746],[17.0137,58.677],[17.0176,58.6766],[17.0203,58.6778],[17.018,58.6783],[17.024,58.6782],[17.0336,58.6776],[17.028,58.676],[17.0326,58.6728],[17.0463,58.6728],[17.0457,58.6748],[17.0483,58.6751],[17.0492,58.6728],[17.0631,58.6722],[17.0674,58.6698],[17.0719,58.6703],[17.0736,58.667],[17.0878,58.662],[17.0861,58.6602],[17.0801,58.6607],[17.081,58.6584],[17.0772,58.6568],[17.0791,58.6553],[17.0757,58.6553],[17.0793,58.654],[17.0713,58.6528],[17.0836,58.6525],[17.0818,58.6538],[17.0839,58.6548],[17.087,58.6523],[17.0928,58.6522],[17.0958,58.6506],[17.101,58.6515],[17.1008,58.6527],[17.1072,58.6525],[17.1004,58.6492],[17.1028,58.6474],[17.108,58.647],[17.1111,58.6479],[17.108,58.6503],[17.1116,58.6511],[17.113,58.6534],[17.1111,58.6542],[17.1178,58.6549],[17.1142,58.6572],[17.1103,58.6555],[17.1102,58.657],[17.1072,58.6571],[17.114,58.6576],[17.1121,58.659],[17.1061,58.6595],[17.1067,58.6608],[17.1015,58.6622],[17.097,58.662],[17.0962,58.6635],[17.1045,58.6633],[17.1028,58.6667],[17.1148,58.6608],[17.1233,58.6605],[17.1257,58.6612],[17.1253,58.6635],[17.1296,58.6615],[17.1392,58.6632],[17.1375,58.666],[17.1401,58.6717],[17.1328,58.6814],[17.146,58.6827],[17.1462,58.6861],[17.1616,58.6882],[17.17,58.6903],[17.1639,58.6903],[17.1605,58.6886],[17.1553,58.6892],[17.1564,58.6911],[17.1509,58.6904],[17.1538,58.6931],[17.1509,58.6942],[17.1534,58.695],[17.143,58.6954],[17.1445,58.6972],[17.1415,58.6974],[17.1449,58.6982],[17.1428,58.6994],[17.1243,58.6993],[17.1143,58.6962],[17.1162,58.6928],[17.1101,58.6907],[17.1092,58.6927],[17.1044,58.6926],[17.1052,58.6891],[17.0972,58.6916],[17.0753,58.6888],[17.0693,58.6904],[17.0699,58.6918],[17.0637,58.6912],[17.0633,58.6894],[17.0575,58.6897],[17.0539,58.6919],[17.0566,58.6931],[17.0543,58.6939],[17.0345,58.6968],[17.0366,58.6987],[17.047,58.6991],[17.0584,58.6985],[17.0594,58.6965],[17.0555,58.6961],[17.0599,58.6952],[17.0648,58.6975],[17.0823,58.6959],[17.0943,58.7015],[17.0871,58.6996],[17.0846,58.7014],[17.08,58.7013],[17.0767,58.7036],[17.082,58.706],[17.0798,58.708],[17.0899,58.7076],[17.0956,58.7097],[17.1128,58.7073],[17.125,58.7089],[17.1124,58.7109],[17.1062,58.7095],[17.1045,58.712],[17.0863,58.7157],[17.0864,58.7174],[17.0978,58.7196],[17.1013,58.7224],[17.1181,58.7248],[17.1159,58.7287],[17.11,58.7284],[17.1098,58.7323],[17.1038,58.7358],[17.0848,58.7394],[17.0802,58.7376],[17.08,58.7324],[17.0665,58.7313],[17.0251,58.7382],[17.0199,58.7405],[17.0197,58.7391],[17.0161,58.7417],[17.017,58.7432],[17.0124,58.7429],[17.0118,58.7441],[17.0174,58.7444],[17.0169,58.7472],[17.0187,58.7446],[17.024,58.7438],[17.0361,58.7448],[17.0362,58.7465],[17.041,58.7423],[17.0478,58.7408],[17.0468,58.7394],[17.054,58.7377],[17.0618,58.743],[17.0594,58.7469],[17.0628,58.748],[17.0696,58.7468],[17.0717,58.7486],[17.0719,58.747],[17.0789,58.7455],[17.0829,58.7415],[17.0916,58.7411],[17.0899,58.7441],[17.0938,58.7465],[17.0923,58.7499],[17.0836,58.7495],[17.0819,58.7508],[17.0962,58.7547],[17.0946,58.7576],[17.0878,58.7583],[17.0847,58.7609],[17.0835,58.7668],[17.0858,58.7697],[17.0882,58.7687],[17.0923,58.7695],[17.0981,58.7652],[17.0976,58.7632],[17.1035,58.7618],[17.1082,58.7574],[17.1072,58.7505],[17.1144,58.7484],[17.1181,58.7447],[17.1137,58.7382],[17.1229,58.7311],[17.1292,58.7295],[17.1318,58.726],[17.1345,58.7277],[17.1428,58.7254],[17.1487,58.726],[17.1473,58.7241],[17.1504,58.7228],[17.1506,58.7199],[17.1605,58.7167],[17.1607,58.7183],[17.1543,58.7195],[17.1574,58.7213],[17.1559,58.7225],[17.1591,58.7215],[17.1626,58.7224],[17.158,58.7261],[17.1572,58.7302],[17.1658,58.7305],[17.175,58.727],[17.1778,58.7297],[17.1815,58.727],[17.1889,58.7265],[17.1854,58.724],[17.1898,58.7216],[17.1928,58.7251],[17.1895,58.7257],[17.1892,58.7303],[17.1956,58.7281],[17.1995,58.7289],[17.2001,58.7267],[17.2025,58.7273],[17.2002,58.729],[17.2019,58.73],[17.1926,58.7332],[17.1923,58.7369],[17.1977,58.7388],[17.2059,58.7322],[17.2177,58.7306],[17.2206,58.7275],[17.2244,58.7283],[17.2248,58.7264],[17.2352,58.727],[17.2354,58.7284],[17.2388,58.7269],[17.2424,58.7275],[17.2432,58.7248],[17.2472,58.7252],[17.2507,58.7227],[17.2547,58.7236],[17.254,58.7219],[17.2675,58.721],[17.2757,58.7223],[17.2757,58.7249],[17.2808,58.7245],[17.2842,58.7265],[17.2782,58.7287],[17.2817,58.7295],[17.289,58.7274],[17.2921,58.7331],[17.2857,58.7378],[17.2869,58.7409],[17.2837,58.7409],[17.2839,58.7428],[17.2755,58.746],[17.2756,58.7475],[17.2779,58.7481],[17.2877,58.7434],[17.2881,58.7417],[17.2906,58.7445],[17.2932,58.7442],[17.2946,58.7472],[17.2978,58.7448],[17.3047,58.7461],[17.3001,58.7481],[17.3029,58.7494],[17.2945,58.7523],[17.2916,58.7573],[17.297,58.757],[17.2981,58.7592],[17.302,58.7583],[17.303,58.7599],[17.3117,58.7548],[17.3172,58.7548],[17.3306,58.7452],[17.3352,58.7457],[17.3399,58.7439],[17.3421,58.7457],[17.3384,58.7513],[17.3469,58.7562],[17.3507,58.7561],[17.3525,58.7541],[17.3539,58.7578],[17.3507,58.7602],[17.3525,58.761],[17.356,58.7597],[17.3562,58.7568],[17.3636,58.755],[17.363,58.7533],[17.3663,58.7546],[17.3668,58.7518],[17.3641,58.7506],[17.3728,58.7513],[17.3725,58.7481],[17.3771,58.7481],[17.3766,58.7477],[17.3773,58.7459],[17.377,58.7476],[17.379,58.7473],[17.3777,58.7434],[17.3806,58.7437],[17.3817,58.7458],[17.3821,58.7442],[17.3868,58.7452],[17.3878,58.7436],[17.393,58.7441],[17.3943,58.7423],[17.3976,58.7452],[17.399,58.7443],[17.3974,58.7471],[17.3824,58.7535],[17.3838,58.7555],[17.3923,58.7539],[17.3889,58.7581],[17.3936,58.7591],[17.3953,58.763],[17.3897,58.7626],[17.393,58.7686],[17.3883,58.7765],[17.3945,58.779],[17.3926,58.7824],[17.3975,58.7839],[17.3923,58.7861],[17.3903,58.7852],[17.3783,58.7865],[17.375,58.7833],[17.3742,58.7868],[17.379,58.789],[17.3865,58.7969],[17.3934,58.7964],[17.3912,58.7943],[17.3951,58.7913],[17.3981,58.7945],[17.3996,58.7931],[17.4006,58.7939],[17.3991,58.7905],[17.404,58.7883],[17.4063,58.79],[17.408,58.7891],[17.4092,58.7926],[17.4134,58.7902],[17.4177,58.7949],[17.4244,58.7932],[17.4286,58.7947],[17.4409,58.7907],[17.4444,58.7877],[17.4471,58.7881],[17.4582,58.7817],[17.4616,58.7871],[17.4561,58.7875],[17.4484,58.7933],[17.4526,58.7943],[17.4552,58.7921],[17.456,58.7942],[17.4606,58.7887],[17.4656,58.7867],[17.4662,58.7891],[17.4684,58.7853],[17.4765,58.7824],[17.4803,58.7788],[17.4939,58.7787],[17.4991,58.782],[17.505,58.7817],[17.5062,58.7854],[17.5131,58.7782],[17.5143,58.7843],[17.5063,58.7861],[17.5028,58.791],[17.4977,58.7897],[17.4975,58.7871],[17.4952,58.7878],[17.4955,58.7947],[17.4932,58.7969],[17.4912,58.7955],[17.4869,58.799],[17.4761,58.8005],[17.4653,58.8057],[17.4545,58.806],[17.462,58.8118],[17.4663,58.8131],[17.4649,58.8095],[17.4671,58.8087],[17.4672,58.8109],[17.4717,58.8129],[17.4701,58.8143],[17.4675,58.8131],[17.4674,58.8161],[17.4645,58.8169],[17.4666,58.8186],[17.4621,58.8208],[17.4608,58.8252],[17.4667,58.8244],[17.4705,58.8169],[17.4728,58.8203],[17.4767,58.8156],[17.4785,58.817],[17.4813,58.8154],[17.4822,58.8169],[17.4843,58.8161],[17.4868,58.8172],[17.4836,58.8231],[17.4802,58.8231],[17.4807,58.8299],[17.4738,58.8362],[17.4734,58.8394],[17.48,58.835],[17.479,58.8424],[17.4833,58.8408],[17.4847,58.842],[17.4892,58.8341],[17.4916,58.8329],[17.493,58.834],[17.4964,58.8298],[17.4963,58.8314],[17.5026,58.83],[17.5069,58.8363],[17.5079,58.8353],[17.5106,58.8369],[17.5045,58.8413],[17.5015,58.8404],[17.4968,58.8419],[17.4919,58.8462],[17.4895,58.8447],[17.4874,58.8467],[17.4842,58.8448],[17.482,58.8455],[17.4818,58.8473],[17.493,58.8483],[17.4981,58.8547],[17.4942,58.8554],[17.4936,58.8593],[17.4895,58.8593],[17.4894,58.8623],[17.4843,58.8628],[17.4835,58.8589],[17.4808,58.8622],[17.4766,58.8611],[17.4783,58.8655],[17.4751,58.8704],[17.4638,58.8745],[17.4672,58.8788],[17.4588,58.8863],[17.4532,58.8885],[17.4562,58.8927],[17.4607,58.8929],[17.4662,58.8884],[17.4733,58.8864],[17.4768,58.8782],[17.485,58.8716],[17.4891,58.8717],[17.4899,58.8756],[17.4867,58.8779],[17.4845,58.8767],[17.4847,58.8794],[17.4933,58.8753],[17.5028,58.8637],[17.5064,58.8609],[17.5121,58.861],[17.5132,58.8596],[17.5102,58.8586],[17.5153,58.8581],[17.5187,58.8528],[17.528,58.8527],[17.527,58.854],[17.532,58.8525],[17.542,58.848],[17.5443,58.8447],[17.5516,58.8431],[17.5527,58.8442],[17.5552,58.8408],[17.5685,58.8356],[17.5706,58.8364],[17.5701,58.835],[17.5781,58.8319],[17.5733,58.8371],[17.5782,58.8374],[17.5759,58.84],[17.5807,58.8404],[17.5798,58.8428],[17.5764,58.8425],[17.5708,58.8469],[17.5754,58.8458],[17.5743,58.8472],[17.5659,58.8497],[17.5572,58.8598],[17.5601,58.8598],[17.5677,58.8554],[17.572,58.8554],[17.5711,58.8534],[17.5778,58.8518],[17.5879,58.8529],[17.5856,58.8571],[17.581,58.8598],[17.5805,58.8578],[17.5729,58.8593],[17.5723,58.8578],[17.5658,58.8614],[17.5515,58.8651],[17.5511,58.8672],[17.5653,58.8683],[17.5572,58.8713],[17.5587,58.8723],[17.5557,58.8711],[17.5533,58.8726],[17.555,58.8751],[17.55,58.8814],[17.5446,58.8824],[17.5378,58.8886],[17.5268,58.8923],[17.5256,58.8949],[17.53,58.8981],[17.5317,58.8957],[17.5375,58.8949],[17.5359,58.8939],[17.539,58.8922],[17.5482,58.8926],[17.5503,58.8892],[17.5513,58.8938],[17.5524,58.8883],[17.5522,58.8907],[17.5542,58.8908],[17.5572,58.8879],[17.5569,58.8912],[17.5629,58.8911],[17.5616,58.8919],[17.5667,58.8933],[17.5763,58.8909],[17.582,58.885],[17.5846,58.8865],[17.5768,58.8952],[17.5885,58.8874],[17.5904,58.891],[17.5984,58.8873],[17.6028,58.8872],[17.6069,58.8881],[17.6061,58.8908],[17.613,58.8893],[17.6103,58.8878],[17.6129,58.8852],[17.6191,58.8848],[17.6223,58.8824],[17.6243,58.8851],[17.6274,58.8831],[17.6291,58.884],[17.6265,58.8877],[17.617,58.8898],[17.6161,58.8954],[17.618,58.8947],[17.6182,58.8976],[17.6244,58.8985],[17.6237,58.903],[17.6263,58.9049],[17.624,58.9083],[17.62,58.9083],[17.6207,58.9117],[17.6171,58.9163],[17.6154,58.9171],[17.6118,58.915],[17.5984,58.9128],[17.594,58.9136],[17.5902,58.9171],[17.5823,58.9172],[17.5875,58.9259],[17.5948,58.9281],[17.5957,58.9301],[17.6129,58.9285],[17.6123,58.9343],[17.6039,58.9351],[17.6027,58.9382],[17.5975,58.9394],[17.5857,58.9368],[17.579,58.9434],[17.5724,58.9466],[17.5709,58.9498],[17.5784,58.9511],[17.586,58.95],[17.5593,58.9564],[17.5443,58.9781],[17.5496,58.9907],[17.5051,58.9912],[17.4471,58.9975],[17.4331,58.9863],[17.3726,58.9926],[17.3325,59.0458],[17.316,59.0623],[17.3267,59.0794],[17.3153,59.0851],[17.3208,59.1473],[17.295,59.1764],[17.2771,59.1757],[17.259,59.1888],[17.2687,59.1902],[17.2623,59.2077],[17.2438,59.21],[17.251,59.2182],[17.2411,59.2262],[17.2692,59.2423],[17.278,59.2539],[17.3049,59.26],[17.3073,59.2744],[17.3484,59.2869],[17.3544,59.3126],[17.3401,59.3179],[17.3547,59.3335],[17.3377,59.3615],[17.4261,59.3627],[17.4111,59.3723],[17.4132,59.4064],[17.3823,59.4206],[17.3897,59.4331],[17.3612,59.4386],[17.3607,59.4543],[17.346,59.4602],[17.3091,59.4593],[17.2843,59.4681],[17.2074,59.4814],[17.1871,59.4952],[17.1581,59.5031],[17.1498,59.527],[17.1171,59.5427],[17.0835,59.5422],[17.0715,59.5275],[17.0591,59.5298],[17.0448,59.5296],[17.0282,59.5224],[17.0043,59.5247],[16.9826,59.5299]]]}},
    {"type":"Feature","properties":{"kod":"05","namn":"Östergötlands län"},"geometry":{"type":"Polygon","coordinates":[[[14.7797,58.6811],[14.7143,58.5885],[14.7073,58.5385],[14.4747,58.2966],[14.42,58.1931],[14.4334,58.1954],[14.4612,58.1672],[14.4766,58.138],[14.5476,58.1184],[14.56,58.1111],[14.5955,58.1125],[14.5969,58.1057],[14.6611,58.1038],[14.6647,58.1112],[14.6771,58.107],[14.7481,58.1075],[14.7686,58.1093],[14.7732,58.0915],[14.8184,58.0886],[14.8265,58.0865],[14.8841,58.097],[14.9017,58.0934],[14.8976,58.1079],[14.9058,58.1201],[14.9231,58.1175],[14.919,58.1321],[14.908,58.1266],[14.8994,58.1344],[14.9014,58.1472],[14.9499,58.1426],[14.9632,58.148],[14.9891,58.1644],[14.9969,58.1498],[14.9878,58.1375],[15.0142,58.1248],[15.016,58.1079],[15.0456,58.0656],[15.0369,58.0519],[15.0574,58.0378],[15.0839,58.0232],[15.0834,58.0136],[15.0907,58.005],[15.0729,57.9927],[15.0424,57.9972],[15.0178,57.9927],[15.0251,57.9558],[15.006,57.9462],[15.0192,57.9294],[15.0032,57.9107],[15.0232,57.8909],[15.0356,57.8847],[15.0336,57.8691],[15.0479,57.8615],[15.0702,57.8583],[15.0871,57.841],[15.0729,57.821],[15.1043,57.7715],[15.1306,57.7445],[15.1355,57.7252],[15.1626,57.7074],[15.1783,57.7082],[15.1883,57.7139],[15.2373,57.716],[15.2495,57.7089],[15.2737,57.711],[15.2879,57.7217],[15.342,57.7039],[15.3662,57.7117],[15.426,57.7112],[15.4469,57.7282],[15.4385,57.7358],[15.4501,57.7416],[15.434,57.755],[15.4688,57.7603],[15.4853,57.7719],[15.5014,57.7674],[15.5121,57.7764],[15.5246,57.7715],[15.5393,57.7808],[15.5531,57.7795],[15.5446,57.7996],[15.6089,57.8357],[15.6017,57.8495],[15.6013,57.8651],[15.6276,57.8642],[15.6396,57.8571],[15.6561,57.8656],[15.7141,57.8674],[15.7409,57.8567],[15.7708,57.8584],[15.806,57.8397],[15.8239,57.8236],[15.8542,57.8361],[15.9001,57.8361],[15.9131,57.8228],[15.9434,57.812],[15.9742,57.8339],[16.0237,57.8616],[16.0612,57.8776],[16.058,57.9146],[16.0326,57.9267],[16.0183,57.9567],[16.0448,57.9741],[16.0629,57.9699],[16.0755,57.9839],[16.0936,57.9866],[16.0483,57.9992],[16.0288,58.018],[15.9995,58.0313],[16.0009,58.0494],[16.0211,58.0605],[16.0204,58.0703],[15.9918,58.0835],[16.0058,58.0989],[16.0134,58.0989],[16.0246,58.0863],[16.0775,58.0773],[16.1187,58.0968],[16.1284,58.0961],[16.1521,58.0731],[16.1828,58.0759],[16.1682,58.1023],[16.1786,58.1205],[16.1898,58.1142],[16.2155,58.1156],[16.2142,58.1267],[16.2385,58.1424],[16.2681,58.1546],[16.2956,58.1461],[16.3115,58.1327],[16.3358,58.1275],[16.3624,58.1386],[16.3912,58.1418],[16.3986,58.1384],[16.414,58.1392],[16.4369,58.1218],[16.4534,58.1215],[16.4757,58.1055],[16.4982,58.0987],[16.5114,58.1121],[16.5336,58.1252],[16.5499,58.1224],[16.5519,58.113],[16.5628,58.113],[16.5745,58.1072],[16.5659,58.0964],[16.6004,58.0713],[16.6067,58.0607],[16.5967,58.0581],[16.6081,58.0504],[16.6002,58.0407],[16.6164,58.0342],[16.631,58.0193],[16.6324,58.009],[16.649,57.9991],[16.6644,57.9963],[16.6589,58.001],[16.6511,58.0027],[16.6515,58.0059],[16.6549,58.0075],[16.6537,58.0089],[16.65,58.0089],[16.654,58.0149],[16.6602,58.0182],[16.6582,58.0217],[16.6516,58.022],[16.6525,58.0252],[16.658,58.0259],[16.6643,58.0337],[16.6605,58.0423],[16.6598,58.0522],[16.6628,58.0541],[16.6669,58.0429],[16.6648,58.0388],[16.6687,58.0333],[16.6658,58.0288],[16.6718,58.0084],[16.6817,58.0022],[16.6891,58.0016],[16.6898,57.9978],[16.7014,57.9994],[16.7066,57.9951],[16.7156,57.9936],[16.7209,57.9946],[16.7231,57.9979],[16.7315,57.9979],[16.7321,57.999],[16.7277,58.0003],[16.7329,58.0005],[16.7305,58.002],[16.7349,58.0028],[16.727,58.0057],[16.7193,58.0031],[16.7069,58.0054],[16.7042,58.0021],[16.6969,58.0013],[16.6926,58.0078],[16.6956,58.0079],[16.694,58.0109],[16.6993,58.0124],[16.703,58.01],[16.7023,58.0128],[16.6978,58.0138],[16.7049,58.0125],[16.7066,58.0138],[16.691,58.0214],[16.7037,58.0181],[16.702,58.0192],[16.704,58.0211],[16.7197,58.0167],[16.7165,58.0182],[16.741,58.0151],[16.7361,58.0264],[16.7419,58.0219],[16.7412,58.02],[16.7445,58.0189],[16.7421,58.0179],[16.7435,58.0142],[16.7611,58.014],[16.7668,58.0115],[16.7595,58.0108],[16.7659,58.0061],[16.77,58.0077],[16.7832,58.006],[16.7854,58.0074],[16.7799,58.0085],[16.7821,58.0106],[16.768,58.0099],[16.7716,58.0118],[16.7688,58.0125],[16.7711,58.0138],[16.7687,58.0146],[16.7695,58.0183],[16.7642,58.0183],[16.7629,58.0209],[16.7662,58.0211],[16.7656,58.0197],[16.7696,58.0186],[16.7691,58.0217],[16.7606,58.0235],[16.7648,58.0252],[16.773,58.0253],[16.7759,58.0271],[16.7672,58.0319],[16.7634,58.033],[16.7631,58.032],[16.7602,58.0346],[16.752,58.0367],[16.7495,58.0392],[16.7505,58.0422],[16.7467,58.042],[16.7475,58.0375],[16.7457,58.0372],[16.7438,58.043],[16.7481,58.0451],[16.7454,58.0455],[16.7466,58.0464],[16.7295,58.0478],[16.7047,58.0454],[16.6826,58.0487],[16.7062,58.0475],[16.7127,58.0493],[16.724,58.0473],[16.7349,58.0509],[16.7483,58.0494],[16.754,58.0523],[16.7641,58.0522],[16.7636,58.0544],[16.7575,58.0556],[16.7585,58.0573],[16.7546,58.058],[16.7515,58.0564],[16.7436,58.0578],[16.7449,58.0531],[16.7385,58.0533],[16.7331,58.0571],[16.7371,58.0576],[16.7388,58.0559],[16.7442,58.0591],[16.7375,58.0585],[16.7374,58.0614],[16.7264,58.0642],[16.7294,58.0651],[16.726,58.0696],[16.743,58.0726],[16.7492,58.0688],[16.7538,58.07],[16.7577,58.0689],[16.7556,58.0726],[16.7684,58.0696],[16.7724,58.0707],[16.78,58.0672],[16.7771,58.0641],[16.7719,58.063],[16.7723,58.0558],[16.7678,58.0549],[16.7678,58.0507],[16.7752,58.0509],[16.7725,58.0488],[16.7745,58.0475],[16.7789,58.0485],[16.7797,58.0462],[16.7878,58.0467],[16.7935,58.0444],[16.8016,58.0442],[16.7993,58.0475],[16.805,58.047],[16.8008,58.0493],[16.8033,58.0488],[16.8035,58.0505],[16.7934,58.0543],[16.796,58.0542],[16.7906,58.0574],[16.7924,58.0585],[16.8042,58.0526],[16.8051,58.0562],[16.8012,58.0551],[16.7984,58.0564],[16.8031,58.0576],[16.8031,58.061],[16.7957,58.0611],[16.7958,58.0632],[16.8069,58.0609],[16.8077,58.0572],[16.8105,58.0562],[16.8143,58.0572],[16.8137,58.0632],[16.7922,58.0764],[16.7837,58.0788],[16.7757,58.0778],[16.7775,58.0802],[16.7739,58.0807],[16.7699,58.084],[16.7669,58.082],[16.7637,58.085],[16.7659,58.0877],[16.7603,58.0911],[16.7512,58.0902],[16.7391,58.0942],[16.7387,58.0972],[16.7452,58.0966],[16.7462,58.1008],[16.75,58.1004],[16.7525,58.0969],[16.7571,58.0961],[16.757,58.1005],[16.7359,58.1072],[16.7308,58.1064],[16.7351,58.1089],[16.7275,58.111],[16.73,58.1109],[16.7303,58.1127],[16.7268,58.1149],[16.7212,58.1165],[16.7197,58.1155],[16.7185,58.1172],[16.7242,58.1175],[16.7308,58.1143],[16.7329,58.1162],[16.7308,58.1197],[16.7279,58.1176],[16.7245,58.1189],[16.7288,58.1233],[16.7251,58.1261],[16.7136,58.1269],[16.7187,58.1174],[16.7139,58.1174],[16.7088,58.1198],[16.7107,58.1203],[16.7058,58.1201],[16.701,58.1223],[16.7016,58.1237],[16.7051,58.1221],[16.7033,58.1239],[16.7068,58.1248],[16.7016,58.1239],[16.7001,58.1262],[16.6921,58.1269],[16.6843,58.1315],[16.6782,58.1319],[16.6678,58.1398],[16.6567,58.1432],[16.6575,58.1455],[16.6619,58.146],[16.6597,58.1485],[16.6669,58.1473],[16.6771,58.1499],[16.675,58.1436],[16.6864,58.1405],[16.6931,58.146],[16.6943,58.1445],[16.6901,58.1393],[16.6973,58.1392],[16.6876,58.1307],[16.6981,58.1321],[16.6988,58.1303],[16.6956,58.1297],[16.703,58.1266],[16.7022,58.1281],[16.7093,58.1293],[16.7057,58.1362],[16.7075,58.137],[16.7147,58.135],[16.716,58.1308],[16.7222,58.1321],[16.6771,58.1563],[16.6588,58.1683],[16.6441,58.175],[16.626,58.1878],[16.6225,58.1871],[16.6186,58.1885],[16.6212,58.1935],[16.6089,58.2009],[16.6024,58.2018],[16.6041,58.2037],[16.6096,58.2027],[16.6263,58.1932],[16.6343,58.1915],[16.6332,58.1876],[16.6428,58.1824],[16.6473,58.1832],[16.6512,58.1761],[16.6555,58.1732],[16.6615,58.1726],[16.6651,58.1706],[16.6696,58.1713],[16.6699,58.1664],[16.6726,58.1697],[16.6831,58.1589],[16.6939,58.1514],[16.6987,58.1495],[16.7078,58.1498],[16.7085,58.1478],[16.7141,58.1467],[16.7126,58.148],[16.7148,58.1483],[16.7228,58.1422],[16.7277,58.1426],[16.7257,58.1406],[16.7201,58.1395],[16.7243,58.1386],[16.7257,58.1348],[16.7308,58.1318],[16.735,58.1334],[16.7409,58.1331],[16.7365,58.1298],[16.7416,58.1257],[16.7458,58.1306],[16.7456,58.1265],[16.7508,58.1233],[16.7508,58.1204],[16.7564,58.1188],[16.7609,58.1152],[16.7646,58.116],[16.7626,58.1125],[16.7661,58.1095],[16.7684,58.1099],[16.7744,58.107],[16.779,58.116],[16.7777,58.117],[16.772,58.1157],[16.7671,58.117],[16.7659,58.1192],[16.7604,58.1185],[16.7637,58.1218],[16.7613,58.1251],[16.764,58.1264],[16.7659,58.1239],[16.7729,58.1229],[16.7747,58.1197],[16.7812,58.1168],[16.7929,58.1248],[16.7961,58.1253],[16.7971,58.1233],[16.8026,58.1247],[16.7975,58.1259],[16.8086,58.1335],[16.8116,58.1327],[16.816,58.1342],[16.8183,58.1301],[16.8253,58.1295],[16.8242,58.1273],[16.8276,58.1274],[16.829,58.1345],[16.8199,58.1428],[16.815,58.1425],[16.8176,58.1465],[16.8257,58.1448],[16.827,58.1475],[16.8244,58.1476],[16.8274,58.1506],[16.8229,58.1524],[16.8254,58.1538],[16.8234,58.1555],[16.8262,58.1565],[16.8215,58.1589],[16.8108,58.1599],[16.8083,58.1587],[16.8065,58.1607],[16.8035,58.1606],[16.7955,58.166],[16.7977,58.167],[16.8004,58.1651],[16.8025,58.1658],[16.7988,58.1689],[16.7954,58.1675],[16.7915,58.1693],[16.7848,58.1661],[16.781,58.1712],[16.7776,58.1722],[16.785,58.1725],[16.7949,58.1691],[16.7954,58.1701],[16.8103,58.1705],[16.8101,58.1731],[16.8042,58.1775],[16.7909,58.1786],[16.7893,58.1801],[16.7934,58.1845],[16.7953,58.1828],[16.8003,58.1831],[16.7967,58.1795],[16.8047,58.1787],[16.806,58.1773],[16.8103,58.1803],[16.8151,58.1792],[16.8158,58.1776],[16.8133,58.1777],[16.8156,58.1751],[16.8114,58.1742],[16.8114,58.1724],[16.8145,58.1701],[16.8232,58.1696],[16.8195,58.1672],[16.8229,58.1673],[16.822,58.1656],[16.8284,58.1653],[16.8296,58.1625],[16.8323,58.1638],[16.83,58.1653],[16.834,58.1669],[16.8274,58.1695],[16.8343,58.169],[16.8412,58.1705],[16.8432,58.1731],[16.846,58.1721],[16.8497,58.1732],[16.8496,58.1712],[16.8546,58.1722],[16.8544,58.1758],[16.8482,58.1775],[16.8504,58.18],[16.8474,58.1786],[16.8432,58.1794],[16.8418,58.1776],[16.8399,58.179],[16.8448,58.1834],[16.8434,58.1847],[16.8394,58.1839],[16.8451,58.1889],[16.8535,58.192],[16.8556,58.1952],[16.8512,58.1964],[16.846,58.1953],[16.8373,58.1886],[16.8336,58.1888],[16.8291,58.1912],[16.8332,58.1938],[16.8369,58.1943],[16.8384,58.1929],[16.8436,58.1951],[16.8369,58.1956],[16.8378,58.1987],[16.8332,58.1979],[16.8342,58.1993],[16.828,58.1999],[16.8267,58.2021],[16.8161,58.1966],[16.8105,58.1957],[16.8115,58.1928],[16.8062,58.1952],[16.803,58.1948],[16.8147,58.2001],[16.8163,58.1992],[16.8146,58.2014],[16.8178,58.2013],[16.8223,58.2053],[16.8199,58.2061],[16.8144,58.2033],[16.8169,58.2059],[16.8083,58.2065],[16.8117,58.2075],[16.8117,58.2105],[16.8153,58.2124],[16.8223,58.2125],[16.825,58.2139],[16.8233,58.2147],[16.8283,58.2162],[16.8233,58.2182],[16.8273,58.2211],[16.8201,58.2193],[16.8193,58.2172],[16.8129,58.2188],[16.8058,58.2147],[16.8046,58.2111],[16.8023,58.2128],[16.8037,58.2167],[16.8003,58.2159],[16.7972,58.217],[16.7992,58.2181],[16.7953,58.2198],[16.7983,58.2205],[16.7982,58.2227],[16.8041,58.2236],[16.7984,58.2263],[16.8009,58.2297],[16.8184,58.2316],[16.8112,58.2322],[16.8113,58.2371],[16.7891,58.2383],[16.7959,58.2408],[16.802,58.2411],[16.7983,58.2428],[16.7894,58.2409],[16.781,58.2411],[16.7788,58.2424],[16.7748,58.2412],[16.765,58.247],[16.7608,58.2451],[16.7641,58.2414],[16.7628,58.2394],[16.7588,58.2394],[16.7571,58.2364],[16.7507,58.2353],[16.7543,58.24],[16.7506,58.2435],[16.743,58.2449],[16.7421,58.2464],[16.7558,58.2447],[16.7567,58.2432],[16.759,58.2445],[16.7505,58.2483],[16.7435,58.2491],[16.7479,58.2505],[16.746,58.2529],[16.7358,58.2568],[16.7229,58.2577],[16.7173,58.2606],[16.707,58.2617],[16.6963,58.2652],[16.7069,58.2655],[16.6986,58.2724],[16.7013,58.272],[16.7042,58.2742],[16.7054,58.2713],[16.7126,58.2672],[16.7191,58.2712],[16.7283,58.2715],[16.7281,58.27],[16.718,58.269],[16.7171,58.2664],[16.7198,58.265],[16.7176,58.2642],[16.7299,58.2598],[16.7364,58.2591],[16.7315,58.2642],[16.7427,58.2619],[16.7475,58.2645],[16.7506,58.2627],[16.7554,58.2628],[16.7545,58.2652],[16.7462,58.2675],[16.7502,58.2679],[16.7432,58.2707],[16.7449,58.2723],[16.7382,58.2786],[16.7436,58.2754],[16.7578,58.2734],[16.7647,58.2701],[16.7693,58.2701],[16.769,58.2717],[16.775,58.2706],[16.7755,58.2723],[16.7709,58.2736],[16.7719,58.2786],[16.7651,58.2832],[16.7676,58.2843],[16.7691,58.2823],[16.7766,58.2805],[16.7797,58.2767],[16.7918,58.2745],[16.8022,58.2761],[16.8033,58.2814],[16.7974,58.2821],[16.7943,58.2842],[16.7985,58.2893],[16.7872,58.2907],[16.7811,58.2893],[16.7884,58.2942],[16.8092,58.2966],[16.8069,58.2989],[16.8124,58.2997],[16.8157,58.3029],[16.818,58.303],[16.8178,58.3012],[16.8208,58.3017],[16.8176,58.3048],[16.8266,58.305],[16.8225,58.3116],[16.817,58.3113],[16.8095,58.3138],[16.8078,58.3174],[16.7976,58.3164],[16.7995,58.315],[16.7977,58.3118],[16.7945,58.3134],[16.7949,58.3158],[16.7811,58.3189],[16.7673,58.3166],[16.7659,58.314],[16.7637,58.3143],[16.7647,58.313],[16.7609,58.3123],[16.7495,58.3148],[16.7464,58.3137],[16.7507,58.3108],[16.7477,58.3096],[16.7376,58.3119],[16.7326,58.3108],[16.7308,58.3149],[16.7259,58.3168],[16.7234,58.3157],[16.7233,58.3177],[16.7191,58.3179],[16.7005,58.3252],[16.6831,58.3287],[16.6765,58.3313],[16.674,58.3346],[16.6678,58.3361],[16.6633,58.3355],[16.6532,58.3405],[16.6379,58.3446],[16.6309,58.349],[16.6314,58.3501],[16.6371,58.3502],[16.6286,58.3556],[16.6303,58.3563],[16.6474,58.3464],[16.6635,58.3402],[16.6766,58.3403],[16.6753,58.3379],[16.6827,58.338],[16.6817,58.3359],[16.6858,58.3381],[16.691,58.3365],[16.7029,58.3399],[16.7059,58.3355],[16.6977,58.3357],[16.6972,58.3342],[16.7138,58.3352],[16.7263,58.3313],[16.7279,58.3324],[16.7249,58.3343],[16.7252,58.3369],[16.7294,58.3389],[16.7312,58.3375],[16.7279,58.3359],[16.7286,58.3335],[16.7329,58.3319],[16.7331,58.3389],[16.7292,58.3391],[16.7285,58.3406],[16.7378,58.3489],[16.7401,58.3447],[16.7427,58.3462],[16.7462,58.345],[16.7491,58.3413],[16.7544,58.3426],[16.7522,58.3355],[16.7481,58.3344],[16.7523,58.3327],[16.7561,58.3331],[16.7568,58.3307],[16.7618,58.3327],[16.7772,58.3339],[16.7761,58.3373],[16.78,58.3372],[16.7838,58.3337],[16.7862,58.3348],[16.795,58.3336],[16.7991,58.3371],[16.8025,58.3347],[16.8027,58.3376],[16.7923,58.3406],[16.7849,58.3458],[16.7854,58.347],[16.7904,58.3464],[16.7908,58.3507],[16.7882,58.3533],[16.7953,58.3551],[16.792,58.3619],[16.786,58.3662],[16.7869,58.3676],[16.7798,58.3647],[16.7758,58.3665],[16.775,58.3686],[16.7791,58.3676],[16.7829,58.3704],[16.7768,58.3804],[16.7773,58.3836],[16.7735,58.3821],[16.7763,58.3758],[16.7702,58.3738],[16.7749,58.3689],[16.7692,58.3691],[16.7621,58.3724],[16.7648,58.3738],[16.7599,58.3753],[16.75,58.3743],[16.7509,58.3731],[16.7474,58.3726],[16.7463,58.3704],[16.7412,58.3714],[16.7366,58.3691],[16.7378,58.3646],[16.743,58.3655],[16.7468,58.361],[16.7422,58.3595],[16.7398,58.3562],[16.7371,58.3563],[16.7368,58.3541],[16.7345,58.3531],[16.7273,58.3572],[16.7277,58.3682],[16.7182,58.3671],[16.714,58.3592],[16.7092,58.3557],[16.708,58.3598],[16.7113,58.366],[16.7079,58.3699],[16.7146,58.3707],[16.7196,58.3737],[16.7271,58.3731],[16.7314,58.3768],[16.7282,58.3762],[16.713,58.3792],[16.7248,58.3846],[16.722,58.3869],[16.7163,58.3857],[16.7192,58.3932],[16.7061,58.4022],[16.6849,58.4062],[16.6751,58.4057],[16.663,58.4074],[16.66,58.4147],[16.656,58.4178],[16.6355,58.4214],[16.6325,58.4194],[16.6288,58.4212],[16.6239,58.4208],[16.6142,58.4333],[16.6233,58.4352],[16.6153,58.4354],[16.6132,58.4383],[16.6167,58.4404],[16.6036,58.4385],[16.6044,58.4396],[16.5991,58.4401],[16.5953,58.4361],[16.5784,58.435],[16.5686,58.4325],[16.5668,58.4284],[16.5603,58.4329],[16.5719,58.4359],[16.5725,58.4385],[16.5563,58.4459],[16.5263,58.4486],[16.5133,58.4532],[16.5069,58.4582],[16.4825,58.4648],[16.4815,58.4665],[16.4719,58.4664],[16.4691,58.465],[16.4689,58.4688],[16.4628,58.4727],[16.4554,58.4709],[16.4405,58.4746],[16.438,58.4779],[16.4341,58.4778],[16.4379,58.4745],[16.426,58.4754],[16.4249,58.4741],[16.4143,58.4755],[16.4201,58.4793],[16.4185,58.4829],[16.4238,58.4848],[16.4393,58.4831],[16.4423,58.4839],[16.4552,58.4817],[16.4535,58.4795],[16.4599,58.4764],[16.4724,58.4781],[16.4744,58.4758],[16.4857,58.4739],[16.4886,58.4756],[16.4863,58.4781],[16.473,58.4822],[16.4744,58.4834],[16.4805,58.4831],[16.4827,58.4847],[16.499,58.4809],[16.4987,58.4777],[16.5023,58.4782],[16.507,58.4741],[16.5168,58.4716],[16.5188,58.469],[16.5419,58.4638],[16.5425,58.4606],[16.5489,58.4578],[16.5689,58.455],[16.568,58.4525],[16.5792,58.4513],[16.5815,58.4465],[16.5972,58.4436],[16.609,58.4454],[16.6309,58.446],[16.6395,58.4388],[16.6518,58.4372],[16.6675,58.4326],[16.6737,58.4338],[16.6778,58.4373],[16.6773,58.434],[16.6823,58.4317],[16.6865,58.4321],[16.6838,58.4347],[16.6896,58.4318],[16.6951,58.4314],[16.7076,58.4245],[16.7161,58.4235],[16.7193,58.4211],[16.7232,58.4225],[16.7189,58.427],[16.7212,58.4292],[16.7275,58.4275],[16.7288,58.4316],[16.7327,58.43],[16.7355,58.431],[16.7322,58.422],[16.7336,58.421],[16.7341,58.4234],[16.7369,58.4229],[16.7383,58.4199],[16.7405,58.4219],[16.7487,58.4242],[16.7505,58.4235],[16.7541,58.4257],[16.7576,58.4323],[16.7634,58.4307],[16.7658,58.4331],[16.7686,58.433],[16.7691,58.4357],[16.7729,58.4364],[16.7721,58.4423],[16.7835,58.4402],[16.7892,58.4425],[16.7991,58.4414],[16.8047,58.4432],[16.8067,58.4411],[16.8177,58.4398],[16.8281,58.4407],[16.8368,58.4437],[16.8491,58.4443],[16.8524,58.4498],[16.846,58.4504],[16.8573,58.4529],[16.8587,58.4545],[16.8562,58.4559],[16.8602,58.4575],[16.862,58.4623],[16.8666,58.4619],[16.8677,58.4669],[16.8653,58.4713],[16.8541,58.4726],[16.8529,58.4739],[16.8685,58.4731],[16.8737,58.4742],[16.8782,58.4721],[16.8835,58.4722],[16.8826,58.4733],[16.8871,58.4722],[16.8901,58.4732],[16.8887,58.4756],[16.8981,58.4732],[16.9071,58.4766],[16.91,58.4747],[16.914,58.475],[16.9205,58.4712],[16.9282,58.471],[16.9293,58.4732],[16.9437,58.4747],[16.9414,58.4759],[16.9472,58.4779],[16.9486,58.4822],[16.9454,58.4863],[16.9416,58.4874],[16.9434,58.489],[16.9409,58.4915],[16.9361,58.4916],[16.9393,58.4931],[16.9358,58.4968],[16.9293,58.4951],[16.9334,58.4911],[16.9297,58.4926],[16.9251,58.4909],[16.9096,58.4906],[16.9151,58.4944],[16.9226,58.4941],[16.9207,58.4966],[16.9232,58.4979],[16.9123,58.5046],[16.9023,58.5056],[16.9003,58.5098],[16.8986,58.5089],[16.8937,58.5113],[16.8829,58.5112],[16.8799,58.5162],[16.8672,58.5166],[16.8784,58.5187],[16.8757,58.5213],[16.8682,58.5223],[16.8616,58.5207],[16.8646,58.5191],[16.8593,58.519],[16.8566,58.5217],[16.8606,58.5232],[16.8529,58.5253],[16.8361,58.526],[16.8318,58.5243],[16.8367,58.5267],[16.8308,58.5279],[16.8344,58.5301],[16.8681,58.527],[16.8637,58.5294],[16.8616,58.5278],[16.8574,58.5297],[16.8617,58.5306],[16.8596,58.5319],[16.853,58.5316],[16.8591,58.5338],[16.8512,58.5373],[16.8433,58.5383],[16.846,58.5406],[16.8425,58.542],[16.8397,58.5419],[16.841,58.5394],[16.8387,58.5389],[16.8191,58.5392],[16.8218,58.5402],[16.818,58.5415],[16.8247,58.543],[16.8212,58.5451],[16.8226,58.547],[16.8273,58.5467],[16.8271,58.5444],[16.8311,58.5429],[16.8295,58.5417],[16.833,58.5408],[16.8378,58.5443],[16.8485,58.5434],[16.8442,58.5474],[16.8458,58.55],[16.8361,58.5511],[16.8383,58.5534],[16.8315,58.5566],[16.8285,58.5546],[16.822,58.5572],[16.8208,58.5556],[16.7984,58.5589],[16.7878,58.5577],[16.7852,58.5588],[16.7899,58.5603],[16.7863,58.5617],[16.7825,58.5595],[16.7815,58.5614],[16.7867,58.564],[16.7807,58.5658],[16.7851,58.5669],[16.7831,58.569],[16.7788,58.5675],[16.7752,58.5701],[16.771,58.5694],[16.7681,58.5724],[16.7725,58.5732],[16.7715,58.575],[16.7763,58.5745],[16.7682,58.5786],[16.7796,58.5794],[16.7861,58.5773],[16.7878,58.5782],[16.7961,58.5767],[16.7973,58.5781],[16.7895,58.584],[16.778,58.5887],[16.7523,58.5907],[16.7519,58.5922],[16.788,58.5899],[16.7891,58.5919],[16.799,58.5916],[16.7971,58.5935],[16.8011,58.5934],[16.7956,58.5952],[16.8014,58.5966],[16.7989,58.5984],[16.795,58.597],[16.7843,58.6005],[16.773,58.6008],[16.7742,58.6045],[16.7651,58.6051],[16.7646,58.6036],[16.7554,58.6052],[16.7506,58.6039],[16.7444,58.6058],[16.7427,58.604],[16.7363,58.6054],[16.7338,58.6037],[16.7258,58.606],[16.7254,58.6048],[16.7161,58.6043],[16.72,58.6025],[16.7278,58.6041],[16.7218,58.6022],[16.7232,58.6013],[16.7198,58.6015],[16.7208,58.6005],[16.7296,58.5998],[16.73,58.5974],[16.7391,58.595],[16.7374,58.5942],[16.7476,58.5899],[16.7513,58.5863],[16.7654,58.5814],[16.7648,58.5799],[16.7299,58.5889],[16.7298,58.5949],[16.715,58.6007],[16.7052,58.6032],[16.6974,58.6009],[16.692,58.6037],[16.6898,58.602],[16.68,58.605],[16.675,58.6092],[16.6706,58.6099],[16.6707,58.6121],[16.6636,58.6164],[16.6378,58.6206],[16.6109,58.623],[16.608,58.6242],[16.612,58.6258],[16.6046,58.6242],[16.5964,58.6283],[16.5793,58.6288],[16.5672,58.6328],[16.5496,58.6339],[16.5514,58.63],[16.545,58.6308],[16.5445,58.6298],[16.5478,58.627],[16.5646,58.6234],[16.5616,58.6225],[16.5622,58.6208],[16.5509,58.6198],[16.5448,58.6159],[16.5369,58.615],[16.5376,58.6198],[16.5347,58.62],[16.5351,58.6179],[16.5273,58.6186],[16.5263,58.6175],[16.5179,58.6174],[16.5132,58.6219],[16.5083,58.621],[16.5002,58.6277],[16.4944,58.6288],[16.4874,58.626],[16.4759,58.6324],[16.4721,58.6316],[16.4576,58.6358],[16.454,58.6349],[16.4524,58.6365],[16.4411,58.6381],[16.4413,58.6338],[16.4381,58.6329],[16.4424,58.6305],[16.4399,58.629],[16.435,58.6289],[16.4287,58.6324],[16.4243,58.6315],[16.4334,58.626],[16.4294,58.6253],[16.4303,58.6227],[16.4367,58.6229],[16.4373,58.6196],[16.4293,58.6153],[16.4279,58.611],[16.4305,58.6094],[16.4268,58.6092],[16.4325,58.604],[16.4188,58.6049],[16.4192,58.6036],[16.4289,58.6007],[16.4353,58.6009],[16.4377,58.5991],[16.4308,58.5992],[16.4266,58.5923],[16.4213,58.5935],[16.4114,58.5919],[16.4095,58.5927],[16.4108,58.5896],[16.4162,58.5886],[16.4111,58.589],[16.4102,58.5871],[16.4048,58.5856],[16.4014,58.5867],[16.4039,58.5895],[16.402,58.5905],[16.398,58.5884],[16.3942,58.5911],[16.3903,58.5911],[16.3907,58.5952],[16.3842,58.5991],[16.3853,58.6025],[16.381,58.6035],[16.3897,58.6083],[16.3844,58.616],[16.3884,58.617],[16.3816,58.62],[16.3792,58.6202],[16.3786,58.6176],[16.3737,58.619],[16.37,58.6239],[16.3665,58.6222],[16.3577,58.6239],[16.3623,58.6287],[16.3544,58.6311],[16.333,58.6324],[16.3334,58.6295],[16.3419,58.6283],[16.3438,58.6263],[16.3418,58.6234],[16.3457,58.6221],[16.3455,58.6204],[16.3389,58.6228],[16.3355,58.6198],[16.3408,58.6182],[16.3466,58.6186],[16.3387,58.6162],[16.3327,58.6163],[16.3315,58.6144],[16.3252,58.6195],[16.3105,58.6171],[16.3089,58.6145],[16.3219,58.6111],[16.3192,58.6109],[16.3181,58.6074],[16.3089,58.6066],[16.303,58.6083],[16.2981,58.607],[16.2945,58.6091],[16.293,58.6068],[16.2911,58.6082],[16.2889,58.6069],[16.2709,58.6099],[16.2594,58.609],[16.2562,58.6129],[16.2582,58.6136],[16.2609,58.6121],[16.258,58.6139],[16.2568,58.6138],[16.2519,58.6169],[16.2481,58.6166],[16.2315,58.6084],[16.2337,58.6062],[16.228,58.6058],[16.2279,58.6028],[16.2249,58.6039],[16.2133,58.5969],[16.2002,58.5942],[16.1943,58.5946],[16.2011,58.595],[16.2125,58.5983],[16.2116,58.607],[16.1919,58.6131],[16.1903,58.6113],[16.1931,58.6064],[16.188,58.6118],[16.1847,58.6113],[16.1806,58.6152],[16.1835,58.6169],[16.181,58.617],[16.1788,58.6213],[16.1841,58.6242],[16.1825,58.6309],[16.1865,58.6354],[16.1845,58.6395],[16.1883,58.6416],[16.1926,58.6415],[16.1946,58.6392],[16.2021,58.6376],[16.2117,58.6323],[16.2123,58.6279],[16.2123,58.6323],[16.2198,58.6336],[16.2256,58.631],[16.2224,58.6302],[16.225,58.6293],[16.2309,58.6321],[16.2471,58.629],[16.2462,58.6313],[16.2446,58.6308],[16.2463,58.6314],[16.2496,58.6321],[16.2548,58.6292],[16.2579,58.6294],[16.2542,58.6314],[16.2567,58.6336],[16.2567,58.6326],[16.2638,58.6385],[16.2665,58.6381],[16.2675,58.6423],[16.272,58.6417],[16.2715,58.6449],[16.2664,58.6451],[16.2641,58.6485],[16.2567,58.6504],[16.2573,58.6531],[16.263,58.6534],[16.2561,58.655],[16.2562,58.6532],[16.2505,58.653],[16.2359,58.6568],[16.2271,58.6564],[16.2254,58.6612],[16.2279,58.666],[16.2546,58.665],[16.2584,58.6621],[16.2669,58.6635],[16.2672,58.667],[16.2771,58.6683],[16.3185,58.6637],[16.3262,58.6662],[16.3514,58.6665],[16.3866,58.6581],[16.3975,58.6595],[16.4014,58.6573],[16.4067,58.6571],[16.409,58.6593],[16.413,58.6597],[16.4209,58.6584],[16.4239,58.6593],[16.4636,58.6575],[16.4951,58.6517],[16.5232,58.6497],[16.5594,58.6433],[16.583,58.6417],[16.5993,58.6367],[16.6078,58.6362],[16.619,58.638],[16.6243,58.637],[16.6273,58.6389],[16.6497,58.6351],[16.6535,58.6333],[16.6772,58.6342],[16.6776,58.6321],[16.6938,58.6318],[16.7044,58.6279],[16.722,58.6264],[16.7366,58.6272],[16.732,58.6466],[16.6749,58.6833],[16.6382,58.6833],[16.5444,58.7047],[16.363,58.7138],[16.2243,58.8484],[16.1571,58.8504],[16.0969,58.8902],[16.048,58.9401],[15.9613,58.9585],[15.8543,58.9891],[15.8343,59.012],[15.7829,59.0339],[15.735,58.9738],[15.6816,58.9781],[15.6405,58.9772],[15.6254,58.9855],[15.5873,58.9595],[15.5561,58.9596],[15.557,58.9441],[15.592,58.909],[15.5858,58.8982],[15.5648,58.8938],[15.5545,58.8777],[15.542,58.876],[15.5179,58.8666],[15.4936,58.8702],[15.4822,58.8672],[15.4435,58.8672],[15.4427,58.8542],[15.4543,58.8436],[15.4543,58.8262],[15.4308,58.8254],[15.4136,58.8118],[15.4031,58.8456],[15.3843,58.8506],[15.3497,58.8323],[15.3272,58.8533],[15.3261,58.8616],[15.2929,58.8528],[15.2899,58.8602],[15.2622,58.8661],[15.2489,58.8436],[15.2221,58.8436],[15.2229,58.835],[15.2002,58.8194],[15.1656,58.8151],[15.1349,58.822],[15.1246,58.8008],[15.1198,58.7753],[15.1041,58.7738],[15.0952,58.7679],[15.0792,58.7697],[15.0506,58.7433],[15.051,58.729],[15.0385,58.7104],[15.01,58.7108],[15.0069,58.7018],[14.9804,58.6947],[14.9329,58.7053],[14.8062,58.6736],[14.7797,58.6811]]]}},
    {"type":"Feature","properties":{"kod":"06","namn":"Jönköpings län"},"geometry":{"type":"Polygon","coordinates":[[[13.1027,57.1597],[13.0803,57.1362],[13.1076,57.1378],[13.0875,57.1193],[13.0835,57.1053],[13.0972,57.0944],[13.0947,57.0865],[13.1285,57.0638],[13.1214,57.0447],[13.1285,57.0276],[13.143,57.0421],[13.1615,57.0421],[13.1776,57.055],[13.1712,57.0775],[13.2379,57.0815],[13.2395,57.0944],[13.2275,57.1032],[13.2436,57.1089],[13.2605,57.0952],[13.2838,57.104],[13.2967,57.1129],[13.3353,57.1097],[13.3401,57.1185],[13.4286,57.1274],[13.4567,57.1137],[13.4534,57.1098],[13.4817,57.1217],[13.5026,57.1233],[13.5066,57.092],[13.5323,57.0984],[13.5428,57.0879],[13.5726,57.0823],[13.579,57.0735],[13.5991,57.0735],[13.6081,57.0686],[13.6086,57.0547],[13.5955,57.0435],[13.6096,57.0294],[13.6012,57.0226],[13.6353,57.0016],[13.6348,56.9924],[13.6611,56.996],[13.6992,56.9769],[13.6978,56.994],[13.7167,57.0085],[13.7171,57.0254],[13.7341,57.0387],[13.7463,57.0424],[13.765,57.0415],[13.7633,57.0337],[13.7754,57.029],[13.7993,57.0284],[13.8126,57.0319],[13.825,57.0141],[13.8403,57.0124],[13.848,57.0047],[13.8617,57.0042],[13.881,57.0247],[13.9174,57.024],[13.9294,57.0347],[13.9298,57.0446],[13.982,57.0483],[13.9959,57.0363],[14.0244,57.0576],[14.0765,57.0529],[14.1065,57.0426],[14.1033,57.0271],[14.148,57.0284],[14.1438,57.0155],[14.188,56.99],[14.1923,56.9659],[14.2157,56.9593],[14.2236,56.9414],[14.2288,56.9144],[14.2587,56.8922],[14.3018,56.8824],[14.3091,56.8868],[14.3281,56.8874],[14.332,56.8988],[14.3482,56.9184],[14.3677,56.9273],[14.398,56.9692],[14.3734,56.9873],[14.3722,56.9977],[14.3853,57.003],[14.3783,57.01],[14.3573,57.0098],[14.3407,57.0239],[14.3398,57.0473],[14.3426,57.061],[14.3675,57.0643],[14.3684,57.0997],[14.3487,57.1205],[14.3699,57.13],[14.3581,57.1538],[14.3736,57.158],[14.3844,57.1549],[14.3933,57.1638],[14.4079,57.1604],[14.4213,57.1638],[14.4316,57.153],[14.4499,57.1574],[14.4643,57.1691],[14.4908,57.1648],[14.4944,57.1589],[14.504,57.16],[14.5133,57.1657],[14.5202,57.1674],[14.5479,57.1678],[14.5591,57.18],[14.5597,57.1917],[14.5783,57.1964],[14.6129,57.1856],[14.6204,57.1931],[14.6209,57.2109],[14.6641,57.2103],[14.6996,57.2189],[14.7262,57.2305],[14.7455,57.2353],[14.7647,57.2311],[14.7722,57.2329],[14.7965,57.2329],[14.8255,57.2249],[14.8452,57.217],[14.8522,57.21],[14.8845,57.202],[14.8873,57.1936],[14.9005,57.1866],[14.8948,57.1744],[14.913,57.1385],[14.9576,57.1444],[14.9783,57.1413],[15.0047,57.1497],[15.0204,57.1698],[15.0349,57.1719],[15.0499,57.171],[15.0508,57.1779],[15.0904,57.202],[15.1065,57.2046],[15.1605,57.1869],[15.1629,57.2118],[15.1356,57.2412],[15.15,57.2438],[15.1719,57.2327],[15.1797,57.2369],[15.1917,57.2321],[15.1944,57.2187],[15.2132,57.2154],[15.2438,57.2366],[15.2529,57.2296],[15.2648,57.2315],[15.2835,57.2286],[15.3097,57.2327],[15.3283,57.2288],[15.3487,57.2351],[15.4119,57.2342],[15.4194,57.2297],[15.4374,57.2261],[15.4488,57.2205],[15.4584,57.2258],[15.4964,57.2153],[15.5176,57.2124],[15.5247,57.2222],[15.5113,57.25],[15.4893,57.2538],[15.4548,57.2701],[15.4826,57.2806],[15.4711,57.2921],[15.474,57.3122],[15.5056,57.3141],[15.5094,57.3342],[15.5209,57.3447],[15.5075,57.3533],[15.5132,57.3677],[15.5218,57.3677],[15.496,57.3782],[15.5209,57.3897],[15.517,57.3983],[15.5247,57.4156],[15.5008,57.4146],[15.495,57.4424],[15.5045,57.4482],[15.5041,57.462],[15.5174,57.4584],[15.5449,57.4733],[15.5648,57.4671],[15.5617,57.4604],[15.5731,57.4514],[15.5911,57.4506],[15.597,57.4384],[15.617,57.4443],[15.6213,57.4949],[15.6456,57.498],[15.6476,57.5114],[15.6302,57.5328],[15.6186,57.5383],[15.6161,57.5462],[15.5757,57.553],[15.6051,57.5713],[15.6284,57.594],[15.6523,57.5934],[15.6645,57.605],[15.6265,57.6093],[15.5947,57.6265],[15.5849,57.6436],[15.531,57.6589],[15.52,57.6681],[15.5071,57.6675],[15.4918,57.6792],[15.4759,57.6782],[15.442,57.6903],[15.426,57.7112],[15.3662,57.7117],[15.342,57.7039],[15.2879,57.7217],[15.2737,57.711],[15.2495,57.7089],[15.2373,57.716],[15.1883,57.7139],[15.1783,57.7082],[15.1626,57.7074],[15.1355,57.7252],[15.1306,57.7445],[15.1043,57.7715],[15.0729,57.821],[15.0871,57.841],[15.0702,57.8583],[15.0479,57.8615],[15.0336,57.8691],[15.0356,57.8847],[15.0232,57.8909],[15.0032,57.9107],[15.0192,57.9294],[15.006,57.9462],[15.0251,57.9558],[15.0178,57.9927],[15.0424,57.9972],[15.0729,57.9927],[15.0907,58.005],[15.0834,58.0136],[15.0839,58.0232],[15.0574,58.0378],[15.0369,58.0519],[15.0456,58.0656],[15.016,58.1079],[15.0142,58.1248],[14.9878,58.1375],[14.9969,58.1498],[14.9891,58.1644],[14.9632,58.148],[14.9499,58.1426],[14.9014,58.1472],[14.8994,58.1344],[14.908,58.1266],[14.919,58.1321],[14.9231,58.1175],[14.9058,58.1201],[14.8976,58.1079],[14.9017,58.0934],[14.8841,58.097],[14.8265,58.0865],[14.8184,58.0886],[14.7732,58.0915],[14.7686,58.1093],[14.7481,58.1075],[14.6771,58.107],[14.6647,58.1112],[14.6611,58.1038],[14.5969,58.1057],[14.5955,58.1125],[14.56,58.1111],[14.5476,58.1184],[14.4766,58.138],[14.4612,58.1672],[14.4334,58.1954],[14.367,58.1796],[14.3142,58.1314],[14.2119,58.1338],[14.1706,58.1234],[14.1305,58.1454],[14.1223,58.0965],[14.1109,58.0856],[14.1199,58.0742],[14.1066,58.0613],[14.0718,58.0432],[14.0675,58.0241],[13.9618,58.007],[13.9465,58.0322],[13.9141,58.0437],[13.8713,58.0475],[13.8617,58.0384],[13.8151,58.0527],[13.7889,58.0532],[13.7684,58.0422],[13.7765,58.0108],[13.7568,58.006],[13.756,57.9965],[13.7365,57.9998],[13.7203,57.9875],[13.7235,57.9763],[13.69,57.9747],[13.7139,57.9642],[13.7285,57.9345],[13.7398,57.9403],[13.7629,57.9407],[13.7721,57.9244],[13.7938,57.9269],[13.793,57.911],[13.7691,57.8976],[13.7679,57.875],[13.739,57.8587],[13.7412,57.8178],[13.7504,57.8106],[13.7432,57.8021],[13.755,57.7726],[13.7209,57.7458],[13.7131,57.7275],[13.7334,57.721],[13.6941,57.7066],[13.7249,57.6948],[13.7216,57.6706],[13.7105,57.6431],[13.6712,57.6274],[13.6706,57.6006],[13.6751,57.5823],[13.6954,57.5797],[13.6778,57.5528],[13.5875,57.4999],[13.5875,57.4861],[13.5482,57.4541],[13.5365,57.4377],[13.5169,57.4392],[13.5155,57.4142],[13.4802,57.4017],[13.4723,57.3847],[13.4318,57.3782],[13.4338,57.3566],[13.3925,57.35],[13.3657,57.333],[13.2879,57.3186],[13.2892,57.2931],[13.2643,57.2637],[13.2499,57.2742],[13.2322,57.278],[13.2244,57.2637],[13.1976,57.2571],[13.1931,57.2363],[13.1338,57.173],[13.1027,57.1597]]]}},
    {"type":"Feature","properties":{"kod":"07","namn":"Kronobergs län"},"geometry":{"type":"Polygon","coordinates":[[[13.4464,56.4266],[13.4622,56.4161],[13.5073,56.4151],[13.5387,56.4092],[13.5871,56.4098],[13.611,56.4209],[13.6372,56.4191],[13.6565,56.4298],[13.6851,56.4302],[13.6993,56.4446],[13.8333,56.4541],[13.9185,56.4734],[13.9836,56.4758],[14.0306,56.4952],[14.0313,56.5143],[14.0504,56.5333],[14.0702,56.5314],[14.0836,56.5226],[14.1097,56.5266],[14.1168,56.5165],[14.1549,56.515],[14.2045,56.5027],[14.2131,56.5072],[14.2788,56.5027],[14.295,56.4941],[14.318,56.496],[14.3258,56.4896],[14.3503,56.4829],[14.3863,56.4851],[14.4934,56.4695],[14.5738,56.4493],[14.5943,56.4508],[14.6067,56.4427],[14.6126,56.4274],[14.6528,56.4069],[14.6631,56.3937],[14.7055,56.3908],[14.7245,56.393],[14.7458,56.3849],[14.7721,56.39],[14.7889,56.3805],[14.8511,56.3652],[14.8921,56.3703],[14.9192,56.3908],[14.9557,56.4076],[14.9711,56.4369],[14.9909,56.4552],[15.0231,56.4566],[15.0428,56.4456],[15.0406,56.461],[15.1233,56.4617],[15.1423,56.4427],[15.1687,56.4361],[15.1987,56.4413],[15.206,56.4559],[15.2016,56.4654],[15.2437,56.4725],[15.2559,56.4771],[15.2685,56.472],[15.2737,56.465],[15.3046,56.4645],[15.3186,56.4608],[15.3509,56.487],[15.3313,56.4928],[15.3289,56.5048],[15.3383,56.5118],[15.3378,56.5188],[15.35,56.5254],[15.3434,56.5408],[15.3509,56.5488],[15.3537,56.5727],[15.365,56.5652],[15.3809,56.583],[15.3818,56.5928],[15.3629,56.5971],[15.3659,56.6148],[15.3818,56.6181],[15.386,56.6321],[15.4137,56.6448],[15.4127,56.6523],[15.3963,56.6607],[15.4198,56.6762],[15.4076,56.6883],[15.4174,56.7085],[15.4179,56.7188],[15.3909,56.7228],[15.3912,56.7412],[15.3697,56.7595],[15.3575,56.7611],[15.3678,56.7834],[15.4277,56.7862],[15.4464,56.7829],[15.4479,56.7951],[15.445,56.804],[15.4914,56.8012],[15.5415,56.8138],[15.5537,56.834],[15.5424,56.8658],[15.5574,56.8803],[15.549,56.8981],[15.5265,56.9084],[15.5204,56.9192],[15.5476,56.9351],[15.5846,56.9276],[15.5991,56.9323],[15.6637,56.9107],[15.7002,56.921],[15.7513,56.9173],[15.7827,56.9234],[15.8,56.9168],[15.83,56.9421],[15.8403,56.9861],[15.829,57.0049],[15.792,57.0297],[15.7827,57.0409],[15.7377,57.0625],[15.7293,57.0835],[15.7064,57.0823],[15.652,57.1177],[15.6506,57.1355],[15.6334,57.1341],[15.6047,57.1416],[15.6047,57.15],[15.5865,57.1575],[15.5575,57.1547],[15.5718,57.1751],[15.5659,57.1949],[15.5503,57.193],[15.5279,57.211],[15.4964,57.2153],[15.4584,57.2258],[15.4488,57.2205],[15.4374,57.2261],[15.4194,57.2297],[15.4119,57.2342],[15.3487,57.2351],[15.3283,57.2288],[15.3097,57.2327],[15.2835,57.2286],[15.2648,57.2315],[15.2529,57.2296],[15.2438,57.2366],[15.2132,57.2154],[15.1944,57.2187],[15.1917,57.2321],[15.1797,57.2369],[15.1719,57.2327],[15.15,57.2438],[15.1356,57.2412],[15.1629,57.2118],[15.1605,57.1869],[15.1065,57.2046],[15.0904,57.202],[15.0508,57.1779],[15.0499,57.171],[15.0349,57.1719],[15.0204,57.1698],[15.0047,57.1497],[14.9783,57.1413],[14.9576,57.1444],[14.913,57.1385],[14.8948,57.1744],[14.9005,57.1866],[14.8873,57.1936],[14.8845,57.202],[14.8522,57.21],[14.8452,57.217],[14.8255,57.2249],[14.7965,57.2329],[14.7722,57.2329],[14.7647,57.2311],[14.7455,57.2353],[14.7262,57.2305],[14.6996,57.2189],[14.6641,57.2103],[14.6209,57.2109],[14.6204,57.1931],[14.6129,57.1856],[14.5783,57.1964],[14.5597,57.1917],[14.5591,57.18],[14.5479,57.1678],[14.5202,57.1674],[14.5133,57.1657],[14.504,57.16],[14.4944,57.1589],[14.4908,57.1648],[14.4643,57.1691],[14.4499,57.1574],[14.4316,57.153],[14.4213,57.1638],[14.4079,57.1604],[14.3933,57.1638],[14.3844,57.1549],[14.3736,57.158],[14.3581,57.1538],[14.3699,57.13],[14.3487,57.1205],[14.3684,57.0997],[14.3675,57.0643],[14.3426,57.061],[14.3398,57.0473],[14.3407,57.0239],[14.3573,57.0098],[14.3783,57.01],[14.3853,57.003],[14.3722,56.9977],[14.3734,56.9873],[14.398,56.9692],[14.3677,56.9273],[14.3482,56.9184],[14.332,56.8988],[14.3281,56.8874],[14.3091,56.8868],[14.3018,56.8824],[14.2587,56.8922],[14.2288,56.9144],[14.2236,56.9414],[14.2157,56.9593],[14.1923,56.9659],[14.188,56.99],[14.1438,57.0155],[14.148,57.0284],[14.1033,57.0271],[14.1065,57.0426],[14.0765,57.0529],[14.0244,57.0576],[13.9959,57.0363],[13.982,57.0483],[13.9298,57.0446],[13.9294,57.0347],[13.9174,57.024],[13.881,57.0247],[13.8617,57.0042],[13.848,57.0047],[13.8403,57.0124],[13.825,57.0141],[13.8126,57.0319],[13.7993,57.0284],[13.7754,57.029],[13.7633,57.0337],[13.765,57.0415],[13.7463,57.0424],[13.7341,57.0387],[13.7171,57.0254],[13.7167,57.0085],[13.6978,56.994],[13.6992,56.9769],[13.6873,56.9363],[13.6688,56.9311],[13.6693,56.9239],[13.6276,56.9162],[13.6147,56.9152],[13.606,56.9013],[13.5803,56.8977],[13.5607,56.9028],[13.5473,56.8936],[13.5303,56.8997],[13.493,56.8731],[13.4716,56.8776],[13.4732,56.8868],[13.451,56.8858],[13.437,56.8747],[13.4093,56.8786],[13.3666,56.8626],[13.3388,56.8791],[13.3378,56.8451],[13.3059,56.8338],[13.3053,56.8179],[13.3203,56.7967],[13.3208,56.7292],[13.332,56.7131],[13.3158,56.7032],[13.3176,56.6898],[13.3385,56.6922],[13.3682,56.6713],[13.4262,56.5812],[13.4487,56.5788],[13.4447,56.5546],[13.4736,56.5249],[13.4543,56.4726],[13.4691,56.458],[13.4711,56.4369],[13.4464,56.4266]]]}},
    {"type":"Feature","properties":{"kod":"08","namn":"Kalmar län"},"geometry":{"type":"MultiPolygon","coordinates":[[[[16.5022,57.0146],[16.4979,57.0161],[16.4969,57.0099],[16.4937,57.0095],[16.494,57.0073],[16.4979,57.0066],[16.4955,57.0054],[16.5035,57.0029],[16.5025,57.0084],[16.5057,57.0094],[16.5098,57.0074],[16.5093,57.0032],[16.5121,57.0038],[16.5111,56.9993],[16.5143,56.9987],[16.5163,56.9954],[16.5228,56.9948],[16.5256,56.9992],[16.5295,56.9989],[16.534,57.0032],[16.5168,57.0073],[16.5022,57.0146]]],[[[16.5861,57.1208],[16.5814,57.1211],[16.5823,57.12],[16.5777,57.1175],[16.5783,57.1151],[16.5889,57.1166],[16.5807,57.1144],[16.5848,57.1064],[16.578,57.1037],[16.5789,57.1022],[16.5859,57.104],[16.5882,57.1023],[16.5891,57.1038],[16.592,57.1028],[16.5945,57.1043],[16.5931,57.1028],[16.598,57.1022],[16.5972,57.1054],[16.5995,57.1034],[16.6005,57.1051],[16.6062,57.1058],[16.608,57.1038],[16.6141,57.104],[16.6184,57.1021],[16.6093,57.1013],[16.6115,57.0996],[16.621,57.0996],[16.6286,57.0964],[16.6369,57.0976],[16.6368,57.0963],[16.645,57.0952],[16.6451,57.0985],[16.6475,57.0995],[16.6465,57.1033],[16.63,57.1025],[16.6282,57.1041],[16.6165,57.1048],[16.6074,57.1131],[16.5949,57.1156],[16.5952,57.1135],[16.5924,57.114],[16.5891,57.1166],[16.5947,57.1162],[16.5861,57.1208]]],[[[16.5603,57.1781],[16.5541,57.1757],[16.5566,57.1744],[16.5565,57.1709],[16.546,57.1758],[16.5388,57.1768],[16.5351,57.1717],[16.5307,57.1707],[16.5336,57.1701],[16.5299,57.166],[16.5256,57.165],[16.5281,57.161],[16.526,57.1633],[16.5246,57.1622],[16.5282,57.1609],[16.5342,57.1528],[16.5272,57.1561],[16.5272,57.1525],[16.5306,57.1508],[16.5317,57.1519],[16.5365,57.1476],[16.5448,57.1477],[16.5522,57.1542],[16.5608,57.1578],[16.5631,57.157],[16.5651,57.1593],[16.5679,57.1585],[16.5711,57.1619],[16.571,57.1647],[16.5673,57.1661],[16.5698,57.1686],[16.5637,57.1697],[16.5694,57.1699],[16.5661,57.1766],[16.5603,57.1781]]],[[[17.0849,57.3688],[17.0681,57.3649],[17.066,57.3662],[17.0642,57.3621],[17.0632,57.363],[17.0205,57.3443],[17.0079,57.3329],[17.0044,57.3277],[17.0067,57.3287],[17.0061,57.3242],[16.9963,57.322],[16.9955,57.3191],[16.9847,57.3126],[16.9746,57.3009],[16.9593,57.2913],[16.9561,57.2833],[16.9569,57.27],[16.9543,57.2674],[16.9563,57.2629],[16.9528,57.2548],[16.9605,57.2387],[16.9592,57.2286],[16.9306,57.2068],[16.9084,57.2033],[16.9014,57.1963],[16.9031,57.1922],[16.9093,57.1887],[16.91,57.1821],[16.9193,57.1715],[16.9209,57.1619],[16.9171,57.1527],[16.9067,57.143],[16.9011,57.133],[16.8967,57.1123],[16.8884,57.1081],[16.8855,57.097],[16.8766,57.094],[16.8666,57.0872],[16.853,57.072],[16.8555,57.0698],[16.8534,57.0706],[16.8529,57.0685],[16.8438,57.0667],[16.8375,57.059],[16.8351,57.0501],[16.8246,57.0402],[16.8242,57.0175],[16.8167,57.0146],[16.8114,57.0094],[16.7994,57.0054],[16.7817,56.9915],[16.7728,56.9824],[16.771,56.9712],[16.7329,56.9318],[16.7324,56.9224],[16.7265,56.9138],[16.7231,56.8902],[16.7199,56.8878],[16.7214,56.8884],[16.7213,56.8841],[16.7159,56.8816],[16.7079,56.8807],[16.6949,56.8849],[16.6902,56.8844],[16.6901,56.8832],[16.6866,56.8842],[16.6824,56.8833],[16.6799,56.8852],[16.6764,56.884],[16.6715,56.8858],[16.6694,56.883],[16.6563,56.8841],[16.6585,56.8868],[16.6548,56.8871],[16.6514,56.8841],[16.6473,56.8842],[16.6434,56.8815],[16.646,56.8826],[16.6474,56.8809],[16.6495,56.8814],[16.6492,56.879],[16.6454,56.8809],[16.6462,56.8786],[16.6413,56.8791],[16.6385,56.8765],[16.6324,56.8771],[16.6306,56.8753],[16.6332,56.8737],[16.6238,56.8686],[16.6234,56.8663],[16.6193,56.8655],[16.6191,56.8603],[16.6147,56.8587],[16.6147,56.8566],[16.604,56.8467],[16.6007,56.8356],[16.5968,56.8343],[16.598,56.833],[16.5937,56.83],[16.5942,56.8282],[16.5918,56.8283],[16.5932,56.8276],[16.5853,56.8212],[16.5858,56.8186],[16.5778,56.8122],[16.5738,56.8067],[16.5742,56.8028],[16.5702,56.8015],[16.5703,56.7986],[16.5654,56.799],[16.5683,56.7969],[16.5651,56.7947],[16.5611,56.7945],[16.561,56.7989],[16.5598,56.7977],[16.5589,56.7903],[16.5484,56.7753],[16.5419,56.7724],[16.5412,56.7656],[16.5351,56.7605],[16.5262,56.7574],[16.5252,56.7562],[16.5287,56.7559],[16.5273,56.7547],[16.5252,56.7558],[16.5274,56.7539],[16.5231,56.7468],[16.5129,56.7438],[16.5197,56.7416],[16.5155,56.7395],[16.515,56.7332],[16.5102,56.7327],[16.514,56.7314],[16.5142,56.7295],[16.5049,56.7233],[16.5056,56.7194],[16.5017,56.7166],[16.5021,56.7138],[16.4948,56.7128],[16.493,56.7091],[16.495,56.7087],[16.4946,56.7059],[16.4827,56.6981],[16.4849,56.696],[16.4788,56.6934],[16.4811,56.6908],[16.4775,56.6884],[16.4777,56.6839],[16.4742,56.681],[16.4757,56.6789],[16.472,56.6799],[16.4753,56.6776],[16.4714,56.6759],[16.4755,56.6735],[16.4747,56.6697],[16.4711,56.6683],[16.4721,56.6674],[16.4692,56.6675],[16.4722,56.6639],[16.4682,56.6622],[16.4709,56.6611],[16.4694,56.6597],[16.4726,56.6565],[16.4685,56.6532],[16.4601,56.6509],[16.4645,56.652],[16.4619,56.651],[16.4635,56.6496],[16.4598,56.6504],[16.4623,56.6487],[16.457,56.6375],[16.4594,56.6358],[16.449,56.626],[16.4499,56.6244],[16.4472,56.6239],[16.4487,56.6234],[16.443,56.6185],[16.4443,56.6176],[16.4375,56.6149],[16.4374,56.6122],[16.4301,56.6108],[16.4331,56.6072],[16.4246,56.6021],[16.4123,56.6006],[16.4005,56.6046],[16.3946,56.6038],[16.4066,56.5989],[16.414,56.5913],[16.4079,56.5843],[16.3907,56.5516],[16.3902,56.5381],[16.3817,56.5309],[16.3733,56.5308],[16.3739,56.5286],[16.3726,56.5307],[16.3692,56.5231],[16.3767,56.5205],[16.3788,56.5161],[16.3729,56.5114],[16.3742,56.5077],[16.3702,56.5068],[16.3734,56.5032],[16.376,56.5052],[16.3759,56.5035],[16.3788,56.5048],[16.3751,56.4967],[16.377,56.4905],[16.3743,56.4876],[16.3748,56.4835],[16.3732,56.4821],[16.3711,56.4828],[16.3744,56.4783],[16.3711,56.4727],[16.3727,56.4648],[16.37,56.461],[16.3769,56.4474],[16.3749,56.4393],[16.3788,56.4362],[16.3767,56.4313],[16.3802,56.4313],[16.3769,56.4246],[16.3831,56.4241],[16.3863,56.4216],[16.3868,56.4229],[16.3883,56.4205],[16.3932,56.4189],[16.4037,56.4212],[16.4034,56.4162],[16.4072,56.4114],[16.4051,56.4054],[16.4072,56.4004],[16.4026,56.3961],[16.4001,56.3789],[16.4051,56.3747],[16.4034,56.3712],[16.4067,56.3642],[16.4058,56.3566],[16.4079,56.3573],[16.4086,56.3558],[16.4057,56.3535],[16.4078,56.3511],[16.4055,56.3511],[16.4071,56.3485],[16.405,56.3355],[16.4017,56.329],[16.4035,56.3204],[16.3978,56.3076],[16.393,56.2868],[16.3963,56.2849],[16.3982,56.2786],[16.3906,56.2703],[16.396,56.2672],[16.3962,56.265],[16.3994,56.267],[16.3995,56.2646],[16.3965,56.2644],[16.4007,56.264],[16.4038,56.2618],[16.4099,56.2535],[16.4068,56.2483],[16.4086,56.2451],[16.3978,56.2212],[16.4007,56.2115],[16.3971,56.2098],[16.3961,56.2108],[16.3897,56.1998],[16.3937,56.2007],[16.3929,56.2044],[16.3966,56.2091],[16.3968,56.2056],[16.401,56.2102],[16.4038,56.2105],[16.3955,56.1966],[16.3983,56.1947],[16.402,56.1949],[16.4035,56.1981],[16.4098,56.2015],[16.4175,56.2021],[16.4107,56.2024],[16.4163,56.2041],[16.4197,56.2083],[16.4285,56.2086],[16.4405,56.2206],[16.4634,56.2253],[16.4766,56.2348],[16.5048,56.2834],[16.5169,56.3008],[16.5256,56.3085],[16.5266,56.3124],[16.5308,56.3161],[16.5337,56.3164],[16.5322,56.3172],[16.5339,56.3165],[16.5321,56.3185],[16.542,56.328],[16.5554,56.3516],[16.5664,56.3652],[16.5685,56.3722],[16.5645,56.3798],[16.5596,56.3829],[16.5612,56.3852],[16.5653,56.3839],[16.5708,56.3922],[16.5714,56.4003],[16.5653,56.3949],[16.5672,56.4033],[16.5686,56.4053],[16.5723,56.4048],[16.5696,56.4064],[16.5718,56.411],[16.5705,56.4072],[16.5753,56.4089],[16.5841,56.4314],[16.5939,56.4453],[16.6014,56.4493],[16.6059,56.4577],[16.6101,56.4587],[16.6079,56.4588],[16.6074,56.4608],[16.6144,56.4727],[16.6154,56.4795],[16.6219,56.4845],[16.6213,56.4904],[16.6184,56.4918],[16.6164,56.4902],[16.6153,56.4916],[16.6198,56.4958],[16.6193,56.4981],[16.625,56.5024],[16.6254,56.5058],[16.6312,56.5066],[16.6299,56.5081],[16.6323,56.5077],[16.6399,56.5217],[16.6375,56.5299],[16.633,56.5347],[16.6376,56.5481],[16.6458,56.558],[16.6502,56.5597],[16.6497,56.5625],[16.6698,56.5694],[16.6811,56.5762],[16.6838,56.5751],[16.6859,56.5804],[16.6941,56.5859],[16.6941,56.5892],[16.6999,56.5912],[16.6987,56.5948],[16.7032,56.5994],[16.6994,56.6041],[16.7029,56.6054],[16.6974,56.6167],[16.6982,56.6187],[16.7032,56.6205],[16.6997,56.6207],[16.7009,56.6226],[16.7056,56.6219],[16.701,56.6237],[16.7014,56.6295],[16.7033,56.631],[16.7093,56.63],[16.7054,56.6348],[16.7093,56.6354],[16.7081,56.6377],[16.7118,56.6387],[16.7088,56.6432],[16.7162,56.6462],[16.7127,56.6508],[16.7164,56.6548],[16.7145,56.6583],[16.7167,56.6652],[16.7258,56.6709],[16.7286,56.6705],[16.729,56.6771],[16.7355,56.6856],[16.7412,56.6878],[16.74,56.6917],[16.7354,56.6934],[16.7388,56.6962],[16.7372,56.7058],[16.7424,56.7105],[16.7444,56.7169],[16.7546,56.7242],[16.7586,56.7245],[16.7587,56.7338],[16.7636,56.7334],[16.7597,56.7342],[16.7637,56.7365],[16.761,56.7421],[16.7656,56.7446],[16.7625,56.7462],[16.7625,56.753],[16.7683,56.7633],[16.7741,56.7664],[16.7708,56.7717],[16.7719,56.7758],[16.7758,56.777],[16.7729,56.7806],[16.7766,56.7842],[16.7744,56.7874],[16.7776,56.7885],[16.7811,56.7875],[16.7832,56.7898],[16.7799,56.7908],[16.7809,56.7946],[16.7868,56.7961],[16.786,56.7981],[16.7894,56.7994],[16.7876,56.801],[16.7929,56.8018],[16.7926,56.8041],[16.7953,56.8032],[16.794,56.8052],[16.7987,56.8071],[16.799,56.8105],[16.8038,56.8089],[16.8025,56.8055],[16.8101,56.8032],[16.8097,56.8057],[16.813,56.8061],[16.8113,56.8085],[16.8183,56.81],[16.8163,56.8147],[16.8116,56.8155],[16.8112,56.8174],[16.817,56.8188],[16.8274,56.8138],[16.8296,56.8157],[16.8316,56.8149],[16.8337,56.818],[16.8296,56.8181],[16.8274,56.8204],[16.8294,56.823],[16.8303,56.8207],[16.8371,56.8195],[16.8403,56.8173],[16.8451,56.8173],[16.848,56.8209],[16.8462,56.8284],[16.8547,56.8323],[16.8541,56.8335],[16.8571,56.8322],[16.8582,56.8405],[16.8625,56.8415],[16.8669,56.846],[16.8695,56.8459],[16.8618,56.8493],[16.8595,56.8546],[16.8616,56.8546],[16.8622,56.8582],[16.8589,56.8593],[16.8569,56.863],[16.8581,56.8711],[16.8646,56.8778],[16.8587,56.8808],[16.8622,56.8818],[16.8621,56.8842],[16.8575,56.8838],[16.8581,56.8872],[16.8639,56.8911],[16.8652,56.8946],[16.8722,56.8927],[16.8723,56.9012],[16.8792,56.9027],[16.8839,56.9016],[16.8839,56.908],[16.89,56.9116],[16.8979,56.9234],[16.8949,56.9247],[16.8932,56.9305],[16.8892,56.9338],[16.8904,56.9374],[16.8974,56.94],[16.8974,56.9424],[16.9029,56.9421],[16.9036,56.9433],[16.9018,56.9467],[16.8897,56.9486],[16.8894,56.9574],[16.8886,56.9561],[16.8886,56.9579],[16.8855,56.9568],[16.8817,56.9608],[16.8827,56.9621],[16.8876,56.9621],[16.8873,56.9651],[16.8859,56.9676],[16.88,56.9691],[16.8774,56.9728],[16.884,56.9756],[16.8833,56.9784],[16.8873,56.9842],[16.8937,56.9781],[16.893,56.9725],[16.8947,56.9724],[16.896,56.975],[16.9013,56.9753],[16.8968,56.9793],[16.8946,56.9856],[16.9003,56.9848],[16.9003,56.9835],[16.9085,56.9899],[16.9134,56.9899],[16.9145,56.9876],[16.918,56.9887],[16.9242,56.9871],[16.9248,56.9891],[16.9142,56.9989],[16.915,57.0019],[16.9231,56.9989],[16.9231,57.004],[16.9282,57.0033],[16.9329,57.0051],[16.9374,57.0028],[16.9419,57.005],[16.9285,57.0168],[16.9295,57.0197],[16.9367,57.019],[16.9358,57.0234],[16.9274,57.0241],[16.9239,57.0195],[16.9178,57.0191],[16.9158,57.0221],[16.9153,57.0202],[16.9103,57.0209],[16.9081,57.0248],[16.9139,57.0213],[16.9165,57.0238],[16.915,57.0248],[16.9185,57.025],[16.916,57.029],[16.9176,57.0328],[16.9147,57.0334],[16.9118,57.0382],[16.9083,57.039],[16.9085,57.0412],[16.9147,57.0412],[16.9203,57.0332],[16.9211,57.0358],[16.9296,57.0387],[16.9359,57.0369],[16.9361,57.035],[16.9389,57.0355],[16.9411,57.0411],[16.9475,57.0377],[16.9512,57.0386],[16.9542,57.0371],[16.9519,57.0413],[16.9533,57.0474],[16.9515,57.0469],[16.9466,57.0499],[16.9489,57.0506],[16.9627,57.0453],[16.9572,57.0494],[16.9561,57.0561],[16.9588,57.0592],[16.9571,57.0608],[16.965,57.0604],[16.9705,57.0582],[16.9711,57.056],[16.977,57.0551],[16.968,57.0646],[16.9733,57.0691],[16.9823,57.0677],[16.9758,57.0739],[16.9775,57.0748],[16.9707,57.0759],[16.9749,57.0763],[16.9731,57.079],[16.9784,57.0861],[16.9751,57.0858],[16.9758,57.088],[16.9808,57.0886],[16.9856,57.0864],[16.9862,57.0886],[16.9912,57.0892],[16.9883,57.095],[16.9903,57.1054],[16.9946,57.1069],[16.9973,57.1057],[16.9965,57.1087],[17.0035,57.1067],[16.9983,57.1089],[16.995,57.1091],[16.9972,57.1093],[16.9945,57.1105],[16.9952,57.1125],[16.9972,57.114],[17.0012,57.1135],[17.0065,57.1097],[17.0038,57.1148],[17.01,57.1189],[17.0073,57.1239],[17.0116,57.1236],[17.0103,57.1259],[17.0128,57.1277],[17.0196,57.1274],[17.0239,57.1247],[17.0246,57.1196],[17.0268,57.1205],[17.0238,57.1266],[17.0268,57.1276],[17.0258,57.1349],[17.0215,57.1386],[17.0245,57.1385],[17.0271,57.1425],[17.0334,57.1396],[17.0343,57.1408],[17.0292,57.144],[17.0322,57.1465],[17.0386,57.1448],[17.0363,57.1488],[17.039,57.1503],[17.0478,57.1462],[17.0453,57.1497],[17.0321,57.1524],[17.0348,57.1546],[17.0434,57.1544],[17.0324,57.1622],[17.0392,57.1649],[17.0481,57.1594],[17.0404,57.1673],[17.0447,57.1695],[17.0432,57.1721],[17.0459,57.1744],[17.0601,57.1771],[17.0708,57.1727],[17.0697,57.1752],[17.0732,57.1757],[17.0716,57.1775],[17.0742,57.1806],[17.0695,57.1904],[17.0714,57.1917],[17.0674,57.1978],[17.0686,57.2029],[17.077,57.2038],[17.0695,57.2067],[17.0708,57.2089],[17.0759,57.2101],[17.0738,57.2107],[17.0745,57.2127],[17.079,57.2143],[17.0768,57.2155],[17.0767,57.222],[17.082,57.2319],[17.0745,57.2375],[17.0748,57.2395],[17.0789,57.2409],[17.0754,57.2398],[17.0752,57.241],[17.0782,57.241],[17.0739,57.2418],[17.0753,57.2433],[17.0818,57.2429],[17.0765,57.2442],[17.0758,57.2478],[17.0691,57.2466],[17.0568,57.2568],[17.0544,57.2633],[17.057,57.2774],[17.0707,57.2895],[17.0934,57.3029],[17.1259,57.3112],[17.1357,57.3112],[17.146,57.3086],[17.1506,57.3094],[17.1414,57.318],[17.1386,57.3274],[17.1281,57.3395],[17.1286,57.3492],[17.1257,57.3557],[17.1167,57.3618],[17.1141,57.3553],[17.1193,57.3526],[17.119,57.3459],[17.1109,57.3432],[17.1136,57.3425],[17.1109,57.3388],[17.1134,57.336],[17.1062,57.3333],[17.0994,57.3339],[17.0978,57.3378],[17.0922,57.3393],[17.0851,57.346],[17.0884,57.3485],[17.0929,57.348],[17.0878,57.3495],[17.084,57.3542],[17.0814,57.3527],[17.0748,57.3574],[17.0787,57.3627],[17.0807,57.3614],[17.0835,57.3622],[17.0842,57.3607],[17.0872,57.3612],[17.0861,57.3646],[17.0932,57.3667],[17.0849,57.3688]]],[[[16.7084,57.4516],[16.6807,57.4473],[16.6802,57.4462],[16.6836,57.4467],[16.6768,57.4441],[16.6788,57.4424],[16.6833,57.4421],[16.6816,57.4408],[16.6861,57.4429],[16.7006,57.4437],[16.6864,57.4423],[16.6842,57.4393],[16.6855,57.434],[16.6907,57.4335],[16.7007,57.4366],[16.7064,57.4354],[16.7092,57.4396],[16.7122,57.4404],[16.7056,57.4395],[16.7098,57.4416],[16.7182,57.4409],[16.7147,57.4387],[16.7211,57.4419],[16.7239,57.4411],[16.7267,57.4425],[16.7268,57.4444],[16.7254,57.4428],[16.7213,57.4441],[16.7123,57.443],[16.7219,57.4448],[16.7237,57.446],[16.7212,57.4462],[16.7255,57.4473],[16.7278,57.4465],[16.7246,57.4502],[16.7226,57.4474],[16.7142,57.449],[16.7134,57.4474],[16.7087,57.4472],[16.7128,57.4496],[16.7084,57.4516]]],[[[16.7027,57.5154],[16.6913,57.5228],[16.684,57.525],[16.6823,57.5231],[16.6868,57.5153],[16.6844,57.5141],[16.6812,57.5152],[16.7,57.506],[16.7192,57.5017],[16.7215,57.5031],[16.7175,57.5042],[16.7187,57.5067],[16.7155,57.5067],[16.7137,57.5098],[16.7062,57.5116],[16.7027,57.5154]]],[[[16.6937,57.5456],[16.6849,57.5429],[16.6798,57.5387],[16.6854,57.5354],[16.6809,57.5343],[16.6843,57.5331],[16.689,57.5343],[16.6887,57.5322],[16.6937,57.5306],[16.6938,57.5382],[16.6967,57.5387],[16.697,57.5404],[16.6982,57.5382],[16.7001,57.5403],[16.7027,57.5396],[16.6994,57.5434],[16.6979,57.5422],[16.698,57.5439],[16.6937,57.5456]]],[[[16.7026,57.5573],[16.6928,57.5502],[16.7124,57.5498],[16.7026,57.5573]]],[[[16.6151,57.5682],[16.6016,57.5673],[16.5987,57.5656],[16.6039,57.562],[16.604,57.5609],[16.6017,57.5618],[16.5994,57.5606],[16.6032,57.558],[16.6353,57.5526],[16.6394,57.5533],[16.6328,57.5613],[16.6222,57.5627],[16.6239,57.5634],[16.6197,57.5675],[16.6151,57.5682]]],[[[16.7713,57.5672],[16.761,57.5698],[16.7601,57.5631],[16.7717,57.5605],[16.7713,57.5672]]],[[[16.682,57.5747],[16.6656,57.572],[16.6602,57.5683],[16.6709,57.5618],[16.6757,57.5618],[16.6784,57.5634],[16.6798,57.5682],[16.6823,57.5671],[16.6946,57.5719],[16.6914,57.573],[16.6945,57.5739],[16.6836,57.5736],[16.682,57.5747]]],[[[16.5688,57.5837],[16.5581,57.5859],[16.554,57.589],[16.5469,57.5877],[16.542,57.5841],[16.5514,57.5832],[16.5625,57.5797],[16.5688,57.5837]]],[[[16.6069,57.5978],[16.6045,57.5989],[16.6045,57.5977],[16.5979,57.5984],[16.6021,57.5935],[16.5975,57.5916],[16.5956,57.5879],[16.5963,57.5869],[16.5989,57.5879],[16.6028,57.584],[16.6005,57.5844],[16.6013,57.5835],[16.6093,57.5808],[16.6029,57.5817],[16.6034,57.5808],[16.6099,57.5802],[16.6129,57.5812],[16.615,57.58],[16.606,57.5797],[16.605,57.5783],[16.6027,57.5793],[16.6042,57.5763],[16.6214,57.5704],[16.6186,57.574],[16.6258,57.5732],[16.626,57.5713],[16.637,57.565],[16.6386,57.5598],[16.643,57.5585],[16.6415,57.557],[16.6438,57.5548],[16.6518,57.5558],[16.653,57.5603],[16.6558,57.5553],[16.6605,57.5568],[16.6668,57.5565],[16.665,57.558],[16.669,57.5593],[16.6659,57.5645],[16.6589,57.5678],[16.6545,57.5654],[16.6512,57.566],[16.6561,57.5708],[16.65,57.5716],[16.6484,57.5686],[16.6434,57.5745],[16.6368,57.5762],[16.6353,57.5738],[16.6326,57.5772],[16.6329,57.5729],[16.6362,57.5723],[16.6367,57.5733],[16.6397,57.5697],[16.6394,57.5687],[16.6342,57.5704],[16.6326,57.5689],[16.6328,57.5717],[16.6247,57.5783],[16.6278,57.5806],[16.6311,57.5807],[16.6301,57.5828],[16.6338,57.5819],[16.6333,57.5836],[16.6392,57.5794],[16.64,57.5829],[16.6363,57.5866],[16.6363,57.5846],[16.6312,57.5873],[16.6322,57.5898],[16.6339,57.5894],[16.6327,57.5916],[16.6297,57.59],[16.6252,57.5908],[16.6313,57.5934],[16.6286,57.593],[16.6102,57.5985],[16.6069,57.5978]]],[[[16.7113,57.6236],[16.7055,57.6215],[16.699,57.6231],[16.704,57.6193],[16.6987,57.6159],[16.7008,57.6138],[16.6975,57.6109],[16.6998,57.6092],[16.6975,57.6049],[16.7035,57.6021],[16.6996,57.6021],[16.7023,57.5977],[16.697,57.6001],[16.6974,57.5978],[16.6951,57.5997],[16.6911,57.5949],[16.6906,57.5977],[16.6887,57.5956],[16.6846,57.6013],[16.6772,57.6043],[16.6745,57.6028],[16.6705,57.6032],[16.6725,57.5967],[16.6704,57.5939],[16.659,57.5999],[16.6537,57.5983],[16.6595,57.5946],[16.6594,57.591],[16.6523,57.5874],[16.6508,57.5742],[16.6601,57.5789],[16.6549,57.5809],[16.6582,57.5861],[16.6614,57.585],[16.6582,57.5825],[16.668,57.5814],[16.6687,57.5926],[16.6725,57.5857],[16.6759,57.5903],[16.6784,57.5867],[16.6811,57.5864],[16.6794,57.5812],[16.6862,57.579],[16.6849,57.5771],[16.6919,57.578],[16.6969,57.5741],[16.6928,57.5783],[16.694,57.5814],[16.6978,57.5774],[16.702,57.5767],[16.7037,57.5778],[16.7058,57.5818],[16.7041,57.5844],[16.7071,57.5851],[16.707,57.5872],[16.7088,57.5862],[16.7096,57.5906],[16.714,57.5918],[16.7169,57.5963],[16.7135,57.6012],[16.7167,57.5987],[16.719,57.5995],[16.7187,57.5968],[16.7237,57.5979],[16.7245,57.5996],[16.7221,57.6002],[16.7285,57.601],[16.7279,57.6109],[16.7318,57.6178],[16.7312,57.6219],[16.7201,57.6202],[16.7195,57.622],[16.7179,57.6196],[16.7117,57.6207],[16.7149,57.6216],[16.7113,57.6236]]],[[[16.6619,57.6496],[16.6567,57.648],[16.6607,57.6462],[16.6534,57.6467],[16.6483,57.6431],[16.6583,57.6351],[16.6659,57.6403],[16.669,57.6394],[16.6706,57.6412],[16.6614,57.6462],[16.6619,57.6496]]],[[[16.6851,57.6774],[16.6816,57.6773],[16.6825,57.676],[16.6624,57.6759],[16.666,57.6733],[16.6731,57.6739],[16.673,57.6721],[16.6772,57.6706],[16.6834,57.6705],[16.6847,57.6724],[16.6872,57.6689],[16.6944,57.6696],[16.6907,57.6729],[16.6953,57.6758],[16.6851,57.6774]]],[[[16.7294,57.6836],[16.7237,57.6829],[16.7272,57.6808],[16.7229,57.6802],[16.7234,57.6786],[16.7182,57.6806],[16.7162,57.6795],[16.7075,57.6802],[16.7099,57.6781],[16.7168,57.6769],[16.7175,57.6753],[16.7271,57.6733],[16.7421,57.6726],[16.7455,57.675],[16.7481,57.6739],[16.7464,57.6766],[16.744,57.6773],[16.7436,57.676],[16.7374,57.68],[16.734,57.6798],[16.7294,57.6836]]],[[[16.753,57.7193],[16.7436,57.7135],[16.7517,57.705],[16.7579,57.709],[16.7659,57.7019],[16.7762,57.7103],[16.765,57.7135],[16.7575,57.7121],[16.753,57.7193]]],[[[16.7708,57.7697],[16.7592,57.7759],[16.7624,57.7688],[16.7708,57.7697]]],[[[16.6859,57.7835],[16.6852,57.785],[16.6813,57.7839],[16.6782,57.7811],[16.6851,57.7751],[16.6901,57.774],[16.6876,57.7757],[16.6932,57.7768],[16.6987,57.773],[16.6997,57.7759],[16.7078,57.7701],[16.7087,57.774],[16.7022,57.7775],[16.7037,57.7782],[16.7005,57.7805],[16.6942,57.7824],[16.6965,57.7797],[16.6927,57.7792],[16.6924,57.7776],[16.6917,57.7803],[16.6859,57.7835]]],[[[16.6726,57.8139],[16.6619,57.812],[16.6636,57.8101],[16.6655,57.8114],[16.669,57.8103],[16.6573,57.807],[16.6528,57.8026],[16.6554,57.7992],[16.6649,57.7977],[16.6634,57.7994],[16.667,57.7997],[16.6716,57.7958],[16.6791,57.795],[16.679,57.7935],[16.6884,57.7892],[16.6887,57.7861],[16.6905,57.7869],[16.6908,57.7851],[16.7004,57.7832],[16.7056,57.779],[16.709,57.7788],[16.7062,57.785],[16.7109,57.7873],[16.7113,57.791],[16.7189,57.7903],[16.7216,57.7922],[16.7183,57.7958],[16.7194,57.7974],[16.7149,57.7976],[16.7126,57.8022],[16.7215,57.7987],[16.7223,57.7953],[16.7251,57.7973],[16.7246,57.8027],[16.7192,57.8064],[16.7171,57.8058],[16.7139,57.8103],[16.7088,57.8081],[16.7122,57.8071],[16.7131,57.8041],[16.7076,57.8066],[16.7073,57.8086],[16.7006,57.8091],[16.6968,57.8074],[16.6726,57.8139]]],[[[16.6495,57.8183],[16.6477,57.8281],[16.6424,57.8294],[16.6366,57.8219],[16.6415,57.8138],[16.6495,57.8183]]],[[[16.6616,57.8383],[16.6627,57.8349],[16.6606,57.8328],[16.6672,57.8308],[16.6718,57.8259],[16.6645,57.8192],[16.6684,57.8153],[16.6906,57.8107],[16.7008,57.8105],[16.6997,57.8184],[16.6934,57.8167],[16.6905,57.8178],[16.6969,57.8206],[16.6945,57.824],[16.69,57.8261],[16.6858,57.826],[16.6794,57.8313],[16.6733,57.8308],[16.6707,57.8357],[16.6616,57.8383]]],[[[16.6892,57.8482],[16.6785,57.8531],[16.6687,57.8473],[16.6821,57.8446],[16.6892,57.8482]]],[[[16.7123,57.855],[16.7063,57.8536],[16.7104,57.8504],[16.7142,57.85],[16.7087,57.8498],[16.7019,57.8462],[16.7036,57.8428],[16.6947,57.8404],[16.7145,57.8414],[16.7155,57.8385],[16.7223,57.837],[16.7191,57.8363],[16.7214,57.8336],[16.7323,57.8314],[16.7321,57.8278],[16.7269,57.8241],[16.73,57.8215],[16.732,57.8223],[16.7313,57.8211],[16.7343,57.8204],[16.736,57.8213],[16.7445,57.8197],[16.7469,57.8172],[16.7531,57.8162],[16.7602,57.8159],[16.7617,57.8171],[16.7689,57.8134],[16.7674,57.8105],[16.7716,57.8073],[16.7804,57.8061],[16.7863,57.8021],[16.7892,57.8022],[16.7861,57.8073],[16.7897,57.8085],[16.7878,57.8102],[16.7817,57.8103],[16.7712,57.8165],[16.7653,57.8175],[16.7579,57.8227],[16.7601,57.8239],[16.7654,57.8232],[16.7638,57.8253],[16.7659,57.8272],[16.7629,57.8289],[16.7615,57.8274],[16.7551,57.8326],[16.7608,57.8334],[16.7584,57.835],[16.7657,57.8373],[16.7604,57.838],[16.7477,57.8351],[16.7439,57.8418],[16.7401,57.8414],[16.7426,57.8429],[16.7322,57.8468],[16.7315,57.8541],[16.7201,57.8545],[16.72,57.8531],[16.7169,57.8543],[16.7184,57.8529],[16.7142,57.8515],[16.715,57.854],[16.7123,57.855]]],[[[16.5909,57.8597],[16.5824,57.8593],[16.5824,57.858],[16.5795,57.8578],[16.5721,57.8527],[16.5692,57.8479],[16.5727,57.8448],[16.5831,57.842],[16.5865,57.8418],[16.5882,57.8494],[16.5907,57.8513],[16.5931,57.8509],[16.5942,57.853],[16.5909,57.8556],[16.5909,57.8597]]],[[[16.6788,57.8656],[16.6764,57.866],[16.6805,57.8603],[16.6766,57.8604],[16.6795,57.8595],[16.6781,57.8568],[16.6802,57.8545],[16.6881,57.8546],[16.6888,57.8515],[16.6902,57.8533],[16.6958,57.8531],[16.6968,57.8552],[16.7039,57.8555],[16.7012,57.8572],[16.7032,57.8587],[16.6968,57.8614],[16.691,57.8596],[16.6863,57.8612],[16.6878,57.863],[16.6975,57.8623],[16.696,57.8637],[16.6845,57.8648],[16.6811,57.8639],[16.6788,57.8656]]],[[[16.7232,57.8665],[16.7201,57.8647],[16.7302,57.8599],[16.7277,57.8584],[16.7395,57.8564],[16.7435,57.858],[16.7493,57.8553],[16.7492,57.8598],[16.7439,57.8629],[16.7232,57.8665]]],[[[16.5755,57.8711],[16.5729,57.8719],[16.5822,57.8646],[16.5676,57.8716],[16.5675,57.8694],[16.557,57.8708],[16.5596,57.8657],[16.5557,57.8639],[16.558,57.8607],[16.5637,57.8604],[16.5658,57.8639],[16.5706,57.8586],[16.5756,57.857],[16.5778,57.8575],[16.5763,57.8611],[16.5839,57.8603],[16.5866,57.8623],[16.584,57.8684],[16.5755,57.8711]]],[[[16.6044,57.877],[16.5986,57.8779],[16.5918,57.8766],[16.5913,57.8704],[16.5977,57.8671],[16.6032,57.8682],[16.6004,57.8636],[16.6022,57.8621],[16.6028,57.8634],[16.6071,57.8632],[16.6055,57.86],[16.6111,57.858],[16.612,57.8609],[16.6064,57.8682],[16.6163,57.8654],[16.6194,57.8693],[16.6129,57.875],[16.6044,57.877]]],[[[16.7173,57.8798],[16.7128,57.8798],[16.7169,57.8723],[16.728,57.8705],[16.7173,57.8798]]],[[[16.6372,57.881],[16.6352,57.8798],[16.6401,57.8762],[16.6397,57.8724],[16.6421,57.8726],[16.6425,57.8698],[16.647,57.8689],[16.6462,57.8669],[16.6528,57.8648],[16.6539,57.8619],[16.6525,57.8591],[16.6497,57.8597],[16.6481,57.8515],[16.6536,57.8476],[16.6642,57.8487],[16.6637,57.8547],[16.6661,57.8542],[16.6665,57.8554],[16.6616,57.8575],[16.6587,57.8569],[16.6628,57.8598],[16.6602,57.8639],[16.661,57.8649],[16.6662,57.8633],[16.6667,57.8687],[16.65,57.8776],[16.6372,57.881]]],[[[16.8348,57.942],[16.8288,57.9451],[16.822,57.9434],[16.8263,57.9397],[16.8348,57.942]]],[[[16.7819,57.9579],[16.7769,57.9554],[16.7791,57.9534],[16.7765,57.9521],[16.7773,57.9491],[16.7869,57.9422],[16.7937,57.9407],[16.7926,57.9454],[16.8016,57.9393],[16.8002,57.9451],[16.8034,57.9439],[16.7996,57.9473],[16.7989,57.9458],[16.7976,57.9468],[16.7947,57.9541],[16.7898,57.953],[16.791,57.9471],[16.7877,57.9515],[16.7836,57.9511],[16.7872,57.9529],[16.7852,57.955],[16.7874,57.9556],[16.7819,57.9579]]],[[[16.7478,57.9877],[16.7463,57.9917],[16.7411,57.9878],[16.7406,57.9809],[16.7349,57.9825],[16.7368,57.9791],[16.7349,57.9783],[16.73,57.9813],[16.7268,57.9803],[16.7274,57.9772],[16.7361,57.9776],[16.7368,57.9766],[16.736,57.9754],[16.7287,57.9763],[16.7287,57.9743],[16.7378,57.9752],[16.7413,57.9732],[16.7447,57.976],[16.7473,57.9752],[16.7457,57.9784],[16.751,57.9739],[16.7488,57.9784],[16.752,57.98],[16.7524,57.9834],[16.7515,57.9861],[16.7478,57.9877]]],[[[16.6935,57.9946],[16.6911,57.9951],[16.6915,57.9938],[16.6877,57.994],[16.684,57.9921],[16.6932,57.983],[16.697,57.9822],[16.6988,57.9784],[16.7014,57.9783],[16.6996,57.9794],[16.7015,57.9798],[16.7082,57.9782],[16.7098,57.9836],[16.714,57.981],[16.7146,57.9821],[16.712,57.9842],[16.7137,57.9864],[16.7114,57.9907],[16.7074,57.9921],[16.7083,57.9872],[16.7058,57.9869],[16.7025,57.9916],[16.6953,57.992],[16.6935,57.9946]]],[[[16.7789,58.0021],[16.7676,58.0016],[16.7673,57.9994],[16.7591,57.9998],[16.7491,57.9933],[16.7477,57.9895],[16.7524,57.9877],[16.7536,57.9807],[16.7581,57.9755],[16.7558,57.9744],[16.7524,57.9753],[16.7543,57.9722],[16.7557,57.974],[16.7569,57.9699],[16.7536,57.9708],[16.7528,57.9697],[16.7556,57.966],[16.7565,57.9677],[16.7579,57.9663],[16.7581,57.964],[16.7628,57.963],[16.763,57.9649],[16.7673,57.9653],[16.7689,57.9635],[16.7771,57.965],[16.7794,57.966],[16.7766,57.9678],[16.7831,57.9683],[16.7811,57.9672],[16.7831,57.9669],[16.7896,57.9679],[16.7918,57.9731],[16.8005,57.9713],[16.8025,57.972],[16.8011,57.9731],[16.8093,57.9731],[16.8092,57.9748],[16.8026,57.9753],[16.808,57.9753],[16.8069,57.9773],[16.8102,57.9759],[16.8068,57.9778],[16.8125,57.9768],[16.8088,57.9796],[16.8118,57.9796],[16.811,57.9807],[16.8072,57.9826],[16.8062,57.9803],[16.8054,57.9817],[16.8092,57.9839],[16.8064,57.9873],[16.8103,57.9875],[16.8062,57.9886],[16.8061,57.9873],[16.8032,57.9876],[16.7976,57.9934],[16.809,57.9955],[16.8135,57.9941],[16.8132,57.996],[16.8076,57.9987],[16.8045,57.9961],[16.8017,57.9981],[16.7967,57.9967],[16.7931,57.998],[16.7864,57.9951],[16.7873,57.9999],[16.7789,58.0021]]],[[[15.3509,56.487],[15.353,56.4947],[15.3673,56.5028],[15.377,56.5036],[15.3836,56.5001],[15.3989,56.4997],[15.4077,56.4947],[15.4205,56.4927],[15.4268,56.497],[15.4338,56.4862],[15.4481,56.485],[15.4579,56.4902],[15.4667,56.4864],[15.4705,56.4818],[15.4922,56.4764],[15.5009,56.4799],[15.4992,56.4955],[15.5153,56.5058],[15.539,56.5064],[15.5497,56.4993],[15.5554,56.5022],[15.5696,56.5003],[15.5791,56.495],[15.5751,56.492],[15.5779,56.4842],[15.5817,56.4841],[15.5888,56.4751],[15.6026,56.4727],[15.6185,56.4644],[15.6211,56.4609],[15.6344,56.4597],[15.646,56.4656],[15.6695,56.4264],[15.6879,56.4262],[15.7081,56.42],[15.7271,56.4193],[15.7373,56.4039],[15.7423,56.4028],[15.7549,56.3866],[15.7695,56.3829],[15.774,56.3677],[15.8096,56.3386],[15.8169,56.3375],[15.8147,56.3345],[15.8229,56.3294],[15.8311,56.3288],[15.8377,56.3239],[15.8719,56.3194],[15.9091,56.3165],[15.9203,56.3204],[15.9367,56.3174],[15.9393,56.3216],[15.947,56.3187],[15.9526,56.3193],[15.9592,56.3127],[15.9647,56.3156],[15.9702,56.3127],[15.9704,56.3067],[15.9769,56.3059],[15.9809,56.3002],[15.9983,56.3028],[16.0083,56.2998],[16.0149,56.3028],[16.0122,56.3106],[16.0147,56.3139],[16.0394,56.3257],[16.0519,56.3219],[16.0519,56.3232],[16.056,56.3242],[16.052,56.3245],[16.0512,56.3302],[16.0557,56.3325],[16.0577,56.3309],[16.0619,56.3313],[16.0623,56.3275],[16.071,56.3284],[16.0681,56.3433],[16.0745,56.3455],[16.0734,56.3528],[16.0763,56.3541],[16.0797,56.3531],[16.085,56.3578],[16.0822,56.3618],[16.0835,56.3641],[16.0741,56.3626],[16.0847,56.3704],[16.0776,56.3709],[16.0799,56.3732],[16.0771,56.3746],[16.08,56.3771],[16.0859,56.3762],[16.0902,56.38],[16.0944,56.3758],[16.0915,56.3791],[16.0935,56.3816],[16.0924,56.3856],[16.0904,56.3886],[16.088,56.3884],[16.0916,56.3893],[16.0898,56.39],[16.0918,56.3909],[16.0917,56.3894],[16.0928,56.3911],[16.0916,56.3919],[16.0956,56.3951],[16.0911,56.3976],[16.0946,56.3999],[16.0931,56.4065],[16.0912,56.4065],[16.095,56.409],[16.0921,56.4114],[16.0938,56.4201],[16.0952,56.4194],[16.0962,56.4213],[16.097,56.4191],[16.0997,56.4222],[16.1039,56.4222],[16.1019,56.4198],[16.1038,56.4213],[16.1081,56.4198],[16.1098,56.4206],[16.1112,56.4227],[16.1088,56.4277],[16.1162,56.4289],[16.1114,56.4303],[16.1143,56.4306],[16.1127,56.4316],[16.1156,56.4334],[16.1127,56.4343],[16.1168,56.4354],[16.1149,56.4366],[16.1183,56.4377],[16.113,56.4378],[16.1165,56.4394],[16.1144,56.4403],[16.1167,56.4417],[16.1144,56.4417],[16.1188,56.444],[16.1217,56.4435],[16.1192,56.4469],[16.1226,56.4485],[16.1205,56.4492],[16.1259,56.4508],[16.1253,56.454],[16.1282,56.4511],[16.1302,56.4547],[16.1301,56.4515],[16.1329,56.4513],[16.1316,56.4492],[16.1394,56.4421],[16.1356,56.4459],[16.1298,56.4645],[16.1359,56.4697],[16.142,56.4683],[16.1455,56.47],[16.1429,56.4816],[16.1439,56.4824],[16.144,56.4808],[16.1466,56.4809],[16.1487,56.4845],[16.147,56.4806],[16.1568,56.4824],[16.1593,56.4815],[16.158,56.4843],[16.1604,56.4819],[16.1642,56.4831],[16.1659,56.4948],[16.1715,56.4955],[16.1709,56.498],[16.1738,56.4977],[16.1764,56.4998],[16.1773,56.5033],[16.1754,56.5043],[16.1829,56.5073],[16.1764,56.5077],[16.176,56.5096],[16.1856,56.5119],[16.1838,56.5139],[16.1791,56.5145],[16.1834,56.5168],[16.1873,56.5167],[16.1818,56.5183],[16.1866,56.5302],[16.1916,56.5301],[16.1924,56.5324],[16.1959,56.5336],[16.1999,56.5311],[16.1999,56.5289],[16.2036,56.528],[16.2043,56.5307],[16.2069,56.5311],[16.2106,56.5277],[16.2087,56.5269],[16.2146,56.5259],[16.2156,56.5293],[16.2133,56.532],[16.2197,56.5382],[16.2221,56.542],[16.2207,56.5437],[16.226,56.5499],[16.2237,56.552],[16.2262,56.5539],[16.2247,56.5662],[16.2308,56.5703],[16.2261,56.5759],[16.2251,56.5817],[16.2282,56.583],[16.2258,56.5826],[16.2241,56.5844],[16.2284,56.5869],[16.2332,56.5863],[16.2304,56.587],[16.2318,56.5889],[16.228,56.5871],[16.2235,56.5876],[16.2288,56.5905],[16.2256,56.5909],[16.226,56.5922],[16.2319,56.5929],[16.2277,56.5954],[16.2321,56.5965],[16.2229,56.5962],[16.2226,56.5972],[16.2221,56.5955],[16.2178,56.5951],[16.2192,56.5976],[16.2218,56.5984],[16.2226,56.5973],[16.2231,56.6012],[16.2269,56.6004],[16.2299,56.6019],[16.2333,56.6015],[16.2354,56.6056],[16.2329,56.6057],[16.2255,56.6011],[16.2205,56.603],[16.227,56.6046],[16.2258,56.6058],[16.2286,56.6059],[16.2327,56.6115],[16.2382,56.6108],[16.2433,56.614],[16.2419,56.6119],[16.2452,56.6112],[16.249,56.6154],[16.2493,56.6179],[16.2465,56.619],[16.2404,56.6154],[16.2454,56.6203],[16.2392,56.6213],[16.2447,56.6262],[16.2373,56.6245],[16.2349,56.6255],[16.2373,56.6248],[16.2443,56.627],[16.2461,56.6332],[16.2499,56.6353],[16.2581,56.635],[16.2617,56.6391],[16.2642,56.6384],[16.2608,56.6347],[16.2613,56.6299],[16.2674,56.6307],[16.2714,56.6375],[16.2781,56.6419],[16.2773,56.6431],[16.2734,56.6424],[16.2734,56.6439],[16.278,56.6439],[16.2824,56.6459],[16.2768,56.6475],[16.2817,56.6491],[16.2796,56.6509],[16.2753,56.6502],[16.2757,56.655],[16.2835,56.6574],[16.2888,56.6566],[16.2925,56.6606],[16.2948,56.6586],[16.3007,56.6599],[16.305,56.6593],[16.306,56.6577],[16.3138,56.6584],[16.3148,56.6572],[16.3114,56.6553],[16.3188,56.6562],[16.3194,56.6533],[16.3253,56.6523],[16.3253,56.6504],[16.3186,56.648],[16.3228,56.6453],[16.3147,56.6429],[16.3167,56.6418],[16.3138,56.636],[16.3154,56.6322],[16.3137,56.6304],[16.3156,56.63],[16.32,56.632],[16.3185,56.6332],[16.3246,56.6383],[16.3221,56.6394],[16.3244,56.6422],[16.3288,56.6435],[16.3239,56.6443],[16.3317,56.6485],[16.3355,56.6545],[16.3332,56.6498],[16.3545,56.6557],[16.3534,56.6578],[16.359,56.666],[16.3649,56.6669],[16.3576,56.672],[16.3592,56.6753],[16.3636,56.6763],[16.3617,56.6826],[16.3678,56.6825],[16.3709,56.6847],[16.3624,56.685],[16.3608,56.6863],[16.3696,56.6878],[16.3687,56.69],[16.3744,56.692],[16.37,56.6928],[16.3669,56.6908],[16.3629,56.6941],[16.3788,56.7022],[16.3727,56.7035],[16.3744,56.7044],[16.3709,56.7076],[16.3753,56.7084],[16.374,56.7098],[16.3695,56.7091],[16.3688,56.7111],[16.3627,56.7096],[16.3575,56.7106],[16.3589,56.7121],[16.3666,56.7127],[16.37,56.717],[16.3638,56.7151],[16.3542,56.7147],[16.3489,56.7172],[16.352,56.7207],[16.3566,56.7222],[16.373,56.72],[16.3783,56.7236],[16.3752,56.7246],[16.381,56.7267],[16.3777,56.7274],[16.3687,56.7254],[16.3632,56.7263],[16.3781,56.7284],[16.3696,56.7295],[16.3699,56.7331],[16.3648,56.7317],[16.3668,56.7328],[16.3642,56.7354],[16.3689,56.7351],[16.3693,56.7394],[16.3717,56.7406],[16.369,56.7402],[16.3679,56.7422],[16.3636,56.7419],[16.3692,56.7468],[16.3683,56.748],[16.3702,56.7476],[16.3688,56.7499],[16.3659,56.7498],[16.3689,56.7506],[16.3649,56.751],[16.369,56.7532],[16.3664,56.7534],[16.3651,56.7566],[16.3753,56.7564],[16.376,56.7545],[16.3835,56.7569],[16.3629,56.7633],[16.3651,56.7651],[16.3704,56.7642],[16.3724,56.7656],[16.3767,56.7654],[16.3789,56.7635],[16.3812,56.7649],[16.385,56.7645],[16.3862,56.7661],[16.3898,56.7648],[16.3876,56.766],[16.3941,56.769],[16.3846,56.7692],[16.387,56.7724],[16.3798,56.7754],[16.3783,56.7745],[16.3734,56.7761],[16.3822,56.7767],[16.3933,56.7735],[16.4043,56.7733],[16.4147,56.7787],[16.4255,56.779],[16.4277,56.7767],[16.4246,56.774],[16.4253,56.7715],[16.4342,56.769],[16.4345,56.7664],[16.4414,56.7654],[16.4417,56.7636],[16.4429,56.7647],[16.448,56.7642],[16.4446,56.763],[16.445,56.7607],[16.4509,56.7642],[16.4535,56.7636],[16.4552,56.7658],[16.4676,56.7688],[16.4653,56.7702],[16.4714,56.769],[16.4721,56.7701],[16.4683,56.7717],[16.4709,56.7721],[16.4701,56.7731],[16.4824,56.7707],[16.477,56.7754],[16.4783,56.7765],[16.4805,56.7759],[16.4792,56.7751],[16.4814,56.7758],[16.4787,56.7824],[16.485,56.7875],[16.4844,56.7915],[16.4763,56.7983],[16.4707,56.799],[16.4689,56.8012],[16.4708,56.8022],[16.4678,56.8019],[16.4677,56.8038],[16.4547,56.7979],[16.4529,56.7954],[16.4554,56.7938],[16.4514,56.7949],[16.4532,56.7934],[16.4466,56.793],[16.4474,56.7921],[16.4445,56.793],[16.4434,56.79],[16.438,56.7907],[16.4369,56.7879],[16.4335,56.7872],[16.4405,56.7868],[16.4387,56.7839],[16.4333,56.7838],[16.426,56.79],[16.426,56.7878],[16.4319,56.7836],[16.424,56.7806],[16.4116,56.7807],[16.4055,56.7832],[16.407,56.7848],[16.4043,56.7836],[16.3987,56.7842],[16.3991,56.7858],[16.3926,56.7848],[16.4002,56.7898],[16.3995,56.7879],[16.406,56.7892],[16.4027,56.7896],[16.4056,56.7923],[16.4123,56.7923],[16.4137,56.7936],[16.405,56.796],[16.4088,56.796],[16.4106,56.7981],[16.4123,56.7971],[16.4156,56.7997],[16.4072,56.8001],[16.4056,56.8015],[16.4037,56.8007],[16.4023,56.8039],[16.4114,56.8037],[16.4139,56.8065],[16.4091,56.8073],[16.409,56.8086],[16.4063,56.8077],[16.4041,56.8093],[16.3999,56.8091],[16.3986,56.8108],[16.4044,56.8113],[16.4068,56.8095],[16.4129,56.8125],[16.4157,56.8113],[16.4195,56.8123],[16.4175,56.8128],[16.4186,56.8145],[16.4151,56.8137],[16.4164,56.8149],[16.412,56.8144],[16.409,56.816],[16.41,56.8187],[16.4169,56.8192],[16.4131,56.8187],[16.4153,56.8166],[16.4179,56.8176],[16.4191,56.8164],[16.4227,56.8169],[16.4234,56.8151],[16.4245,56.8159],[16.4252,56.8195],[16.4175,56.819],[16.4212,56.8216],[16.4191,56.8227],[16.4163,56.8219],[16.418,56.8246],[16.4146,56.8232],[16.4125,56.8239],[16.4146,56.8261],[16.4188,56.8268],[16.4159,56.8305],[16.4168,56.8345],[16.4198,56.8341],[16.4235,56.8361],[16.4224,56.8332],[16.4259,56.8333],[16.4287,56.8343],[16.4267,56.8365],[16.431,56.8383],[16.4259,56.8389],[16.4227,56.841],[16.4238,56.8442],[16.4213,56.843],[16.4175,56.8438],[16.4273,56.8471],[16.4278,56.8491],[16.4251,56.85],[16.432,56.849],[16.4316,56.8506],[16.4349,56.8518],[16.4313,56.8543],[16.4341,56.8552],[16.4302,56.8546],[16.4317,56.8572],[16.4403,56.8594],[16.4376,56.861],[16.4398,56.8622],[16.4359,56.8616],[16.4367,56.8639],[16.4338,56.8643],[16.4332,56.8659],[16.4383,56.8664],[16.4386,56.868],[16.4333,56.8711],[16.4365,56.8768],[16.4465,56.8791],[16.4473,56.8806],[16.4438,56.8801],[16.4455,56.8824],[16.4433,56.8836],[16.4415,56.8818],[16.4386,56.8821],[16.4409,56.8881],[16.4409,56.8835],[16.4456,56.8847],[16.4463,56.8867],[16.4393,56.8935],[16.442,56.8943],[16.4447,56.8915],[16.4452,56.8928],[16.4483,56.8923],[16.4478,56.894],[16.4514,56.8931],[16.4418,56.8985],[16.4463,56.8976],[16.4477,56.8993],[16.4429,56.9032],[16.4445,56.9045],[16.4374,56.9067],[16.4448,56.9078],[16.4512,56.9049],[16.4487,56.9032],[16.4467,56.9037],[16.447,56.902],[16.4507,56.9014],[16.4531,56.8971],[16.4554,56.897],[16.4567,56.8994],[16.4601,56.897],[16.4651,56.8968],[16.4659,56.8979],[16.4687,56.8968],[16.4741,56.8983],[16.468,56.8986],[16.4599,56.9015],[16.4605,56.9003],[16.4552,56.8999],[16.4543,56.9018],[16.4512,56.9028],[16.4517,56.9014],[16.4487,56.9031],[16.4588,56.9025],[16.4523,56.904],[16.452,56.9061],[16.4472,56.9085],[16.4425,56.9085],[16.4414,56.9109],[16.432,56.9119],[16.4298,56.9147],[16.4323,56.9204],[16.4376,56.9201],[16.4395,56.9212],[16.4379,56.9227],[16.4409,56.923],[16.4409,56.922],[16.444,56.9241],[16.4439,56.9228],[16.4481,56.9233],[16.4524,56.9259],[16.4539,56.9225],[16.4579,56.9228],[16.4589,56.9199],[16.4628,56.9211],[16.4598,56.9246],[16.4661,56.9221],[16.4684,56.9228],[16.466,56.9271],[16.4675,56.929],[16.4656,56.9293],[16.4687,56.9308],[16.4655,56.9316],[16.4669,56.9357],[16.464,56.9373],[16.4653,56.9408],[16.4689,56.9415],[16.4723,56.9402],[16.4686,56.9432],[16.4728,56.9435],[16.461,56.9519],[16.464,56.9537],[16.4676,56.9529],[16.4455,56.9633],[16.4442,56.966],[16.4462,56.9677],[16.4449,56.9686],[16.446,56.9677],[16.443,56.967],[16.4405,56.9682],[16.4388,56.971],[16.4428,56.9729],[16.4425,56.9759],[16.4375,56.9798],[16.4337,56.98],[16.4322,56.9835],[16.4332,56.9862],[16.4354,56.9863],[16.4324,56.9865],[16.4414,56.9916],[16.4397,56.993],[16.4424,56.9939],[16.4415,56.9961],[16.4444,56.9982],[16.4418,57.0005],[16.4443,57.0021],[16.4423,57.0048],[16.4449,57.0056],[16.4425,57.0079],[16.4469,57.0107],[16.4475,57.0136],[16.4551,57.0165],[16.4567,57.0191],[16.4541,57.0209],[16.4568,57.0229],[16.4609,57.0204],[16.4579,57.0167],[16.4596,57.018],[16.4668,57.0148],[16.4622,57.0152],[16.4626,57.0135],[16.4538,57.0126],[16.4474,57.0094],[16.4473,57.0077],[16.4544,57.0041],[16.449,57.0025],[16.453,56.9998],[16.4514,56.9966],[16.448,56.996],[16.4514,56.9925],[16.4484,56.9918],[16.4586,56.9908],[16.4544,56.9909],[16.4565,56.9881],[16.4524,56.9865],[16.4575,56.9847],[16.4572,56.9876],[16.4611,56.9852],[16.4599,56.9841],[16.4654,56.9801],[16.4622,56.9789],[16.4686,56.9768],[16.4673,56.9742],[16.4715,56.973],[16.4756,56.969],[16.4727,56.9669],[16.4756,56.9668],[16.4739,56.9645],[16.4792,56.9651],[16.4784,56.9639],[16.4805,56.964],[16.4818,56.9667],[16.4792,56.966],[16.4784,56.9684],[16.4797,56.9708],[16.483,56.9714],[16.4814,56.9748],[16.4768,56.9772],[16.478,56.9806],[16.4815,56.9821],[16.4802,56.9829],[16.4846,56.9825],[16.4832,56.9835],[16.487,56.9852],[16.4817,56.9847],[16.4721,56.9894],[16.4703,56.9885],[16.4654,56.9896],[16.4723,56.9901],[16.4697,56.9923],[16.4723,56.9947],[16.4691,56.9975],[16.4739,56.9982],[16.4718,57.0017],[16.4665,57.0016],[16.4662,57.0039],[16.4729,57.0032],[16.4728,57.0052],[16.4798,57.0046],[16.4814,57.0082],[16.4721,57.0114],[16.4817,57.0117],[16.4822,57.0148],[16.4901,57.0142],[16.4898,57.0161],[16.4829,57.0163],[16.478,57.0192],[16.486,57.021],[16.4927,57.0163],[16.4977,57.0161],[16.4898,57.0204],[16.4788,57.0232],[16.474,57.0278],[16.4694,57.0283],[16.4719,57.0299],[16.4644,57.0301],[16.4534,57.0389],[16.448,57.0409],[16.4518,57.0447],[16.4515,57.0428],[16.4684,57.0377],[16.4666,57.0355],[16.4694,57.0357],[16.4694,57.0332],[16.4768,57.035],[16.4778,57.0326],[16.4827,57.0323],[16.4844,57.0303],[16.4908,57.0299],[16.4941,57.0311],[16.4953,57.0282],[16.5021,57.0303],[16.5001,57.0277],[16.503,57.028],[16.5027,57.0268],[16.5055,57.0272],[16.5061,57.03],[16.5091,57.0273],[16.5181,57.0283],[16.5163,57.0271],[16.5193,57.026],[16.5184,57.024],[16.5232,57.0181],[16.5266,57.0194],[16.5255,57.0216],[16.5317,57.0215],[16.5373,57.0232],[16.5395,57.0216],[16.5421,57.0237],[16.5453,57.0224],[16.547,57.0242],[16.5455,57.0269],[16.5377,57.0277],[16.5386,57.0304],[16.535,57.03],[16.539,57.0318],[16.5298,57.0324],[16.5303,57.0342],[16.5351,57.0358],[16.5316,57.039],[16.5345,57.0397],[16.5324,57.0403],[16.5349,57.0438],[16.534,57.0411],[16.5374,57.0398],[16.5464,57.0417],[16.5418,57.043],[16.5389,57.0413],[16.5413,57.0444],[16.5396,57.0457],[16.5431,57.0473],[16.5418,57.0492],[16.5457,57.0503],[16.5492,57.0457],[16.5566,57.0457],[16.5622,57.0427],[16.5622,57.0392],[16.5648,57.0386],[16.5697,57.0438],[16.567,57.0446],[16.5801,57.0449],[16.5814,57.0476],[16.5768,57.0513],[16.58,57.0515],[16.5803,57.0533],[16.5845,57.0517],[16.5859,57.0535],[16.5829,57.0559],[16.581,57.0543],[16.5796,57.0566],[16.5733,57.0565],[16.5708,57.0596],[16.5636,57.0598],[16.5638,57.0611],[16.5562,57.0626],[16.5514,57.062],[16.5478,57.0657],[16.5452,57.0649],[16.5393,57.0676],[16.536,57.0672],[16.5414,57.0736],[16.546,57.0746],[16.5483,57.0735],[16.5614,57.0797],[16.5657,57.0767],[16.5623,57.0738],[16.5651,57.0714],[16.5753,57.0801],[16.5768,57.0838],[16.5717,57.0858],[16.5747,57.0867],[16.5747,57.089],[16.5725,57.091],[16.5677,57.0897],[16.5668,57.087],[16.5623,57.0878],[16.5654,57.0901],[16.5638,57.0955],[16.5586,57.0959],[16.5549,57.0995],[16.5524,57.0985],[16.5531,57.0969],[16.5436,57.097],[16.5441,57.1018],[16.5401,57.1037],[16.5417,57.1096],[16.5312,57.1128],[16.5355,57.1151],[16.5343,57.1164],[16.5252,57.1159],[16.5115,57.1098],[16.5128,57.1123],[16.5049,57.1175],[16.508,57.1166],[16.5092,57.1218],[16.5127,57.1226],[16.512,57.1259],[16.5076,57.1278],[16.5035,57.127],[16.5046,57.1292],[16.5024,57.1301],[16.5052,57.1306],[16.5023,57.1349],[16.5045,57.1366],[16.5005,57.1363],[16.5028,57.139],[16.4978,57.1417],[16.4993,57.1446],[16.493,57.1475],[16.4903,57.1517],[16.4863,57.152],[16.4869,57.1543],[16.485,57.1535],[16.4805,57.1549],[16.4804,57.1567],[16.4734,57.1568],[16.4639,57.1609],[16.4655,57.1656],[16.4623,57.1663],[16.4634,57.1687],[16.461,57.1692],[16.4626,57.1744],[16.4573,57.1747],[16.4627,57.1766],[16.4584,57.1761],[16.4575,57.1774],[16.4613,57.1793],[16.4546,57.181],[16.4637,57.1844],[16.4634,57.1865],[16.4612,57.1874],[16.4622,57.186],[16.4569,57.1856],[16.4588,57.1885],[16.4541,57.1905],[16.4558,57.1916],[16.4634,57.1893],[16.4653,57.1907],[16.4596,57.1964],[16.4532,57.1983],[16.4497,57.2048],[16.4581,57.2021],[16.4614,57.1988],[16.4605,57.1961],[16.4692,57.1954],[16.4769,57.2005],[16.4708,57.2014],[16.4688,57.1977],[16.4654,57.198],[16.4697,57.203],[16.4733,57.202],[16.4714,57.2045],[16.4673,57.2049],[16.4693,57.206],[16.4623,57.2071],[16.46,57.2062],[16.4586,57.209],[16.4643,57.2104],[16.4645,57.2081],[16.4702,57.2079],[16.4699,57.2089],[16.4794,57.207],[16.4704,57.2119],[16.4716,57.2137],[16.4678,57.2144],[16.4745,57.216],[16.4737,57.2172],[16.4814,57.2148],[16.4868,57.2163],[16.4847,57.2215],[16.4802,57.2226],[16.4857,57.2231],[16.4845,57.2263],[16.4741,57.2292],[16.4777,57.2298],[16.475,57.2325],[16.4756,57.2361],[16.4778,57.2357],[16.4786,57.2301],[16.482,57.2293],[16.4806,57.2277],[16.4841,57.227],[16.4902,57.2236],[16.4966,57.2246],[16.5068,57.2289],[16.5033,57.2289],[16.5091,57.2303],[16.5008,57.2288],[16.4994,57.227],[16.4933,57.2285],[16.503,57.2297],[16.5128,57.2336],[16.51,57.235],[16.511,57.2338],[16.5066,57.2328],[16.5027,57.2375],[16.4951,57.2363],[16.4998,57.2379],[16.4976,57.2414],[16.5033,57.238],[16.5007,57.2425],[16.5036,57.2401],[16.5035,57.2425],[16.5054,57.241],[16.5079,57.2416],[16.4977,57.2479],[16.5018,57.2469],[16.4991,57.2484],[16.5012,57.2506],[16.4979,57.2501],[16.4974,57.2485],[16.4913,57.2486],[16.4887,57.2532],[16.4852,57.2531],[16.4844,57.256],[16.4879,57.2555],[16.4888,57.2568],[16.4865,57.2609],[16.4846,57.2596],[16.4817,57.2615],[16.481,57.259],[16.481,57.2624],[16.4648,57.2621],[16.4565,57.264],[16.4529,57.267],[16.4567,57.2675],[16.4631,57.2647],[16.4717,57.2663],[16.4799,57.2646],[16.4722,57.2682],[16.4771,57.2686],[16.4758,57.2701],[16.4802,57.2709],[16.4793,57.2723],[16.4824,57.2717],[16.4773,57.2741],[16.4787,57.2756],[16.4809,57.275],[16.4795,57.2774],[16.4768,57.2758],[16.4762,57.2793],[16.4836,57.2806],[16.4826,57.2848],[16.4886,57.2904],[16.4923,57.2892],[16.4923,57.2919],[16.4964,57.2916],[16.4978,57.2937],[16.5017,57.2936],[16.5001,57.2922],[16.5072,57.2938],[16.5083,57.2971],[16.5029,57.299],[16.5008,57.2969],[16.5033,57.297],[16.5029,57.2956],[16.4962,57.2937],[16.4944,57.2955],[16.5007,57.2984],[16.4974,57.298],[16.4964,57.2995],[16.5021,57.3009],[16.5147,57.2983],[16.515,57.3003],[16.5181,57.3005],[16.5134,57.3025],[16.5186,57.3021],[16.5186,57.3034],[16.5326,57.3048],[16.5309,57.3068],[16.5274,57.3057],[16.5245,57.3082],[16.5211,57.3082],[16.5231,57.3098],[16.5338,57.3073],[16.5384,57.3094],[16.5373,57.3077],[16.5418,57.3081],[16.5402,57.3095],[16.5434,57.3087],[16.546,57.3115],[16.5453,57.3096],[16.555,57.3107],[16.5526,57.3122],[16.5498,57.3115],[16.5536,57.3162],[16.551,57.317],[16.5527,57.3184],[16.5579,57.3179],[16.5533,57.3196],[16.5558,57.3214],[16.5529,57.3248],[16.5551,57.3247],[16.5509,57.3257],[16.5476,57.3326],[16.5491,57.3337],[16.5507,57.3323],[16.5561,57.3334],[16.5554,57.3319],[16.558,57.3316],[16.5631,57.3348],[16.5597,57.3362],[16.5719,57.3366],[16.5734,57.3406],[16.5684,57.3402],[16.5711,57.3408],[16.5685,57.3415],[16.5726,57.3449],[16.5675,57.3433],[16.5663,57.3454],[16.5636,57.3443],[16.5595,57.345],[16.565,57.3463],[16.5643,57.3476],[16.5613,57.3481],[16.559,57.3467],[16.5559,57.3485],[16.5542,57.3471],[16.5539,57.3503],[16.5636,57.3494],[16.5555,57.3519],[16.5575,57.3547],[16.548,57.3544],[16.5521,57.3559],[16.5495,57.3573],[16.5529,57.3588],[16.5589,57.358],[16.5597,57.3614],[16.5646,57.3627],[16.561,57.3653],[16.5568,57.3646],[16.5551,57.366],[16.5542,57.3634],[16.5525,57.3663],[16.5643,57.3662],[16.5585,57.3671],[16.5594,57.3685],[16.5513,57.3696],[16.553,57.3705],[16.5499,57.374],[16.5531,57.3709],[16.5562,57.3725],[16.5538,57.3733],[16.5568,57.3762],[16.5602,57.3754],[16.5608,57.3772],[16.5659,57.3766],[16.571,57.3783],[16.5792,57.3781],[16.5768,57.3771],[16.5818,57.3753],[16.6009,57.3762],[16.6017,57.3748],[16.6074,57.3742],[16.6035,57.371],[16.6115,57.3693],[16.6078,57.3671],[16.6134,57.3672],[16.6157,57.3653],[16.6129,57.364],[16.6243,57.366],[16.6244,57.3645],[16.6276,57.3652],[16.6256,57.3679],[16.6354,57.3705],[16.6336,57.3706],[16.6346,57.3725],[16.631,57.3727],[16.6358,57.3731],[16.6335,57.3739],[16.6352,57.3745],[16.6308,57.3733],[16.6328,57.3751],[16.6292,57.3753],[16.6304,57.3772],[16.6266,57.379],[16.6294,57.3798],[16.626,57.3796],[16.6204,57.3823],[16.6295,57.3815],[16.6261,57.3821],[16.6285,57.3847],[16.6285,57.3831],[16.6394,57.3827],[16.6357,57.385],[16.6331,57.3841],[16.6334,57.3882],[16.6294,57.3869],[16.6327,57.3857],[16.6293,57.386],[16.6277,57.3881],[16.6342,57.3891],[16.6363,57.3914],[16.633,57.3922],[16.6402,57.3973],[16.63,57.3979],[16.6394,57.3983],[16.6482,57.4051],[16.6442,57.4052],[16.6452,57.4034],[16.6351,57.4051],[16.6381,57.4064],[16.6371,57.4053],[16.6398,57.4054],[16.6466,57.4096],[16.6554,57.4091],[16.6584,57.4108],[16.6593,57.4096],[16.6667,57.411],[16.6676,57.4085],[16.6707,57.4091],[16.6699,57.411],[16.6724,57.411],[16.6763,57.4103],[16.6763,57.409],[16.677,57.4115],[16.6734,57.4114],[16.6767,57.4126],[16.6755,57.4145],[16.6835,57.4161],[16.6837,57.418],[16.6704,57.418],[16.6679,57.4214],[16.6646,57.4195],[16.6618,57.4201],[16.6687,57.4237],[16.6674,57.4222],[16.6719,57.4199],[16.6863,57.4197],[16.6833,57.4217],[16.6891,57.4208],[16.6962,57.4264],[16.6977,57.4306],[16.697,57.4321],[16.6919,57.4326],[16.6769,57.431],[16.6764,57.4295],[16.6691,57.4284],[16.6705,57.4266],[16.6678,57.4259],[16.6712,57.4248],[16.67,57.424],[16.6658,57.4256],[16.653,57.4216],[16.6533,57.4235],[16.6489,57.4211],[16.6508,57.4202],[16.6442,57.418],[16.6478,57.4245],[16.6538,57.4246],[16.6513,57.4263],[16.6522,57.4288],[16.6458,57.4303],[16.6476,57.4275],[16.6446,57.429],[16.6426,57.4351],[16.6403,57.4354],[16.6426,57.4359],[16.6402,57.4405],[16.6243,57.4444],[16.6344,57.4448],[16.6352,57.4436],[16.6372,57.4448],[16.6398,57.4425],[16.6501,57.4413],[16.6671,57.4437],[16.6775,57.4501],[16.6783,57.448],[16.6952,57.4502],[16.6976,57.4561],[16.6951,57.456],[16.695,57.4528],[16.6908,57.4525],[16.6908,57.4544],[16.6865,57.4551],[16.6839,57.4538],[16.6863,57.4567],[16.6829,57.458],[16.6787,57.4555],[16.6791,57.4586],[16.6758,57.4591],[16.6739,57.4571],[16.6756,57.455],[16.672,57.4532],[16.671,57.4548],[16.6673,57.4521],[16.666,57.4574],[16.67,57.4568],[16.6716,57.4595],[16.668,57.4581],[16.6644,57.4619],[16.6507,57.4627],[16.6615,57.4663],[16.6614,57.4648],[16.6628,57.4663],[16.6634,57.4654],[16.668,57.4666],[16.6671,57.4626],[16.6688,57.461],[16.671,57.4615],[16.6698,57.4653],[16.6744,57.4662],[16.6698,57.4714],[16.6756,57.4692],[16.6768,57.4718],[16.6812,57.4716],[16.6822,57.4697],[16.6848,57.4705],[16.6797,57.4686],[16.6776,57.4698],[16.6768,57.4686],[16.6787,57.4634],[16.6832,57.4634],[16.6819,57.4642],[16.6846,57.4644],[16.6866,57.4671],[16.6989,57.4708],[16.6992,57.4776],[16.6953,57.4779],[16.6982,57.4797],[16.6905,57.4794],[16.6975,57.4813],[16.6985,57.4855],[16.6954,57.4877],[16.7028,57.4881],[16.705,57.4862],[16.7121,57.4887],[16.711,57.4897],[16.7034,57.489],[16.7053,57.4914],[16.7073,57.4909],[16.7055,57.4941],[16.7027,57.4946],[16.7008,57.4912],[16.6939,57.4928],[16.6942,57.4955],[16.684,57.4952],[16.6875,57.4976],[16.6864,57.4989],[16.6754,57.5019],[16.6743,57.5049],[16.6674,57.5089],[16.6698,57.5104],[16.6743,57.5089],[16.6753,57.5104],[16.6691,57.5154],[16.6659,57.5158],[16.6659,57.5131],[16.6637,57.5147],[16.6595,57.5133],[16.6576,57.5104],[16.6547,57.5115],[16.6549,57.5067],[16.6526,57.5115],[16.6458,57.5126],[16.6478,57.5144],[16.6506,57.514],[16.648,57.5161],[16.6511,57.518],[16.6501,57.5203],[16.6564,57.5198],[16.6442,57.5236],[16.6505,57.5234],[16.6446,57.5286],[16.6346,57.5301],[16.6388,57.5306],[16.6357,57.5337],[16.6293,57.5357],[16.6382,57.5354],[16.6336,57.5384],[16.6364,57.5397],[16.6444,57.5372],[16.639,57.5365],[16.6439,57.533],[16.6478,57.5331],[16.65,57.5354],[16.6527,57.535],[16.6479,57.5367],[16.6531,57.5385],[16.6589,57.5367],[16.6602,57.5339],[16.6737,57.5326],[16.6761,57.5349],[16.6642,57.5392],[16.6701,57.5402],[16.6666,57.5469],[16.6649,57.5474],[16.6631,57.5454],[16.6642,57.5428],[16.6617,57.5441],[16.6353,57.545],[16.6437,57.5472],[16.6386,57.5517],[16.6326,57.5496],[16.6341,57.5472],[16.6292,57.5488],[16.6243,57.5473],[16.6269,57.5503],[16.6304,57.5508],[16.63,57.5527],[16.617,57.5522],[16.6145,57.5509],[16.6179,57.5493],[16.6161,57.5478],[16.614,57.549],[16.6106,57.5483],[16.6098,57.5514],[16.6017,57.5548],[16.598,57.5495],[16.5965,57.5548],[16.5924,57.5555],[16.5896,57.5542],[16.5918,57.5524],[16.5897,57.5521],[16.591,57.5483],[16.5888,57.5465],[16.5896,57.5381],[16.5879,57.5329],[16.5852,57.5316],[16.5855,57.5519],[16.5843,57.5554],[16.5792,57.5589],[16.5632,57.5649],[16.5609,57.5623],[16.5526,57.5598],[16.5471,57.5613],[16.5424,57.5612],[16.542,57.56],[16.538,57.5623],[16.5292,57.5611],[16.5263,57.5636],[16.5213,57.5625],[16.5111,57.5635],[16.5155,57.5656],[16.531,57.5638],[16.5442,57.5655],[16.5528,57.5641],[16.5593,57.5675],[16.5499,57.5716],[16.5477,57.5777],[16.5344,57.582],[16.5221,57.5812],[16.5215,57.5793],[16.513,57.5772],[16.5194,57.5814],[16.5117,57.5869],[16.5102,57.5905],[16.521,57.586],[16.5277,57.5875],[16.5281,57.5901],[16.5344,57.5898],[16.5343,57.5975],[16.5369,57.596],[16.5416,57.5977],[16.5423,57.6001],[16.5451,57.6003],[16.5453,57.604],[16.5421,57.6047],[16.5434,57.6069],[16.5415,57.6076],[16.5342,57.6065],[16.53,57.6079],[16.5377,57.6094],[16.5409,57.6124],[16.5437,57.6118],[16.5316,57.6186],[16.5117,57.6238],[16.5116,57.627],[16.5015,57.6323],[16.4981,57.6371],[16.5063,57.6335],[16.5094,57.6292],[16.5153,57.6281],[16.5187,57.6243],[16.5339,57.6208],[16.539,57.6163],[16.5476,57.614],[16.5519,57.6111],[16.5572,57.6132],[16.5531,57.6133],[16.551,57.6168],[16.5546,57.6174],[16.5543,57.6156],[16.5571,57.6152],[16.5652,57.6254],[16.5616,57.6147],[16.5646,57.6133],[16.5626,57.6115],[16.5645,57.6088],[16.5708,57.6063],[16.5643,57.6066],[16.5753,57.6027],[16.5641,57.6024],[16.5605,57.6005],[16.5613,57.5981],[16.5686,57.5943],[16.5734,57.5944],[16.5787,57.5901],[16.5878,57.5874],[16.5916,57.5951],[16.582,57.5985],[16.5834,57.6021],[16.5776,57.6048],[16.5896,57.6014],[16.5933,57.6032],[16.5932,57.6292],[16.5943,57.6226],[16.5974,57.6213],[16.5948,57.6111],[16.5982,57.6082],[16.5979,57.6005],[16.6003,57.6012],[16.6083,57.5983],[16.6102,57.6034],[16.6183,57.6026],[16.6194,57.6044],[16.6253,57.6013],[16.6356,57.6004],[16.6307,57.6036],[16.6322,57.6057],[16.6374,57.6],[16.6401,57.6008],[16.6473,57.5982],[16.6491,57.6012],[16.6464,57.6026],[16.6418,57.6018],[16.6408,57.6031],[16.6471,57.6061],[16.6583,57.6068],[16.6601,57.6086],[16.6591,57.6112],[16.6516,57.6129],[16.6506,57.6139],[16.654,57.6144],[16.6489,57.6192],[16.6386,57.6241],[16.6432,57.626],[16.6329,57.636],[16.6301,57.6375],[16.628,57.6365],[16.6253,57.6445],[16.5965,57.6478],[16.5912,57.6459],[16.5909,57.6527],[16.5784,57.6604],[16.5825,57.6597],[16.5867,57.663],[16.5876,57.6613],[16.591,57.6619],[16.5944,57.6605],[16.6005,57.6647],[16.6055,57.6648],[16.5986,57.6605],[16.5999,57.6588],[16.5913,57.6595],[16.5937,57.6549],[16.6023,57.6523],[16.596,57.6514],[16.5925,57.6535],[16.5936,57.6492],[16.6096,57.6482],[16.6078,57.6515],[16.6133,57.6491],[16.6065,57.6548],[16.6226,57.65],[16.6211,57.6492],[16.625,57.6476],[16.6272,57.6497],[16.6356,57.6506],[16.6423,57.6549],[16.6402,57.6552],[16.6397,57.6598],[16.6443,57.6579],[16.6397,57.6605],[16.6416,57.6612],[16.6399,57.663],[16.6433,57.6625],[16.6492,57.6674],[16.6498,57.6713],[16.6456,57.6769],[16.6345,57.679],[16.63,57.6755],[16.6141,57.687],[16.6064,57.6885],[16.6016,57.6838],[16.605,57.6804],[16.5995,57.6833],[16.592,57.683],[16.5914,57.6857],[16.5964,57.6866],[16.5939,57.6899],[16.5862,57.6925],[16.5864,57.6981],[16.5697,57.7163],[16.5557,57.722],[16.5305,57.7248],[16.5216,57.7274],[16.5296,57.7265],[16.5406,57.729],[16.5584,57.7241],[16.5538,57.728],[16.5616,57.7267],[16.5639,57.7273],[16.5632,57.7299],[16.5663,57.7297],[16.5746,57.7226],[16.5825,57.7204],[16.5791,57.7189],[16.5765,57.7195],[16.5777,57.7185],[16.5737,57.717],[16.5844,57.7054],[16.5908,57.704],[16.5967,57.6988],[16.5887,57.701],[16.5903,57.6965],[16.5969,57.6952],[16.599,57.6973],[16.6077,57.6928],[16.6103,57.6944],[16.6104,57.6916],[16.6137,57.6911],[16.6166,57.688],[16.6226,57.6873],[16.6308,57.683],[16.6367,57.6843],[16.6422,57.6819],[16.6523,57.6824],[16.6726,57.6786],[16.677,57.6844],[16.6809,57.6828],[16.6794,57.6846],[16.6904,57.6843],[16.691,57.6887],[16.699,57.6867],[16.6997,57.6841],[16.7079,57.686],[16.7165,57.6842],[16.7066,57.6831],[16.7163,57.6809],[16.7191,57.6831],[16.7209,57.682],[16.7214,57.6836],[16.7234,57.6833],[16.7174,57.6845],[16.7209,57.686],[16.7201,57.6884],[16.7168,57.6876],[16.7152,57.69],[16.7037,57.6922],[16.7006,57.6951],[16.6942,57.6961],[16.6938,57.6973],[16.6964,57.6967],[16.6985,57.6987],[16.6977,57.7011],[16.7039,57.6953],[16.7053,57.6969],[16.7105,57.696],[16.7106,57.6984],[16.7186,57.6991],[16.7218,57.6987],[16.7257,57.6951],[16.7333,57.6961],[16.7257,57.703],[16.7157,57.7057],[16.715,57.7075],[16.7072,57.7107],[16.7073,57.7123],[16.7097,57.7125],[16.7173,57.7107],[16.7177,57.7136],[16.7224,57.7139],[16.7233,57.718],[16.7209,57.7154],[16.7164,57.7176],[16.7145,57.7153],[16.7075,57.716],[16.7072,57.7129],[16.702,57.7178],[16.7063,57.719],[16.7046,57.7219],[16.7104,57.7209],[16.707,57.7236],[16.6942,57.7246],[16.6933,57.7227],[16.693,57.7255],[16.6881,57.7279],[16.6835,57.7257],[16.6849,57.7238],[16.681,57.7231],[16.662,57.7272],[16.6686,57.7286],[16.6723,57.7268],[16.6824,57.7265],[16.672,57.7334],[16.6729,57.7354],[16.6755,57.7336],[16.6793,57.7345],[16.6796,57.7368],[16.6752,57.7391],[16.669,57.7394],[16.6668,57.7424],[16.6696,57.7458],[16.6542,57.7523],[16.6532,57.7565],[16.6454,57.7571],[16.6423,57.7611],[16.638,57.7596],[16.6284,57.7649],[16.6226,57.7716],[16.6021,57.7831],[16.5814,57.7906],[16.5736,57.796],[16.5678,57.8051],[16.5492,57.8148],[16.5168,57.8269],[16.5059,57.8282],[16.5046,57.8312],[16.4993,57.8333],[16.4913,57.8334],[16.4928,57.8306],[16.4852,57.8306],[16.4835,57.8359],[16.4787,57.8354],[16.4841,57.8368],[16.4763,57.8408],[16.4765,57.8462],[16.4639,57.8512],[16.4588,57.851],[16.4581,57.8477],[16.4629,57.8433],[16.4629,57.8375],[16.4668,57.8384],[16.4714,57.8374],[16.4685,57.8339],[16.4703,57.8309],[16.4595,57.8304],[16.4471,57.8336],[16.4472,57.8393],[16.4431,57.8377],[16.4394,57.8433],[16.4416,57.8446],[16.4443,57.8413],[16.448,57.8406],[16.4433,57.8504],[16.4458,57.8535],[16.4384,57.8567],[16.4335,57.8623],[16.4266,57.8642],[16.4214,57.87],[16.4144,57.8717],[16.416,57.8726],[16.4133,57.8774],[16.409,57.8792],[16.4079,57.8824],[16.4103,57.884],[16.4171,57.8845],[16.4173,57.8881],[16.4205,57.8902],[16.4169,57.892],[16.4124,57.9],[16.4152,57.9054],[16.4187,57.8961],[16.426,57.8894],[16.4259,57.8798],[16.4353,57.8765],[16.4411,57.8681],[16.4559,57.8674],[16.4598,57.8657],[16.4633,57.8603],[16.4808,57.8559],[16.4888,57.8488],[16.49,57.8498],[16.4947,57.849],[16.5033,57.845],[16.5077,57.8455],[16.5062,57.847],[16.5083,57.8496],[16.5172,57.8485],[16.5221,57.846],[16.5258,57.8506],[16.5297,57.8498],[16.5346,57.8465],[16.531,57.846],[16.53,57.8436],[16.5342,57.8423],[16.5324,57.8382],[16.5377,57.8369],[16.535,57.8336],[16.5364,57.832],[16.5508,57.8266],[16.5521,57.8235],[16.5626,57.8221],[16.5622,57.8242],[16.5665,57.8241],[16.5791,57.8156],[16.5847,57.8076],[16.5904,57.8037],[16.6005,57.8015],[16.5985,57.7999],[16.6015,57.7969],[16.6095,57.796],[16.6089,57.7935],[16.6142,57.7903],[16.6088,57.7911],[16.6176,57.7856],[16.6231,57.7852],[16.6231,57.7804],[16.6371,57.7675],[16.6395,57.7661],[16.6418,57.7671],[16.6426,57.7614],[16.6428,57.7647],[16.653,57.7618],[16.6496,57.7637],[16.6543,57.765],[16.6545,57.7685],[16.6605,57.7621],[16.6751,57.7608],[16.6723,57.7646],[16.6743,57.7667],[16.6881,57.7562],[16.7019,57.7499],[16.7037,57.7476],[16.7021,57.7392],[16.7079,57.7379],[16.7057,57.7348],[16.7085,57.7319],[16.7156,57.731],[16.7152,57.7327],[16.7109,57.7332],[16.7197,57.735],[16.7176,57.7382],[16.7202,57.7404],[16.7162,57.7438],[16.7186,57.743],[16.7192,57.7461],[16.702,57.7571],[16.7101,57.7554],[16.7074,57.7593],[16.7092,57.7587],[16.7099,57.7613],[16.707,57.7606],[16.7061,57.7628],[16.6966,57.7621],[16.6901,57.7644],[16.6834,57.7696],[16.668,57.7729],[16.6572,57.7809],[16.6526,57.7822],[16.6389,57.7957],[16.6009,57.8133],[16.5886,57.8212],[16.5844,57.8275],[16.5666,57.8387],[16.5534,57.8427],[16.5524,57.8381],[16.5474,57.8373],[16.5466,57.8354],[16.549,57.8319],[16.5455,57.8325],[16.5423,57.8348],[16.544,57.8369],[16.541,57.8406],[16.5505,57.8413],[16.5466,57.8479],[16.5337,57.856],[16.5326,57.8673],[16.53,57.8698],[16.527,57.8681],[16.5212,57.8745],[16.5049,57.8786],[16.4988,57.8833],[16.4898,57.8843],[16.4849,57.8874],[16.4877,57.8881],[16.4859,57.8895],[16.4705,57.8908],[16.4682,57.8934],[16.4756,57.8956],[16.4928,57.8946],[16.4958,57.8957],[16.5002,57.8918],[16.5054,57.8899],[16.5086,57.8905],[16.5061,57.8956],[16.4987,57.9017],[16.4926,57.9049],[16.4744,57.9084],[16.4698,57.9124],[16.4764,57.9102],[16.4833,57.9125],[16.4855,57.9094],[16.496,57.9062],[16.4964,57.9039],[16.5059,57.9023],[16.5083,57.9005],[16.5203,57.9007],[16.5204,57.9025],[16.5247,57.9033],[16.5264,57.8984],[16.5316,57.8949],[16.5307,57.8973],[16.5351,57.8985],[16.5445,57.8937],[16.5493,57.8932],[16.5466,57.8974],[16.5525,57.9011],[16.5508,57.8999],[16.5552,57.8957],[16.5503,57.8948],[16.5558,57.8885],[16.563,57.8885],[16.561,57.8862],[16.5649,57.8864],[16.5679,57.8846],[16.5676,57.8828],[16.5642,57.8823],[16.5695,57.882],[16.5709,57.8805],[16.5743,57.8811],[16.5761,57.8783],[16.5817,57.8762],[16.5953,57.8796],[16.5987,57.8788],[16.5988,57.8808],[16.5954,57.8819],[16.6,57.8813],[16.5968,57.8857],[16.5919,57.8881],[16.5932,57.885],[16.58,57.8905],[16.5809,57.8962],[16.5768,57.9003],[16.579,57.9011],[16.5772,57.9039],[16.5862,57.9017],[16.5877,57.9035],[16.5858,57.9031],[16.5788,57.9081],[16.5775,57.9047],[16.5749,57.9078],[16.5692,57.9086],[16.5658,57.9122],[16.5661,57.9138],[16.5722,57.9109],[16.569,57.9125],[16.5693,57.9165],[16.5682,57.9178],[16.5652,57.9167],[16.5605,57.9195],[16.573,57.9183],[16.5712,57.9211],[16.5731,57.9215],[16.5893,57.9176],[16.5862,57.9221],[16.5771,57.9214],[16.5766,57.9226],[16.5786,57.9254],[16.5824,57.9251],[16.583,57.9271],[16.5888,57.9281],[16.5957,57.9321],[16.5991,57.9318],[16.5782,57.9374],[16.5733,57.9362],[16.57,57.9392],[16.5576,57.9402],[16.5468,57.9472],[16.5387,57.949],[16.5217,57.9568],[16.5218,57.9591],[16.5283,57.959],[16.5263,57.9623],[16.5172,57.9637],[16.5168,57.9658],[16.5116,57.967],[16.4951,57.9781],[16.4957,57.9809],[16.5015,57.9816],[16.5042,57.9754],[16.5121,57.9704],[16.5155,57.9704],[16.5024,57.9851],[16.5024,57.9898],[16.4951,57.9939],[16.4974,57.9971],[16.508,57.9989],[16.5131,57.9935],[16.5198,57.9916],[16.52,57.9954],[16.5256,57.9931],[16.5272,57.9895],[16.5249,57.9874],[16.5292,57.9853],[16.5295,57.981],[16.5405,57.9686],[16.5436,57.9688],[16.5407,57.9724],[16.5471,57.9716],[16.5433,57.978],[16.5547,57.9733],[16.5624,57.9629],[16.569,57.9589],[16.5724,57.959],[16.5733,57.9571],[16.5876,57.954],[16.5935,57.9577],[16.6008,57.9586],[16.5945,57.9536],[16.5966,57.9472],[16.5944,57.9459],[16.5992,57.9448],[16.599,57.9405],[16.6466,57.9176],[16.667,57.9112],[16.6671,57.9094],[16.6645,57.9093],[16.6402,57.9151],[16.6303,57.9187],[16.628,57.9217],[16.617,57.924],[16.6058,57.9307],[16.5989,57.9277],[16.5993,57.9237],[16.5943,57.921],[16.5962,57.9196],[16.5927,57.9201],[16.592,57.919],[16.6149,57.9078],[16.6171,57.9036],[16.619,57.9041],[16.6212,57.8931],[16.6261,57.8906],[16.6295,57.8907],[16.6279,57.8884],[16.634,57.885],[16.6364,57.8852],[16.6346,57.8897],[16.6418,57.8862],[16.6423,57.8883],[16.6459,57.8868],[16.651,57.8876],[16.6456,57.8864],[16.6459,57.8823],[16.6511,57.8796],[16.6511,57.8809],[16.6588,57.8798],[16.6596,57.8775],[16.6626,57.8784],[16.6631,57.8764],[16.6671,57.8778],[16.6691,57.8824],[16.6689,57.8772],[16.6711,57.8786],[16.6747,57.878],[16.669,57.8752],[16.6692,57.8728],[16.6731,57.8714],[16.6774,57.8746],[16.6882,57.877],[16.6913,57.8818],[16.69,57.8843],[16.6963,57.8841],[16.6932,57.8848],[16.6936,57.8865],[16.7018,57.8861],[16.6948,57.8878],[16.6918,57.8854],[16.6894,57.8895],[16.6936,57.8903],[16.7026,57.8878],[16.7031,57.8895],[16.709,57.8905],[16.7041,57.8933],[16.703,57.8904],[16.6913,57.8925],[16.6861,57.8957],[16.6957,57.9032],[16.7031,57.9022],[16.7028,57.9056],[16.7069,57.9069],[16.7052,57.9044],[16.7075,57.9018],[16.7034,57.9014],[16.7078,57.8989],[16.7084,57.8924],[16.7127,57.8908],[16.7142,57.8926],[16.7185,57.8931],[16.7206,57.8856],[16.7288,57.886],[16.7334,57.8793],[16.7354,57.8793],[16.7338,57.8811],[16.7392,57.8787],[16.7388,57.875],[16.7476,57.8733],[16.7534,57.8652],[16.7612,57.8624],[16.7633,57.8643],[16.7638,57.8617],[16.7619,57.8615],[16.764,57.8588],[16.7642,57.8611],[16.7721,57.8578],[16.7759,57.8584],[16.7708,57.8659],[16.7778,57.8624],[16.7826,57.8622],[16.7774,57.8673],[16.7739,57.866],[16.7677,57.8671],[16.7672,57.871],[16.7736,57.869],[16.7754,57.8715],[16.7789,57.8716],[16.7916,57.8662],[16.7901,57.8702],[16.7932,57.8739],[16.7895,57.8759],[16.7904,57.874],[16.786,57.8728],[16.7896,57.8749],[16.7867,57.8746],[16.7891,57.8772],[16.7955,57.8774],[16.7953,57.8806],[16.7884,57.8821],[16.7862,57.8808],[16.7887,57.8838],[16.7849,57.8844],[16.7815,57.8881],[16.775,57.8872],[16.7782,57.8902],[16.771,57.892],[16.7743,57.893],[16.768,57.8971],[16.7592,57.8975],[16.7559,57.9001],[16.7522,57.8997],[16.7497,57.9026],[16.7436,57.904],[16.7616,57.9049],[16.765,57.9026],[16.7715,57.9018],[16.7709,57.8998],[16.7805,57.8959],[16.7881,57.8968],[16.787,57.8978],[16.7902,57.8988],[16.7874,57.9019],[16.7818,57.9026],[16.7872,57.904],[16.7818,57.909],[16.7725,57.9098],[16.771,57.9076],[16.778,57.905],[16.7733,57.9042],[16.7604,57.9073],[16.7613,57.9096],[16.7575,57.9124],[16.7514,57.9115],[16.744,57.9128],[16.7369,57.9105],[16.7388,57.9141],[16.7468,57.9166],[16.7494,57.921],[16.7459,57.9316],[16.7516,57.9289],[16.7506,57.9261],[16.7532,57.9258],[16.7494,57.9162],[16.7555,57.9146],[16.771,57.9146],[16.7884,57.911],[16.785,57.9148],[16.793,57.9104],[16.7958,57.9113],[16.8027,57.9082],[16.8055,57.9099],[16.7999,57.9113],[16.8024,57.9169],[16.7939,57.9238],[16.7901,57.9238],[16.7904,57.9257],[16.785,57.9282],[16.7772,57.9293],[16.7776,57.9316],[16.7699,57.933],[16.7561,57.939],[16.757,57.94],[16.768,57.9372],[16.7672,57.939],[16.7705,57.9399],[16.7667,57.9431],[16.7688,57.943],[16.7702,57.9455],[16.7687,57.9464],[16.7672,57.9453],[16.7682,57.9487],[16.763,57.958],[16.7607,57.959],[16.7574,57.9564],[16.757,57.9584],[16.761,57.9606],[16.7576,57.9614],[16.7563,57.9651],[16.748,57.971],[16.7497,57.9723],[16.7389,57.9726],[16.7333,57.9742],[16.7303,57.9717],[16.7259,57.9758],[16.722,57.9755],[16.7157,57.9694],[16.7209,57.9624],[16.7247,57.9619],[16.728,57.9589],[16.7347,57.9589],[16.7367,57.9612],[16.7411,57.9609],[16.7409,57.9579],[16.7371,57.9589],[16.7322,57.9561],[16.7435,57.9478],[16.7413,57.9469],[16.7311,57.9533],[16.7218,57.9563],[16.7109,57.9647],[16.7056,57.9656],[16.7022,57.9637],[16.6988,57.9684],[16.7011,57.9719],[16.6987,57.9719],[16.6991,57.9748],[16.6821,57.987],[16.6772,57.9871],[16.6757,57.9802],[16.6786,57.975],[16.682,57.975],[16.6844,57.9711],[16.6817,57.969],[16.6723,57.9736],[16.6627,57.9746],[16.6631,57.9724],[16.6611,57.9724],[16.6574,57.9756],[16.6451,57.9796],[16.6379,57.9797],[16.6332,57.9841],[16.6245,57.9829],[16.6224,57.9898],[16.6305,57.9882],[16.6324,57.9861],[16.6377,57.9861],[16.6447,57.9812],[16.6592,57.9827],[16.6606,57.9806],[16.6713,57.9876],[16.6681,57.9914],[16.6696,57.9941],[16.6652,57.9965],[16.649,57.9991],[16.6324,58.009],[16.631,58.0193],[16.6164,58.0342],[16.6002,58.0407],[16.6081,58.0504],[16.5967,58.0581],[16.6067,58.0607],[16.6004,58.0713],[16.5659,58.0964],[16.5745,58.1072],[16.5628,58.113],[16.5519,58.113],[16.5499,58.1224],[16.5336,58.1252],[16.5114,58.1121],[16.4982,58.0987],[16.4757,58.1055],[16.4534,58.1215],[16.4369,58.1218],[16.414,58.1392],[16.3986,58.1384],[16.3912,58.1418],[16.3624,58.1386],[16.3358,58.1275],[16.3115,58.1327],[16.2956,58.1461],[16.2681,58.1546],[16.2385,58.1424],[16.2142,58.1267],[16.2155,58.1156],[16.1898,58.1142],[16.1786,58.1205],[16.1682,58.1023],[16.1828,58.0759],[16.1521,58.0731],[16.1284,58.0961],[16.1187,58.0968],[16.0775,58.0773],[16.0246,58.0863],[16.0134,58.0989],[16.0058,58.0989],[15.9918,58.0835],[16.0204,58.0703],[16.0211,58.0605],[16.0009,58.0494],[15.9995,58.0313],[16.0288,58.018],[16.0483,57.9992],[16.0936,57.9866],[16.0755,57.9839],[16.0629,57.9699],[16.0448,57.9741],[16.0183,57.9567],[16.0326,57.9267],[16.058,57.9146],[16.0612,57.8776],[16.0237,57.8616],[15.9742,57.8339],[15.9434,57.812],[15.9131,57.8228],[15.9001,57.8361],[15.8542,57.8361],[15.8239,57.8236],[15.806,57.8397],[15.7708,57.8584],[15.7409,57.8567],[15.7141,57.8674],[15.6561,57.8656],[15.6396,57.8571],[15.6276,57.8642],[15.6013,57.8651],[15.6017,57.8495],[15.6089,57.8357],[15.5446,57.7996],[15.5531,57.7795],[15.5393,57.7808],[15.5246,57.7715],[15.5121,57.7764],[15.5014,57.7674],[15.4853,57.7719],[15.4688,57.7603],[15.434,57.755],[15.4501,57.7416],[15.4385,57.7358],[15.4469,57.7282],[15.426,57.7112],[15.442,57.6903],[15.4759,57.6782],[15.4918,57.6792],[15.5071,57.6675],[15.52,57.6681],[15.531,57.6589],[15.5849,57.6436],[15.5947,57.6265],[15.6265,57.6093],[15.6645,57.605],[15.6523,57.5934],[15.6284,57.594],[15.6051,57.5713],[15.5757,57.553],[15.6161,57.5462],[15.6186,57.5383],[15.6302,57.5328],[15.6476,57.5114],[15.6456,57.498],[15.6213,57.4949],[15.617,57.4443],[15.597,57.4384],[15.5911,57.4506],[15.5731,57.4514],[15.5617,57.4604],[15.5648,57.4671],[15.5449,57.4733],[15.5174,57.4584],[15.5041,57.462],[15.5045,57.4482],[15.495,57.4424],[15.5008,57.4146],[15.5247,57.4156],[15.517,57.3983],[15.5209,57.3897],[15.496,57.3782],[15.5218,57.3677],[15.5132,57.3677],[15.5075,57.3533],[15.5209,57.3447],[15.5094,57.3342],[15.5056,57.3141],[15.474,57.3122],[15.4711,57.2921],[15.4826,57.2806],[15.4548,57.2701],[15.4893,57.2538],[15.5113,57.25],[15.5247,57.2222],[15.5176,57.2124],[15.5279,57.211],[15.5503,57.193],[15.5659,57.1949],[15.5718,57.1751],[15.5575,57.1547],[15.5865,57.1575],[15.6047,57.15],[15.6047,57.1416],[15.6334,57.1341],[15.6506,57.1355],[15.652,57.1177],[15.7064,57.0823],[15.7293,57.0835],[15.7377,57.0625],[15.7827,57.0409],[15.792,57.0297],[15.829,57.0049],[15.8403,56.9861],[15.83,56.9421],[15.8,56.9168],[15.7827,56.9234],[15.7513,56.9173],[15.7002,56.921],[15.6637,56.9107],[15.5991,56.9323],[15.5846,56.9276],[15.5476,56.9351],[15.5204,56.9192],[15.5265,56.9084],[15.549,56.8981],[15.5574,56.8803],[15.5424,56.8658],[15.5537,56.834],[15.5415,56.8138],[15.4914,56.8012],[15.445,56.804],[15.4479,56.7951],[15.4464,56.7829],[15.4277,56.7862],[15.3678,56.7834],[15.3575,56.7611],[15.3697,56.7595],[15.3912,56.7412],[15.3909,56.7228],[15.4179,56.7188],[15.4174,56.7085],[15.4076,56.6883],[15.4198,56.6762],[15.3963,56.6607],[15.4127,56.6523],[15.4137,56.6448],[15.386,56.6321],[15.3818,56.6181],[15.3659,56.6148],[15.3629,56.5971],[15.3818,56.5928],[15.3809,56.583],[15.365,56.5652],[15.3537,56.5727],[15.3509,56.5488],[15.3434,56.5408],[15.35,56.5254],[15.3378,56.5188],[15.3383,56.5118],[15.3289,56.5048],[15.3313,56.4928],[15.3509,56.487]]]]}},
    {"type":"Feature","properties":{"kod":"09","namn":"Gotlands län"},"geometry":{"type":"MultiPolygon","coordinates":[[[[17.9814,57.2932],[17.9708,57.2898],[17.9592,57.291],[17.9562,57.2842],[17.9594,57.2793],[17.9729,57.2783],[17.9875,57.2821],[17.9897,57.2853],[17.9814,57.2932]]],[[[18.0736,57.3133],[18.0694,57.3182],[18.0605,57.3202],[18.0542,57.3175],[18.0521,57.3116],[18.0573,57.3069],[18.0639,57.3056],[18.0734,57.3096],[18.0736,57.3133]]],[[[18.9828,57.4475],[18.9731,57.4451],[18.9661,57.4457],[18.9592,57.4406],[18.9599,57.4388],[18.9842,57.4304],[18.9895,57.4389],[18.99,57.4446],[18.9828,57.4475]]],[[[18.8408,57.7167],[18.8387,57.7179],[18.8392,57.7094],[18.8449,57.6997],[18.8485,57.699],[18.8553,57.7016],[18.8574,57.7087],[18.8526,57.7121],[18.8533,57.7163],[18.85,57.7139],[18.8476,57.7171],[18.8408,57.7167]]],[[[19.0101,57.7859],[19.0073,57.7879],[19.0059,57.7838],[18.9985,57.7803],[18.9921,57.7825],[18.9923,57.7794],[18.9979,57.7798],[18.9981,57.7744],[19.0044,57.7682],[19.0047,57.7595],[19.0111,57.7534],[19.0094,57.7515],[19.0086,57.7526],[19.0086,57.7481],[19.0093,57.741],[19.0118,57.7395],[19.0187,57.7474],[19.0192,57.7587],[19.0257,57.7622],[19.0328,57.7619],[19.0274,57.7835],[19.0224,57.7872],[19.0101,57.7859]]],[[[19.0319,57.808],[19.0287,57.8074],[19.0258,57.804],[19.0258,57.7975],[19.0289,57.7978],[19.0461,57.7871],[19.055,57.7884],[19.0601,57.7943],[19.065,57.7961],[19.0646,57.7992],[19.0563,57.7969],[19.0542,57.7993],[19.0456,57.8017],[19.0457,57.8035],[19.0412,57.8018],[19.0347,57.8042],[19.0319,57.808]]],[[[18.7427,57.9266],[18.7305,57.9297],[18.7226,57.928],[18.7158,57.923],[18.6985,57.9224],[18.6859,57.9139],[18.6588,57.9015],[18.6388,57.8946],[18.6283,57.8888],[18.6214,57.8822],[18.6231,57.8791],[18.6159,57.8676],[18.6166,57.8565],[18.611,57.8465],[18.6073,57.8444],[18.5956,57.8406],[18.5834,57.839],[18.5706,57.8445],[18.5616,57.8452],[18.5452,57.8405],[18.5277,57.8293],[18.515,57.8289],[18.5169,57.8271],[18.5132,57.8258],[18.5143,57.8274],[18.5111,57.8266],[18.505,57.83],[18.496,57.8307],[18.4856,57.8285],[18.4614,57.8196],[18.4509,57.8109],[18.4282,57.7848],[18.4143,57.7645],[18.4102,57.7525],[18.3926,57.7308],[18.3802,57.7188],[18.3746,57.7165],[18.3732,57.7121],[18.3592,57.6968],[18.3505,57.6925],[18.3539,57.6924],[18.3532,57.6903],[18.3444,57.6875],[18.3421,57.6817],[18.3313,57.6751],[18.3333,57.673],[18.3299,57.6688],[18.3247,57.6667],[18.325,57.6686],[18.3197,57.665],[18.3203,57.6634],[18.3135,57.6612],[18.289,57.6412],[18.2745,57.6372],[18.2589,57.6172],[18.2424,57.6104],[18.2248,57.6059],[18.2148,57.6006],[18.2094,57.5995],[18.2013,57.6003],[18.1928,57.5945],[18.1701,57.5846],[18.1547,57.5725],[18.1385,57.5632],[18.106,57.5344],[18.1052,57.5286],[18.1116,57.5074],[18.1102,57.5026],[18.1123,57.5032],[18.1106,57.5023],[18.1204,57.4973],[18.1274,57.4886],[18.1211,57.4673],[18.1188,57.4661],[18.1244,57.4611],[18.1214,57.4579],[18.1273,57.4532],[18.1255,57.4513],[18.1208,57.4509],[18.1211,57.4433],[18.1181,57.4429],[18.1177,57.4407],[18.1299,57.4384],[18.1304,57.435],[18.1375,57.4397],[18.1409,57.4384],[18.14,57.4371],[18.1419,57.438],[18.1396,57.4368],[18.1416,57.4372],[18.1449,57.4341],[18.1488,57.4267],[18.1477,57.4141],[18.1553,57.41],[18.1577,57.4114],[18.161,57.4098],[18.1568,57.4086],[18.1556,57.4064],[18.1487,57.4072],[18.1511,57.4064],[18.1491,57.4049],[18.1459,57.4058],[18.1491,57.4044],[18.1519,57.4061],[18.1574,57.4052],[18.1557,57.4058],[18.1589,57.4072],[18.1658,57.4069],[18.1722,57.4017],[18.1718,57.3956],[18.1675,57.3956],[18.1622,57.3984],[18.1693,57.3929],[18.1778,57.391],[18.1814,57.3957],[18.1766,57.3942],[18.1777,57.4009],[18.183,57.3989],[18.1818,57.3944],[18.1867,57.392],[18.1851,57.3903],[18.1875,57.3911],[18.1918,57.3897],[18.1916,57.3922],[18.1949,57.3937],[18.1969,57.3902],[18.194,57.3883],[18.1844,57.3887],[18.1905,57.3883],[18.1821,57.3859],[18.189,57.386],[18.1917,57.3847],[18.1881,57.3845],[18.1896,57.3838],[18.187,57.3821],[18.1847,57.3831],[18.1853,57.3818],[18.1795,57.3812],[18.1795,57.3786],[18.1741,57.375],[18.1748,57.3719],[18.1728,57.3697],[18.1696,57.3699],[18.1716,57.3685],[18.1706,57.3614],[18.1746,57.3614],[18.1762,57.3593],[18.1696,57.3498],[18.1746,57.3481],[18.1763,57.345],[18.1738,57.3455],[18.1766,57.3437],[18.1804,57.3452],[18.1765,57.3483],[18.1803,57.3473],[18.1806,57.3498],[18.1827,57.3472],[18.1824,57.3445],[18.1749,57.3398],[18.173,57.3325],[18.171,57.3327],[18.1728,57.3321],[18.1701,57.3303],[18.1687,57.3203],[18.1627,57.3154],[18.1516,57.3111],[18.1498,57.3081],[18.148,57.3091],[18.1478,57.3077],[18.1353,57.3028],[18.1249,57.2945],[18.1116,57.2929],[18.1021,57.2895],[18.097,57.2818],[18.0915,57.262],[18.0921,57.2589],[18.1015,57.2581],[18.0982,57.2556],[18.1015,57.2565],[18.1086,57.255],[18.1089,57.2524],[18.1169,57.2514],[18.1249,57.2447],[18.1295,57.2487],[18.1318,57.2484],[18.1326,57.2457],[18.1282,57.2441],[18.1299,57.2437],[18.1373,57.2479],[18.1398,57.2466],[18.1362,57.2462],[18.1372,57.2446],[18.1435,57.2414],[18.1457,57.2381],[18.1486,57.2382],[18.1456,57.2354],[18.1492,57.2331],[18.147,57.2311],[18.1529,57.2302],[18.1519,57.2271],[18.147,57.2271],[18.1533,57.2154],[18.1534,57.2078],[18.1493,57.1979],[18.15,57.1896],[18.1529,57.1881],[18.1542,57.19],[18.152,57.1916],[18.1596,57.1921],[18.1673,57.1853],[18.1636,57.1787],[18.1571,57.1802],[18.1542,57.1785],[18.1542,57.1764],[18.1567,57.1769],[18.1575,57.1751],[18.1606,57.1752],[18.1598,57.1732],[18.148,57.1693],[18.1464,57.167],[18.1505,57.1624],[18.1547,57.1618],[18.1562,57.163],[18.1605,57.1611],[18.1683,57.151],[18.1677,57.1448],[18.166,57.1463],[18.1656,57.1447],[18.1704,57.1428],[18.1734,57.1448],[18.1753,57.142],[18.1785,57.1449],[18.1928,57.1471],[18.1943,57.1442],[18.1969,57.1459],[18.2002,57.1448],[18.2097,57.1367],[18.2086,57.133],[18.2142,57.1418],[18.2176,57.1424],[18.2161,57.1411],[18.2187,57.1409],[18.2164,57.1382],[18.2184,57.138],[18.2179,57.126],[18.2075,57.1209],[18.2042,57.1223],[18.2024,57.121],[18.208,57.1203],[18.208,57.1171],[18.2144,57.1178],[18.2225,57.1141],[18.2179,57.1127],[18.2117,57.1051],[18.217,57.1042],[18.2183,57.0992],[18.2103,57.0954],[18.2109,57.0911],[18.2062,57.0805],[18.1982,57.0722],[18.1926,57.0697],[18.1826,57.0694],[18.1752,57.0722],[18.1744,57.0695],[18.1788,57.0704],[18.1822,57.0689],[18.19,57.0692],[18.2119,57.0589],[18.2194,57.06],[18.2296,57.0645],[18.2323,57.0617],[18.2375,57.0665],[18.2407,57.0639],[18.2407,57.0668],[18.2504,57.0723],[18.2494,57.0772],[18.2577,57.0812],[18.2616,57.0859],[18.2669,57.0839],[18.269,57.0884],[18.2713,57.0883],[18.2703,57.0861],[18.2791,57.0881],[18.2867,57.0932],[18.2913,57.0997],[18.2946,57.0994],[18.3011,57.0951],[18.2945,57.0904],[18.294,57.0837],[18.2977,57.0795],[18.294,57.0792],[18.2934,57.0777],[18.2984,57.0738],[18.2945,57.0702],[18.2967,57.0673],[18.291,57.0661],[18.2936,57.0607],[18.2901,57.0587],[18.2922,57.0568],[18.2889,57.0549],[18.2836,57.0428],[18.2769,57.0402],[18.2765,57.0367],[18.2626,57.0344],[18.2607,57.0328],[18.2584,57.0361],[18.2569,57.0333],[18.2427,57.0357],[18.2364,57.0326],[18.2295,57.0333],[18.2248,57.0303],[18.2185,57.0309],[18.2102,57.0241],[18.2068,57.0248],[18.1972,57.0181],[18.2001,57.017],[18.1972,57.0158],[18.1982,57.014],[18.1938,57.0123],[18.1935,57.0091],[18.1898,57.0093],[18.1937,57.0066],[18.1967,57.0093],[18.2045,57.001],[18.2037,56.9992],[18.1935,56.9949],[18.1952,56.9913],[18.1973,56.9939],[18.2006,56.9826],[18.1923,56.9806],[18.1876,56.9818],[18.1826,56.9757],[18.1783,56.9752],[18.1819,56.9738],[18.1741,56.971],[18.1695,56.9615],[18.1661,56.961],[18.1626,56.9565],[18.1564,56.9542],[18.1582,56.9484],[18.1498,56.9456],[18.1403,56.9333],[18.1231,56.919],[18.1242,56.9116],[18.1279,56.9079],[18.134,56.9118],[18.1421,56.9127],[18.1518,56.91],[18.1539,56.9072],[18.1645,56.9138],[18.168,56.9135],[18.1698,56.9114],[18.1718,56.9134],[18.1747,56.9124],[18.179,56.9138],[18.1843,56.9113],[18.1867,56.9052],[18.1932,56.9056],[18.221,56.9158],[18.2298,56.9158],[18.2348,56.9209],[18.2453,56.9225],[18.2538,56.9281],[18.2614,56.9296],[18.2811,56.9287],[18.2864,56.9309],[18.2937,56.9298],[18.2956,56.9319],[18.2932,56.9348],[18.2955,56.9371],[18.3083,56.9379],[18.3125,56.94],[18.3116,56.9439],[18.3095,56.943],[18.3075,56.9462],[18.3085,56.949],[18.3177,56.9509],[18.3202,56.9484],[18.3203,56.9502],[18.323,56.9494],[18.3223,56.9504],[18.3237,56.9497],[18.3282,56.9521],[18.3215,56.9543],[18.3189,56.9597],[18.3205,56.9645],[18.3333,56.9687],[18.3439,56.9773],[18.3672,56.9852],[18.3615,56.9857],[18.3549,56.9889],[18.3558,56.9949],[18.3748,56.9974],[18.3867,56.9923],[18.3882,56.9941],[18.395,56.9929],[18.3981,56.9942],[18.3989,57],[18.3899,57.0033],[18.386,57.0086],[18.3813,57.0086],[18.3776,57.0106],[18.3604,57.0074],[18.3489,57.0098],[18.3412,57.0163],[18.3373,57.0247],[18.3401,57.028],[18.3386,57.0299],[18.3452,57.0298],[18.3434,57.0325],[18.3484,57.0409],[18.346,57.0514],[18.349,57.0541],[18.3551,57.0529],[18.352,57.0583],[18.3425,57.0575],[18.3397,57.0599],[18.3417,57.0611],[18.3394,57.0639],[18.34,57.0721],[18.3503,57.0753],[18.3489,57.081],[18.3576,57.0802],[18.3587,57.0825],[18.3635,57.0838],[18.3639,57.0869],[18.3679,57.09],[18.3701,57.0898],[18.3678,57.0915],[18.3729,57.0925],[18.3727,57.0957],[18.3783,57.0993],[18.3874,57.1004],[18.393,57.0975],[18.394,57.1007],[18.3966,57.1017],[18.4,57.1009],[18.3974,57.1027],[18.4017,57.1062],[18.4179,57.111],[18.4172,57.1125],[18.4293,57.1133],[18.4339,57.111],[18.4381,57.1123],[18.4409,57.1101],[18.4487,57.1134],[18.4546,57.1185],[18.4474,57.1235],[18.4446,57.1213],[18.4404,57.1235],[18.434,57.1209],[18.4315,57.1241],[18.4284,57.1225],[18.4222,57.1241],[18.419,57.1229],[18.4115,57.1239],[18.4089,57.1212],[18.4003,57.1198],[18.3919,57.1218],[18.3906,57.1284],[18.3986,57.1334],[18.4008,57.1404],[18.4095,57.1407],[18.4136,57.1462],[18.4189,57.1485],[18.4275,57.1484],[18.4281,57.1514],[18.4325,57.1543],[18.4406,57.1518],[18.4515,57.1545],[18.4506,57.1622],[18.4538,57.1653],[18.4549,57.1607],[18.4597,57.1635],[18.4633,57.1634],[18.4654,57.1658],[18.4759,57.1623],[18.4781,57.1636],[18.4777,57.1614],[18.4808,57.1631],[18.481,57.1615],[18.4864,57.1672],[18.4824,57.1662],[18.4799,57.1691],[18.4833,57.1681],[18.4847,57.1708],[18.4904,57.1728],[18.4924,57.1711],[18.4927,57.1729],[18.489,57.1739],[18.4905,57.1751],[18.4959,57.1743],[18.4997,57.1772],[18.5065,57.1778],[18.5088,57.1799],[18.51,57.1787],[18.5212,57.1849],[18.5236,57.1845],[18.5309,57.1874],[18.5324,57.1864],[18.5341,57.1892],[18.5456,57.1909],[18.5497,57.1936],[18.547,57.191],[18.5519,57.1921],[18.5544,57.1909],[18.5565,57.193],[18.5669,57.1948],[18.5751,57.1991],[18.5796,57.2039],[18.5702,57.2006],[18.5594,57.2],[18.5548,57.2015],[18.5511,57.2003],[18.5453,57.2021],[18.5464,57.2075],[18.5508,57.2127],[18.5562,57.2087],[18.574,57.2193],[18.5788,57.2198],[18.5917,57.2169],[18.6086,57.2221],[18.621,57.2206],[18.6363,57.2235],[18.6407,57.2226],[18.6432,57.2181],[18.6593,57.2244],[18.6664,57.2247],[18.6616,57.2253],[18.6666,57.2251],[18.6618,57.2267],[18.6646,57.2307],[18.6692,57.2317],[18.6767,57.2303],[18.6769,57.2259],[18.6829,57.2238],[18.6793,57.2211],[18.679,57.2175],[18.6877,57.2185],[18.6913,57.2251],[18.6969,57.2228],[18.7017,57.2278],[18.7022,57.2329],[18.7057,57.2344],[18.6954,57.2321],[18.6919,57.2325],[18.6908,57.2345],[18.6825,57.2344],[18.6761,57.2377],[18.6674,57.2389],[18.6671,57.2425],[18.6745,57.2448],[18.6851,57.2438],[18.6984,57.2458],[18.7031,57.2424],[18.7125,57.2447],[18.7082,57.2501],[18.7122,57.2565],[18.7096,57.2599],[18.7182,57.2656],[18.7092,57.2762],[18.6942,57.2751],[18.6842,57.2728],[18.684,57.2749],[18.6717,57.2807],[18.6718,57.2828],[18.6666,57.2832],[18.6637,57.2885],[18.6647,57.2926],[18.6613,57.294],[18.664,57.2949],[18.6635,57.2997],[18.6664,57.3041],[18.6753,57.3125],[18.6819,57.3144],[18.6854,57.3194],[18.6917,57.321],[18.7041,57.3228],[18.7086,57.322],[18.7095,57.3231],[18.7088,57.3218],[18.7122,57.323],[18.7156,57.3222],[18.7156,57.3271],[18.7123,57.3294],[18.7178,57.3384],[18.7222,57.342],[18.7389,57.3468],[18.7459,57.3579],[18.7534,57.3625],[18.7777,57.371],[18.7905,57.3738],[18.8033,57.3736],[18.806,57.3718],[18.8034,57.3705],[18.806,57.3697],[18.8133,57.3742],[18.818,57.3808],[18.8297,57.3832],[18.8364,57.381],[18.843,57.3837],[18.8469,57.3931],[18.8504,57.3959],[18.867,57.3992],[18.8781,57.3967],[18.8817,57.3947],[18.8826,57.3912],[18.8751,57.3903],[18.8746,57.3873],[18.8851,57.3823],[18.8914,57.3874],[18.8936,57.3934],[18.9077,57.3973],[18.9177,57.4031],[18.9255,57.418],[18.9305,57.421],[18.9231,57.4248],[18.9163,57.4234],[18.9139,57.4214],[18.9153,57.4226],[18.9129,57.4223],[18.913,57.4238],[18.916,57.4239],[18.9133,57.424],[18.9114,57.427],[18.9029,57.4305],[18.8984,57.4358],[18.9018,57.4386],[18.8961,57.438],[18.8921,57.4444],[18.8862,57.4447],[18.8821,57.442],[18.8824,57.445],[18.8796,57.4468],[18.8731,57.4461],[18.8668,57.4423],[18.8649,57.4357],[18.8566,57.4344],[18.8531,57.4377],[18.8509,57.4348],[18.8478,57.435],[18.8489,57.4378],[18.8414,57.4418],[18.8393,57.4402],[18.8301,57.4412],[18.8272,57.4444],[18.8302,57.4461],[18.8275,57.4468],[18.8256,57.4432],[18.8225,57.4437],[18.8203,57.4408],[18.8188,57.4418],[18.8174,57.4389],[18.812,57.4389],[18.8119,57.4413],[18.8042,57.4442],[18.804,57.4462],[18.7996,57.447],[18.801,57.4486],[18.7986,57.4519],[18.7955,57.4521],[18.7902,57.4494],[18.7874,57.4508],[18.7857,57.4495],[18.7862,57.4544],[18.7973,57.4615],[18.7971,57.4644],[18.8034,57.4679],[18.8023,57.4697],[18.7941,57.4706],[18.796,57.4725],[18.7934,57.4747],[18.7734,57.4683],[18.7609,57.4692],[18.7683,57.4831],[18.7783,57.4826],[18.7768,57.4839],[18.7818,57.4846],[18.7853,57.4887],[18.779,57.4879],[18.7787,57.4898],[18.7688,57.4923],[18.7682,57.5015],[18.7503,57.5105],[18.7517,57.512],[18.7545,57.5109],[18.7583,57.5125],[18.7528,57.514],[18.7572,57.5146],[18.7601,57.5183],[18.7678,57.5223],[18.7651,57.5251],[18.7682,57.5252],[18.7668,57.526],[18.7695,57.5275],[18.7732,57.5266],[18.7789,57.5284],[18.7827,57.5277],[18.7816,57.5295],[18.7851,57.5313],[18.7828,57.5327],[18.7843,57.5362],[18.7871,57.5355],[18.7863,57.5372],[18.7928,57.5386],[18.7954,57.5412],[18.8019,57.5411],[18.801,57.5449],[18.7979,57.5468],[18.7953,57.5463],[18.7941,57.5495],[18.7906,57.551],[18.7925,57.553],[18.7993,57.5556],[18.8023,57.5543],[18.8023,57.5511],[18.8091,57.5532],[18.8154,57.5605],[18.8108,57.5618],[18.8026,57.5602],[18.8059,57.5641],[18.7999,57.5678],[18.7986,57.5729],[18.8008,57.5746],[18.7955,57.5779],[18.8005,57.5846],[18.8046,57.585],[18.7975,57.5879],[18.8077,57.5984],[18.806,57.599],[18.8089,57.599],[18.8076,57.603],[18.798,57.6094],[18.7839,57.6117],[18.7717,57.6114],[18.7641,57.6163],[18.7681,57.6264],[18.772,57.6288],[18.7742,57.628],[18.7763,57.6302],[18.7762,57.6325],[18.7726,57.6326],[18.7708,57.6348],[18.7736,57.6478],[18.7764,57.6493],[18.7798,57.6483],[18.7863,57.6539],[18.7918,57.652],[18.7948,57.6533],[18.7977,57.6521],[18.7977,57.656],[18.8033,57.6621],[18.8039,57.667],[18.798,57.6702],[18.8067,57.6794],[18.7993,57.695],[18.8027,57.702],[18.8096,57.7014],[18.8116,57.7056],[18.8112,57.707],[18.8082,57.7058],[18.8081,57.7071],[18.8114,57.7073],[18.808,57.7083],[18.8074,57.712],[18.8098,57.7117],[18.8021,57.7175],[18.8087,57.718],[18.8077,57.7154],[18.8104,57.7206],[18.8089,57.7184],[18.8012,57.7183],[18.7998,57.7265],[18.8108,57.7261],[18.8127,57.7268],[18.808,57.7265],[18.8012,57.7306],[18.8023,57.7391],[18.8081,57.7422],[18.8101,57.7397],[18.813,57.7479],[18.8195,57.7476],[18.8229,57.742],[18.824,57.7457],[18.8245,57.7433],[18.8296,57.743],[18.8278,57.7428],[18.8369,57.7289],[18.8482,57.7272],[18.8531,57.7165],[18.8536,57.724],[18.8656,57.7215],[18.8686,57.723],[18.8739,57.7305],[18.8741,57.7351],[18.8775,57.7362],[18.8823,57.7352],[18.8842,57.731],[18.8897,57.7282],[18.8956,57.7176],[18.9003,57.7139],[18.9077,57.7149],[18.9115,57.7139],[18.9125,57.7177],[18.9089,57.7192],[18.9128,57.7237],[18.9118,57.7255],[18.9201,57.7311],[18.9254,57.7309],[18.9312,57.7331],[18.9432,57.723],[18.9551,57.7279],[18.959,57.7277],[18.9579,57.7294],[18.9549,57.729],[18.9547,57.7331],[18.958,57.7361],[18.9561,57.7395],[18.9525,57.7381],[18.9498,57.7407],[18.9491,57.7563],[18.9529,57.7569],[18.9543,57.7624],[18.949,57.7788],[18.9507,57.7858],[18.9482,57.7873],[18.9501,57.7865],[18.9504,57.7889],[18.9545,57.7892],[18.9644,57.7797],[18.975,57.7748],[18.9779,57.7765],[18.9784,57.771],[18.9813,57.7682],[18.9816,57.7766],[18.9873,57.773],[18.9906,57.7735],[18.9923,57.776],[18.9874,57.7986],[18.994,57.7942],[19.0016,57.7984],[19.0072,57.8067],[19.0136,57.8059],[19.0149,57.8094],[19.0117,57.8097],[19.0099,57.8157],[19.0132,57.8131],[19.0161,57.8135],[19.0174,57.8279],[19.0209,57.8296],[19.0243,57.8267],[19.0304,57.833],[19.0453,57.838],[19.0511,57.8353],[19.0517,57.8318],[19.0581,57.8261],[19.0652,57.8351],[19.0697,57.8355],[19.0784,57.8268],[19.0802,57.8214],[19.0769,57.8205],[19.0822,57.8198],[19.0875,57.8152],[19.0918,57.8152],[19.0982,57.8179],[19.0941,57.824],[19.0926,57.8355],[19.0876,57.8442],[19.0799,57.8492],[19.0692,57.85],[19.0672,57.8513],[19.0641,57.8598],[19.0582,57.865],[19.0595,57.866],[19.0563,57.8662],[19.0589,57.8671],[19.056,57.8663],[19.0506,57.8673],[19.0513,57.8683],[19.0494,57.8675],[19.0519,57.869],[19.0451,57.8674],[19.0285,57.8699],[19.0287,57.8743],[19.0319,57.8767],[19.0304,57.8797],[19.0283,57.8815],[19.02,57.8824],[19.0175,57.8864],[19.0199,57.8889],[19.0236,57.8893],[19.0238,57.8903],[19.0193,57.8901],[19.0187,57.8926],[19.0202,57.8955],[19.0216,57.8929],[19.0227,57.8939],[19.0242,57.9068],[19.0282,57.9077],[19.0234,57.9087],[19.0223,57.9137],[19.0167,57.9145],[19.0119,57.921],[19.0065,57.92],[19.0051,57.916],[18.9872,57.9165],[18.9722,57.9133],[18.9685,57.9147],[18.9591,57.9137],[18.9528,57.9177],[18.9495,57.9184],[18.9456,57.9159],[18.9454,57.9184],[18.9379,57.9183],[18.9258,57.9267],[18.9144,57.9239],[18.9029,57.9243],[18.8921,57.9286],[18.8722,57.9248],[18.8572,57.925],[18.8444,57.9192],[18.8373,57.9103],[18.8331,57.8992],[18.8373,57.8926],[18.838,57.894],[18.8382,57.8925],[18.8416,57.8937],[18.844,57.8921],[18.8437,57.8835],[18.8463,57.8796],[18.8407,57.8777],[18.8361,57.8788],[18.8308,57.8773],[18.8256,57.8778],[18.8194,57.8706],[18.8135,57.8674],[18.816,57.8589],[18.8124,57.8551],[18.8067,57.8533],[18.8056,57.8456],[18.7992,57.8438],[18.799,57.8426],[18.8012,57.8433],[18.7999,57.8379],[18.7968,57.8365],[18.7991,57.8362],[18.8017,57.8315],[18.7922,57.8277],[18.7897,57.8288],[18.7916,57.8337],[18.782,57.8467],[18.7843,57.8484],[18.7904,57.8485],[18.782,57.8539],[18.7819,57.8617],[18.7762,57.8683],[18.7753,57.8739],[18.7789,57.8775],[18.7728,57.889],[18.7754,57.8894],[18.7706,57.8917],[18.7645,57.9022],[18.7646,57.9071],[18.7547,57.9209],[18.7427,57.9266]]],[[[19.2417,58.0011],[19.2306,57.9966],[19.2259,57.9973],[19.2191,57.9946],[19.2139,57.9952],[19.216,57.9903],[19.2124,57.9857],[19.2085,57.9848],[19.2118,57.9854],[19.2111,57.9836],[19.2071,57.9837],[19.2087,57.9825],[19.2011,57.9809],[19.1977,57.9819],[19.1913,57.9799],[19.1833,57.9796],[19.179,57.9811],[19.1794,57.9835],[19.1883,57.9853],[19.1838,57.9899],[19.1937,57.9952],[19.189,57.9998],[19.1639,57.9941],[19.1578,57.9874],[19.1539,57.9868],[19.1423,57.979],[19.1375,57.9787],[19.1294,57.9822],[19.1133,57.9828],[19.0797,57.9636],[19.0787,57.9596],[19.0749,57.9577],[19.0804,57.9513],[19.0825,57.9524],[19.0802,57.9545],[19.0912,57.9555],[19.0953,57.9545],[19.0989,57.95],[19.0936,57.9444],[19.0861,57.9437],[19.0887,57.9416],[19.0864,57.9343],[19.0886,57.9339],[19.0832,57.9327],[19.0797,57.9337],[19.0829,57.9362],[19.0794,57.9374],[19.0764,57.9356],[19.0725,57.9359],[19.0731,57.9317],[19.0678,57.9325],[19.0712,57.929],[19.0692,57.9263],[19.0662,57.9277],[19.0668,57.9248],[19.0615,57.9211],[19.0516,57.924],[19.0478,57.9267],[19.0483,57.9234],[19.0436,57.9176],[19.0455,57.9119],[19.0419,57.9114],[19.0438,57.9076],[19.0357,57.9077],[19.0365,57.9049],[19.0477,57.9006],[19.0554,57.9014],[19.0663,57.8917],[19.0775,57.8916],[19.0811,57.8849],[19.0779,57.8788],[19.079,57.8683],[19.0858,57.8658],[19.0913,57.8663],[19.0914,57.8617],[19.102,57.8569],[19.102,57.8519],[19.117,57.8477],[19.1224,57.8407],[19.1311,57.8501],[19.1282,57.8573],[19.1366,57.8574],[19.1414,57.8593],[19.1416,57.8703],[19.1495,57.8705],[19.1481,57.8734],[19.1521,57.8758],[19.1535,57.8804],[19.1667,57.8837],[19.1698,57.8865],[19.1701,57.8911],[19.1628,57.8976],[19.1501,57.904],[19.1449,57.9049],[19.1368,57.913],[19.1382,57.917],[19.1439,57.9178],[19.1475,57.9252],[19.1509,57.9254],[19.1562,57.9231],[19.1607,57.9251],[19.1656,57.9322],[19.1712,57.9344],[19.1759,57.9338],[19.184,57.9272],[19.1918,57.9281],[19.2082,57.9377],[19.2234,57.9369],[19.2261,57.9379],[19.2276,57.9458],[19.246,57.9519],[19.273,57.9522],[19.2837,57.95],[19.2845,57.9433],[19.3042,57.944],[19.3146,57.9483],[19.3272,57.9565],[19.3391,57.9583],[19.346,57.9568],[19.3523,57.9604],[19.3514,57.9647],[19.3435,57.9702],[19.3408,57.9804],[19.3356,57.9835],[19.3109,57.9858],[19.3061,57.9877],[19.3,57.9809],[19.2882,57.9816],[19.2867,57.9779],[19.2836,57.9781],[19.2791,57.975],[19.268,57.9765],[19.266,57.9744],[19.2571,57.973],[19.2454,57.9743],[19.2444,57.9763],[19.2334,57.9784],[19.2317,57.9808],[19.2249,57.9807],[19.2202,57.9882],[19.2252,57.9912],[19.2454,57.9945],[19.2417,58.0011]]]]}},
    {"type":"Feature","properties":{"kod":"10","namn":"Blekinge län"},"geometry":{"type":"MultiPolygon","coordinates":[[[[15.7168,55.9538],[15.7168,55.9582],[15.7083,55.96],[15.7007,55.956],[15.7012,55.9489],[15.707,55.9462],[15.7168,55.9538]]],[[[14.8345,56.0188],[14.8364,56.0091],[14.8338,56.0103],[14.8401,56.0008],[14.8447,56],[14.8573,56.0052],[14.8566,56.0104],[14.8499,56.0165],[14.8345,56.0188]]],[[[15.7815,56.0271],[15.7825,56.03],[15.7904,56.0324],[15.787,56.0361],[15.788,56.033],[15.7812,56.03],[15.7752,56.0295],[15.7813,56.025],[15.7784,56.0227],[15.7793,56.0208],[15.7762,56.0207],[15.7765,56.0226],[15.7745,56.022],[15.7749,56.0189],[15.7728,56.0186],[15.7764,56.0184],[15.7757,56.0156],[15.7801,56.0162],[15.784,56.013],[15.7897,56.0124],[15.7905,56.0145],[15.7993,56.0189],[15.8026,56.0251],[15.8014,56.0273],[15.8084,56.0319],[15.8034,56.033],[15.8029,56.0318],[15.8008,56.0328],[15.798,56.0316],[15.7999,56.0333],[15.7966,56.0348],[15.7898,56.0308],[15.7871,56.0256],[15.7815,56.0271]]],[[[15.8122,56.0414],[15.8131,56.0449],[15.8169,56.0461],[15.8177,56.0483],[15.8136,56.0513],[15.8199,56.0518],[15.8136,56.0555],[15.806,56.0516],[15.8107,56.0471],[15.8089,56.0397],[15.8122,56.0414]]],[[[15.8319,56.0566],[15.8315,56.0622],[15.8272,56.0624],[15.8264,56.0648],[15.82,56.0646],[15.8208,56.0613],[15.8266,56.0593],[15.8259,56.0551],[15.8294,56.0542],[15.8319,56.0566]]],[[[15.7722,56.0649],[15.7656,56.0646],[15.759,56.0572],[15.759,56.0545],[15.7611,56.0554],[15.7641,56.0528],[15.7607,56.0507],[15.7625,56.0487],[15.7686,56.0471],[15.7707,56.0479],[15.7684,56.0458],[15.7733,56.05],[15.7722,56.0574],[15.7758,56.0643],[15.7722,56.0649]]],[[[15.82,56.06],[15.8129,56.0648],[15.8093,56.0651],[15.8045,56.0577],[15.8197,56.0567],[15.82,56.06]]],[[[15.7892,56.0686],[15.7893,56.0706],[15.7977,56.0741],[15.7988,56.077],[15.7795,56.0776],[15.7813,56.0721],[15.7764,56.0697],[15.7815,56.0672],[15.7892,56.0686]]],[[[15.7303,56.0788],[15.7318,56.0852],[15.7276,56.0821],[15.7221,56.0821],[15.7144,56.0788],[15.7141,56.0735],[15.7208,56.0651],[15.7225,56.0668],[15.7206,56.0752],[15.7263,56.0745],[15.7303,56.0788]]],[[[15.7491,56.092],[15.7448,56.0958],[15.7356,56.0942],[15.7391,56.092],[15.7491,56.092]]],[[[15.7278,56.0891],[15.7278,56.0936],[15.7232,56.0964],[15.7185,56.0944],[15.7219,56.0924],[15.7185,56.0909],[15.7236,56.0882],[15.7278,56.0891]]],[[[15.7759,56.1],[15.7727,56.0997],[15.7716,56.0963],[15.7627,56.0904],[15.7599,56.0911],[15.7543,56.0878],[15.7501,56.0883],[15.7383,56.0762],[15.7395,56.0721],[15.7496,56.0723],[15.7563,56.0746],[15.7609,56.0821],[15.7597,56.0771],[15.7642,56.0757],[15.7697,56.0769],[15.7714,56.0794],[15.7654,56.0824],[15.7677,56.0838],[15.7651,56.0861],[15.7672,56.0879],[15.7719,56.0869],[15.7734,56.0823],[15.7786,56.0833],[15.7789,56.0852],[15.7757,56.0862],[15.7806,56.0858],[15.7804,56.0879],[15.7834,56.0884],[15.7833,56.0907],[15.7864,56.0917],[15.7798,56.0953],[15.7834,56.0979],[15.7759,56.1]]],[[[15.7398,56.1011],[15.7413,56.1037],[15.7387,56.1052],[15.7314,56.1019],[15.7312,56.0995],[15.7398,56.1011]]],[[[15.7508,56.1035],[15.7512,56.1064],[15.7453,56.1033],[15.7508,56.1035]]],[[[15.7751,56.1041],[15.7753,56.1057],[15.7804,56.107],[15.7756,56.1106],[15.7692,56.1073],[15.7751,56.1041]]],[[[15.4942,56.1108],[15.488,56.1073],[15.4904,56.1026],[15.4959,56.1012],[15.4914,56.1006],[15.4952,56.0987],[15.4874,56.0975],[15.49,56.0962],[15.4885,56.0954],[15.4859,56.0969],[15.4873,56.0946],[15.4834,56.0908],[15.4861,56.0889],[15.4894,56.0904],[15.4911,56.0892],[15.495,56.0898],[15.493,56.0903],[15.4961,56.0916],[15.4929,56.0917],[15.5018,56.0925],[15.5018,56.0959],[15.4982,56.0982],[15.5023,56.0976],[15.5046,56.0933],[15.509,56.0923],[15.5082,56.0951],[15.5047,56.0953],[15.5064,56.097],[15.5087,56.0961],[15.5069,56.0985],[15.5087,56.0986],[15.5043,56.1032],[15.5009,56.102],[15.4963,56.1036],[15.4971,56.1049],[15.4928,56.1048],[15.4979,56.1072],[15.4942,56.1108]]],[[[15.7471,56.1152],[15.746,56.1126],[15.7387,56.1128],[15.7406,56.109],[15.746,56.1088],[15.7486,56.1108],[15.7471,56.1152]]],[[[14.9821,56.1235],[14.9801,56.1249],[14.979,56.1235],[14.9759,56.1239],[14.9738,56.1198],[14.9664,56.1219],[14.9627,56.1214],[14.9596,56.1245],[14.9545,56.1241],[14.9525,56.1225],[14.9597,56.1169],[14.9686,56.1169],[14.9715,56.1105],[14.9829,56.1218],[14.9821,56.1235]]],[[[15.4777,56.1251],[15.4759,56.1222],[15.4724,56.1227],[15.4711,56.1195],[15.4679,56.1211],[15.4683,56.1178],[15.4589,56.1227],[15.4603,56.1195],[15.4566,56.1169],[15.454,56.1161],[15.4529,56.1181],[15.4507,56.1167],[15.4464,56.1169],[15.4475,56.1097],[15.4453,56.1081],[15.4419,56.1135],[15.438,56.1135],[15.4405,56.0989],[15.4439,56.1008],[15.4497,56.0968],[15.451,56.1003],[15.4556,56.0983],[15.4604,56.1007],[15.4627,56.0989],[15.4595,56.0979],[15.4604,56.0951],[15.4644,56.0944],[15.4735,56.0979],[15.4758,56.0999],[15.4751,56.1031],[15.4763,56.1012],[15.4785,56.1018],[15.4848,56.1077],[15.4908,56.1236],[15.4833,56.125],[15.4779,56.1237],[15.4777,56.1251]]],[[[15.6656,56.1246],[15.6651,56.1261],[15.6632,56.1246],[15.6545,56.1254],[15.6411,56.107],[15.6366,56.1069],[15.6411,56.1067],[15.6376,56.1013],[15.6352,56.1008],[15.6355,56.0969],[15.6514,56.0915],[15.6531,56.0858],[15.6613,56.085],[15.6636,56.0823],[15.6624,56.0802],[15.6708,56.0786],[15.6753,56.0804],[15.6819,56.0724],[15.6831,56.0743],[15.6874,56.0729],[15.6902,56.0741],[15.6924,56.0715],[15.6954,56.074],[15.702,56.074],[15.7029,56.0791],[15.6998,56.0799],[15.7065,56.0836],[15.698,56.0901],[15.6997,56.0937],[15.7032,56.0934],[15.7068,56.0952],[15.7018,56.0979],[15.696,56.097],[15.6895,56.1054],[15.7011,56.1077],[15.7031,56.1045],[15.7119,56.1005],[15.7256,56.1053],[15.726,56.1093],[15.7237,56.1109],[15.7268,56.1135],[15.7206,56.1141],[15.7175,56.112],[15.7069,56.1113],[15.705,56.1166],[15.6983,56.1172],[15.6976,56.121],[15.6949,56.1197],[15.6929,56.1213],[15.686,56.1164],[15.6852,56.1137],[15.6805,56.1153],[15.6758,56.1149],[15.6732,56.1235],[15.6711,56.1223],[15.6694,56.1246],[15.6685,56.1234],[15.669,56.1246],[15.6656,56.1246]]],[[[15.5301,56.1303],[15.5272,56.126],[15.5206,56.1233],[15.5235,56.1189],[15.5189,56.1193],[15.5165,56.1178],[15.5185,56.1157],[15.5156,56.1158],[15.5143,56.1136],[15.5162,56.1121],[15.5142,56.1112],[15.5154,56.1073],[15.5214,56.1016],[15.5357,56.101],[15.5403,56.0985],[15.5428,56.0995],[15.552,56.0987],[15.5612,56.1029],[15.5598,56.1086],[15.567,56.119],[15.5649,56.1241],[15.5609,56.1263],[15.5528,56.1214],[15.5463,56.1273],[15.5395,56.1249],[15.5301,56.1303]]],[[[14.9794,56.1284],[14.9741,56.1324],[14.9686,56.1289],[14.9745,56.126],[14.9794,56.1284]]],[[[14.9904,56.1296],[14.9864,56.1335],[14.9811,56.1295],[14.9906,56.1245],[14.9904,56.1296]]],[[[15.6302,56.1352],[15.6271,56.1341],[15.6273,56.1324],[15.6246,56.1332],[15.6253,56.1321],[15.6231,56.1322],[15.6231,56.13],[15.6181,56.1317],[15.6139,56.1272],[15.6124,56.1234],[15.6142,56.1219],[15.6119,56.1208],[15.6039,56.1212],[15.6052,56.1161],[15.5991,56.1149],[15.6004,56.113],[15.5939,56.1104],[15.5946,56.1019],[15.6032,56.101],[15.6041,56.099],[15.6114,56.0965],[15.6137,56.0964],[15.6131,56.1005],[15.6151,56.0992],[15.617,56.1007],[15.6225,56.1002],[15.6244,56.103],[15.628,56.1042],[15.6289,56.1022],[15.6333,56.1067],[15.6361,56.1066],[15.6335,56.1069],[15.6341,56.1122],[15.6303,56.1116],[15.6277,56.1148],[15.6309,56.1184],[15.6288,56.1237],[15.6363,56.127],[15.6332,56.1289],[15.6386,56.1294],[15.637,56.1327],[15.6343,56.1324],[15.6302,56.1352]]],[[[15.4301,56.1387],[15.4259,56.1397],[15.4218,56.138],[15.4182,56.1387],[15.4149,56.1358],[15.4128,56.138],[15.4076,56.1382],[15.4099,56.1345],[15.4081,56.134],[15.4105,56.1328],[15.4091,56.13],[15.4129,56.1294],[15.4154,56.1311],[15.423,56.1299],[15.4252,56.1346],[15.4319,56.1353],[15.4328,56.1374],[15.4301,56.1387]]],[[[15.7928,56.1399],[15.7912,56.1386],[15.7882,56.1399],[15.7844,56.1377],[15.7926,56.1342],[15.7932,56.1373],[15.7965,56.1377],[15.7928,56.1399]]],[[[14.9836,56.1379],[14.9748,56.1404],[14.9747,56.1368],[14.9816,56.1342],[14.9836,56.1379]]],[[[15.7247,56.141],[15.7127,56.1362],[15.7127,56.1331],[15.7203,56.1284],[15.7269,56.1268],[15.7266,56.1246],[15.7324,56.1232],[15.7327,56.1181],[15.7352,56.1205],[15.7376,56.12],[15.741,56.1217],[15.751,56.1146],[15.7494,56.1119],[15.7518,56.111],[15.7515,56.1085],[15.7588,56.1088],[15.758,56.1071],[15.7601,56.108],[15.763,56.106],[15.7699,56.1129],[15.7651,56.1144],[15.7675,56.1229],[15.7724,56.1217],[15.7789,56.1245],[15.7755,56.1325],[15.7702,56.1322],[15.7669,56.1278],[15.7592,56.1337],[15.7479,56.1329],[15.7441,56.1343],[15.7425,56.1367],[15.7442,56.1377],[15.7423,56.1372],[15.7409,56.1391],[15.7354,56.1398],[15.7328,56.1372],[15.729,56.1406],[15.7247,56.141]]],[[[15.2239,56.1428],[15.2186,56.1444],[15.2127,56.1435],[15.214,56.1406],[15.2239,56.1428]]],[[[14.9838,56.1461],[14.9752,56.1474],[14.9738,56.1464],[14.9801,56.1417],[14.9838,56.1461]]],[[[15.1502,56.1466],[15.1473,56.1488],[15.1453,56.1454],[15.1475,56.1433],[15.1502,56.1466]]],[[[14.9641,56.1439],[14.9699,56.1446],[14.9697,56.1494],[14.9586,56.1488],[14.9573,56.1446],[14.9619,56.1415],[14.9641,56.1439]]],[[[14.9538,56.1494],[14.9511,56.1501],[14.9467,56.1444],[14.9513,56.1426],[14.9538,56.1494]]],[[[15.1563,56.1501],[15.1541,56.1488],[15.1603,56.1461],[15.1561,56.1464],[15.1568,56.143],[15.1619,56.1408],[15.17,56.1421],[15.165,56.143],[15.1672,56.1463],[15.1709,56.1441],[15.1745,56.1466],[15.1563,56.1501]]],[[[15.416,56.1412],[15.4106,56.1426],[15.4106,56.1509],[15.4052,56.1412],[15.416,56.1412]]],[[[15.428,56.1417],[15.4251,56.1503],[15.4174,56.1514],[15.4203,56.142],[15.4246,56.1397],[15.428,56.1417]]],[[[14.9379,56.1523],[14.9299,56.1507],[14.9339,56.1477],[14.9379,56.1523]]],[[[14.9611,56.1552],[14.9542,56.1576],[14.9474,56.1534],[14.9496,56.1519],[14.9533,56.1536],[14.9575,56.1523],[14.9611,56.1552]]],[[[14.9809,56.1541],[14.9725,56.1589],[14.9695,56.1559],[14.971,56.1538],[14.9809,56.1541]]],[[[15.3986,56.1615],[15.3945,56.1613],[15.3919,56.1546],[15.3939,56.1473],[15.3974,56.1454],[15.3991,56.1478],[15.4001,56.143],[15.403,56.1443],[15.4031,56.1482],[15.407,56.152],[15.4046,56.1527],[15.4057,56.1569],[15.3986,56.1615]]],[[[15.267,56.1627],[15.2686,56.1649],[15.2628,56.1653],[15.2608,56.1633],[15.2674,56.1572],[15.267,56.1627]]],[[[15.4049,56.1634],[15.4049,56.1663],[15.4003,56.166],[15.4003,56.162],[15.4049,56.1634]]],[[[15.2933,56.1665],[15.2758,56.166],[15.278,56.1611],[15.2933,56.1665]]],[[[15.4519,56.1663],[15.4471,56.1675],[15.4541,56.1636],[15.4482,56.1632],[15.4409,56.1664],[15.4386,56.1658],[15.4424,56.158],[15.4365,56.1593],[15.4334,56.1565],[15.4314,56.1568],[15.4293,56.1601],[15.4239,56.1613],[15.4152,56.1607],[15.4132,56.1593],[15.4153,56.1576],[15.4233,56.1587],[15.4175,56.1552],[15.4343,56.1466],[15.4405,56.1478],[15.4406,56.1463],[15.4476,56.149],[15.4473,56.1441],[15.45,56.1451],[15.4535,56.1428],[15.4529,56.1356],[15.4592,56.1302],[15.4584,56.1281],[15.4633,56.1374],[15.4613,56.1409],[15.4583,56.1408],[15.4575,56.1464],[15.4511,56.1548],[15.4556,56.1581],[15.4566,56.1545],[15.4604,56.1611],[15.4585,56.165],[15.4534,56.1674],[15.4519,56.1663]]],[[[15.5156,56.1697],[15.5068,56.17],[15.5074,56.1663],[15.5111,56.1674],[15.5168,56.1634],[15.5196,56.166],[15.5156,56.1697]]],[[[15.5883,56.1694],[15.5863,56.1701],[15.5832,56.1684],[15.5808,56.1624],[15.5706,56.164],[15.5693,56.1592],[15.572,56.1576],[15.5767,56.1594],[15.5748,56.1557],[15.5773,56.1569],[15.5779,56.1534],[15.581,56.1553],[15.5937,56.1562],[15.5973,56.1628],[15.5925,56.1676],[15.5877,56.1677],[15.5883,56.1694]]],[[[15.2708,56.1676],[15.2644,56.1718],[15.2615,56.1675],[15.2708,56.1676]]],[[[15.4357,56.1731],[15.4237,56.1731],[15.422,56.1717],[15.4174,56.1726],[15.42,56.1663],[15.4237,56.1663],[15.4237,56.1686],[15.4263,56.1663],[15.4357,56.1731]]],[[[15.4026,56.1709],[15.4046,56.174],[15.3986,56.174],[15.3957,56.1711],[15.4026,56.1709]]],[[[15.6742,56.1751],[15.6722,56.1751],[15.6729,56.1708],[15.6776,56.1551],[15.6805,56.1554],[15.6816,56.1605],[15.6855,56.1583],[15.6891,56.1636],[15.6856,56.1689],[15.6828,56.1693],[15.6807,56.1677],[15.6814,56.1692],[15.6756,56.171],[15.6742,56.1751]]],[[[15.0551,56.1653],[15.0488,56.1676],[15.0512,56.1728],[15.043,56.176],[15.0379,56.1731],[15.0382,56.1695],[15.0454,56.1675],[15.0421,56.1636],[15.0476,56.1592],[15.0551,56.1653]]],[[[15.6414,56.1797],[15.6361,56.1744],[15.6276,56.1735],[15.6289,56.1701],[15.6334,56.17],[15.6329,56.1672],[15.6283,56.1647],[15.6332,56.1608],[15.638,56.1626],[15.6408,56.1614],[15.6378,56.1605],[15.6406,56.1598],[15.645,56.1625],[15.6461,56.1596],[15.6528,56.1599],[15.6511,56.1627],[15.6464,56.1618],[15.6456,56.1632],[15.65,56.1656],[15.6533,56.162],[15.6577,56.1616],[15.6577,56.1717],[15.655,56.1731],[15.6511,56.1721],[15.6507,56.1757],[15.6541,56.1745],[15.655,56.1783],[15.6476,56.1775],[15.6508,56.1766],[15.6464,56.1755],[15.6414,56.1797]]],[[[15.5986,56.1963],[15.593,56.1965],[15.5908,56.1951],[15.5952,56.1925],[15.593,56.1902],[15.5881,56.1894],[15.5932,56.1873],[15.5895,56.1848],[15.5896,56.177],[15.5855,56.1725],[15.5865,56.1702],[15.5884,56.1695],[15.5924,56.1711],[15.595,56.1685],[15.5987,56.172],[15.6016,56.1695],[15.6057,56.172],[15.605,56.1759],[15.6095,56.1786],[15.6136,56.1779],[15.6165,56.1795],[15.6156,56.1775],[15.6114,56.1771],[15.6106,56.1741],[15.6115,56.1719],[15.6151,56.1711],[15.6153,56.1746],[15.6202,56.1739],[15.624,56.1752],[15.621,56.1767],[15.6233,56.1805],[15.6257,56.181],[15.628,56.1784],[15.6324,56.1831],[15.6326,56.1866],[15.6273,56.1873],[15.6205,56.183],[15.6197,56.1842],[15.6271,56.1873],[15.6222,56.1884],[15.6197,56.1869],[15.6064,56.1893],[15.6003,56.193],[15.5986,56.1963]]],[[[16.0423,56.2491],[16.0323,56.2514],[16.0309,56.2477],[16.0346,56.2459],[16.0352,56.2491],[16.0392,56.2465],[16.04,56.2382],[16.0429,56.2345],[16.0423,56.2491]]],[[[16.0577,56.2788],[16.046,56.2736],[16.0463,56.2705],[16.0498,56.2679],[16.052,56.2708],[16.0572,56.2659],[16.0575,56.2616],[16.0612,56.2611],[16.0577,56.2788]]],[[[14.5818,56.0901],[14.5397,56.0618],[14.5496,56.0597],[14.5499,56.0568],[14.5469,56.0545],[14.5481,56.0513],[14.5519,56.0542],[14.5538,56.0535],[14.5526,56.0468],[14.5563,56.0422],[14.5561,56.0387],[14.5522,56.0373],[14.5564,56.038],[14.5536,56.0357],[14.5587,56.033],[14.5551,56.0294],[14.5583,56.0257],[14.564,56.0273],[14.5662,56.0256],[14.5679,56.0318],[14.5745,56.0322],[14.5731,56.0292],[14.5756,56.0282],[14.5829,56.0398],[14.5812,56.0408],[14.5832,56.0422],[14.5803,56.0441],[14.5861,56.0504],[14.5921,56.0525],[14.5927,56.0551],[14.6034,56.0567],[14.6048,56.0545],[14.6123,56.0577],[14.6019,56.0508],[14.5971,56.0502],[14.5963,56.0444],[14.5907,56.0435],[14.5974,56.0421],[14.6026,56.0387],[14.6001,56.0392],[14.6004,56.037],[14.5909,56.0289],[14.5906,56.0264],[14.5826,56.0234],[14.5846,56.0171],[14.586,56.0194],[14.5897,56.0169],[14.5933,56.0198],[14.5983,56.0206],[14.6095,56.0177],[14.6117,56.0099],[14.6108,55.9965],[14.6127,55.9969],[14.6112,55.998],[14.6164,55.9981],[14.6212,56.0044],[14.6343,56.0061],[14.6403,56.0037],[14.6426,55.9999],[14.6395,56.0009],[14.6391,55.9989],[14.6436,55.9976],[14.6412,55.9978],[14.6418,55.996],[14.646,55.9963],[14.6465,55.9992],[14.6504,55.9988],[14.6511,56.0001],[14.6578,55.9985],[14.6585,55.9998],[14.6635,55.9993],[14.6668,55.9946],[14.664,55.9933],[14.6676,55.9903],[14.675,55.9922],[14.6761,55.995],[14.6864,56.0005],[14.6946,56.0084],[14.6999,56.0089],[14.6955,56.0089],[14.6973,56.0117],[14.7006,56.0122],[14.7002,56.0103],[14.7027,56.0131],[14.7084,56.0127],[14.7152,56.0095],[14.7151,56.0041],[14.7124,56.0034],[14.7139,56.0009],[14.7106,55.996],[14.7131,55.9972],[14.717,55.9961],[14.7178,55.9938],[14.7212,55.9937],[14.7263,55.9988],[14.735,56.0021],[14.7302,56.0013],[14.7337,56.0038],[14.7366,56.0053],[14.7378,56.0045],[14.736,56.0016],[14.7394,56.0054],[14.7528,56.01],[14.758,56.015],[14.77,56.0215],[14.7819,56.0352],[14.7775,56.0371],[14.7737,56.0423],[14.7684,56.0431],[14.7703,56.0418],[14.7684,56.0427],[14.763,56.0417],[14.7597,56.043],[14.755,56.0562],[14.7394,56.0572],[14.7391,56.065],[14.7316,56.0635],[14.7297,56.0604],[14.7251,56.0619],[14.7213,56.0671],[14.7227,56.0715],[14.7207,56.0736],[14.7247,56.0763],[14.7231,56.0787],[14.728,56.0797],[14.725,56.0817],[14.7286,56.0863],[14.7281,56.0902],[14.7228,56.0922],[14.7199,56.0909],[14.7181,56.0942],[14.7151,56.0935],[14.7153,56.101],[14.7122,56.1015],[14.7079,56.0991],[14.7053,56.1004],[14.7067,56.1021],[14.7025,56.1021],[14.7041,56.105],[14.7019,56.1053],[14.6995,56.103],[14.6993,56.1064],[14.6931,56.1045],[14.6925,56.1061],[14.6961,56.1073],[14.6922,56.1073],[14.6913,56.1121],[14.6951,56.1151],[14.6945,56.1183],[14.6993,56.1202],[14.6945,56.1218],[14.6914,56.1207],[14.688,56.1222],[14.6853,56.1207],[14.6804,56.122],[14.6851,56.1241],[14.6761,56.1213],[14.6841,56.1239],[14.6782,56.123],[14.6805,56.1258],[14.6775,56.1254],[14.6744,56.1273],[14.6755,56.1349],[14.6719,56.1365],[14.6746,56.1415],[14.6729,56.1466],[14.6753,56.148],[14.673,56.1496],[14.6813,56.1575],[14.6824,56.1625],[14.6865,56.1627],[14.6871,56.1673],[14.6945,56.1639],[14.7031,56.1641],[14.7045,56.1653],[14.7053,56.1612],[14.7069,56.1624],[14.707,56.1599],[14.7103,56.159],[14.7105,56.1664],[14.7137,56.1572],[14.7238,56.1559],[14.7236,56.154],[14.7261,56.1549],[14.7272,56.1539],[14.7278,56.159],[14.7293,56.1579],[14.7402,56.1611],[14.7383,56.155],[14.7425,56.1563],[14.7431,56.1511],[14.7464,56.1544],[14.7496,56.1531],[14.7488,56.1493],[14.7528,56.1455],[14.7568,56.1499],[14.7585,56.1474],[14.7583,56.1502],[14.7602,56.1497],[14.7622,56.152],[14.763,56.1503],[14.7706,56.1668],[14.771,56.1625],[14.7744,56.1602],[14.7698,56.16],[14.7718,56.1582],[14.7702,56.1537],[14.7786,56.1595],[14.7788,56.1555],[14.7832,56.1601],[14.7852,56.1589],[14.7906,56.1603],[14.7876,56.1587],[14.788,56.1543],[14.7855,56.1527],[14.7889,56.1487],[14.7904,56.152],[14.7941,56.1531],[14.793,56.1509],[14.7985,56.1506],[14.797,56.1488],[14.801,56.1485],[14.8028,56.1519],[14.8093,56.1542],[14.8087,56.1575],[14.8136,56.1594],[14.8138,56.1616],[14.8192,56.1587],[14.8174,56.1544],[14.8216,56.1539],[14.823,56.1605],[14.824,56.1552],[14.8341,56.159],[14.8407,56.1582],[14.8334,56.1573],[14.8292,56.1538],[14.8263,56.1538],[14.8272,56.1522],[14.8247,56.153],[14.8386,56.1459],[14.8324,56.1442],[14.8301,56.1416],[14.8312,56.1377],[14.8337,56.1378],[14.8312,56.1365],[14.8345,56.1339],[14.8357,56.1368],[14.844,56.1364],[14.8576,56.1403],[14.8565,56.1437],[14.8584,56.1442],[14.8553,56.1461],[14.8508,56.1459],[14.8564,56.1514],[14.8555,56.156],[14.8579,56.1552],[14.8618,56.158],[14.8585,56.1599],[14.8625,56.1643],[14.857,56.1749],[14.8648,56.1629],[14.8687,56.1655],[14.8717,56.1628],[14.876,56.1626],[14.8788,56.1606],[14.8779,56.1577],[14.8816,56.1552],[14.8853,56.1559],[14.8864,56.1585],[14.8875,56.1551],[14.8851,56.1549],[14.8877,56.1546],[14.8901,56.1508],[14.8935,56.1511],[14.8916,56.1519],[14.8938,56.1522],[14.8939,56.1547],[14.8894,56.1558],[14.894,56.1557],[14.8929,56.1576],[14.8979,56.1605],[14.9003,56.1571],[14.9049,56.1633],[14.914,56.1669],[14.9175,56.1657],[14.9185,56.161],[14.9147,56.1591],[14.9193,56.1605],[14.9205,56.1592],[14.9168,56.159],[14.9163,56.1574],[14.9249,56.1577],[14.926,56.1567],[14.9278,56.1585],[14.9285,56.1566],[14.9393,56.1572],[14.9663,56.163],[14.969,56.1656],[14.9668,56.1669],[14.9701,56.1669],[14.9686,56.1712],[14.9813,56.1668],[14.9787,56.171],[14.9809,56.1718],[14.9877,56.1687],[14.9851,56.1676],[14.9888,56.1652],[14.9945,56.1649],[14.9943,56.1661],[14.9988,56.1669],[14.9949,56.1626],[14.9966,56.1609],[14.9943,56.1577],[14.9966,56.156],[15.0098,56.1516],[15.013,56.1517],[15.0158,56.154],[15.0155,56.1506],[15.0254,56.1515],[15.0252,56.1489],[15.0306,56.1473],[15.0312,56.1487],[15.0283,56.1489],[15.0303,56.1507],[15.0263,56.1515],[15.0313,56.1534],[15.0287,56.154],[15.0268,56.1588],[15.0164,56.1585],[15.0062,56.1609],[15.0093,56.1633],[15.0043,56.1661],[15.0076,56.1711],[14.9994,56.174],[15.0034,56.1762],[15.0078,56.1745],[15.0055,56.1731],[15.0086,56.1707],[15.0146,56.1724],[15.0135,56.171],[15.0186,56.1683],[15.0337,56.1641],[15.0366,56.1645],[15.0347,56.167],[15.0326,56.1663],[15.0219,56.173],[15.0205,56.1779],[15.0097,56.1852],[15.0138,56.1852],[15.0135,56.1862],[15.0182,56.1845],[15.0115,56.1933],[15.0141,56.1981],[15.0164,56.1965],[15.0161,56.1898],[15.0195,56.1859],[15.0249,56.1862],[15.0211,56.1843],[15.0253,56.1823],[15.0237,56.1809],[15.0319,56.1744],[15.0337,56.1804],[15.0403,56.1756],[15.0395,56.1794],[15.0357,56.1811],[15.0384,56.182],[15.0427,56.1804],[15.0439,56.1831],[15.0398,56.1853],[15.045,56.185],[15.042,56.1876],[15.0433,56.1896],[15.034,56.19],[15.0434,56.1903],[15.0535,56.1839],[15.0621,56.1822],[15.0586,56.1873],[15.0482,56.1924],[15.0479,56.1951],[15.0587,56.1894],[15.0643,56.1836],[15.0658,56.1779],[15.0682,56.1781],[15.0746,56.1842],[15.0702,56.1783],[15.0725,56.1764],[15.075,56.1796],[15.0774,56.1793],[15.0747,56.1747],[15.078,56.1744],[15.0761,56.1686],[15.0724,56.1689],[15.0727,56.1663],[15.0614,56.1631],[15.0652,56.1606],[15.0601,56.1606],[15.0613,56.1551],[15.0679,56.1542],[15.0679,56.1596],[15.0716,56.1605],[15.0757,56.1546],[15.0786,56.1537],[15.0831,56.1591],[15.0836,56.1575],[15.0872,56.1572],[15.0827,56.1569],[15.0802,56.1522],[15.0915,56.1509],[15.0973,56.152],[15.0956,56.1528],[15.0981,56.1521],[15.1049,56.1611],[15.103,56.154],[15.1048,56.1519],[15.1023,56.1515],[15.1023,56.1498],[15.1143,56.1527],[15.1187,56.1509],[15.1234,56.1532],[15.123,56.1556],[15.1173,56.1569],[15.1218,56.1595],[15.1209,56.1573],[15.1238,56.1561],[15.1234,56.1597],[15.126,56.1607],[15.1244,56.1631],[15.1193,56.1632],[15.1207,56.1659],[15.1179,56.1669],[15.1177,56.1717],[15.1258,56.1688],[15.1281,56.1622],[15.1302,56.1623],[15.1285,56.1594],[15.1309,56.1587],[15.1348,56.1588],[15.1384,56.1615],[15.1379,56.1638],[15.144,56.1697],[15.1429,56.1713],[15.1452,56.1712],[15.1455,56.1694],[15.1476,56.1709],[15.1469,56.1665],[15.1427,56.1622],[15.143,56.1513],[15.1497,56.1525],[15.153,56.1544],[15.1507,56.1551],[15.1525,56.155],[15.1535,56.1541],[15.1555,56.156],[15.1597,56.1531],[15.1586,56.152],[15.163,56.1542],[15.1624,56.1563],[15.1664,56.1527],[15.1707,56.1536],[15.1749,56.1512],[15.1797,56.1524],[15.1818,56.1533],[15.1783,56.1543],[15.185,56.1566],[15.1831,56.1631],[15.1913,56.1578],[15.1981,56.1621],[15.1956,56.1567],[15.1903,56.1567],[15.1923,56.1533],[15.1987,56.1545],[15.2024,56.1596],[15.2066,56.158],[15.2146,56.159],[15.2154,56.1577],[15.2102,56.1558],[15.2112,56.1513],[15.2187,56.1543],[15.2185,56.157],[15.2222,56.157],[15.2238,56.1593],[15.225,56.1579],[15.229,56.159],[15.233,56.1571],[15.2363,56.1574],[15.2345,56.1616],[15.2303,56.1628],[15.2321,56.1654],[15.2345,56.164],[15.2445,56.1671],[15.2459,56.1643],[15.2559,56.1651],[15.2539,56.177],[15.2566,56.1776],[15.2584,56.1744],[15.2613,56.1743],[15.2599,56.173],[15.2649,56.1742],[15.2688,56.1818],[15.2751,56.1794],[15.2765,56.1763],[15.2745,56.1731],[15.2797,56.1724],[15.2827,56.1676],[15.2851,56.1694],[15.291,56.1697],[15.2915,56.1718],[15.2944,56.1719],[15.2969,56.1742],[15.2998,56.1738],[15.3015,56.1751],[15.3035,56.1739],[15.3064,56.1792],[15.3159,56.1799],[15.3261,56.1763],[15.3155,56.1789],[15.3079,56.1782],[15.306,56.1758],[15.3092,56.1664],[15.3148,56.1653],[15.3099,56.1619],[15.3111,56.1593],[15.3176,56.1573],[15.3156,56.1562],[15.3176,56.1547],[15.3134,56.1537],[15.3136,56.1467],[15.3112,56.1502],[15.3004,56.1523],[15.296,56.15],[15.2938,56.1457],[15.2887,56.1459],[15.2872,56.1425],[15.2794,56.1434],[15.28,56.1407],[15.2862,56.1392],[15.2894,56.1408],[15.2881,56.1365],[15.2903,56.1314],[15.294,56.131],[15.2942,56.129],[15.3006,56.1256],[15.3102,56.1242],[15.3133,56.125],[15.3157,56.1287],[15.313,56.1295],[15.3132,56.1322],[15.3171,56.1318],[15.319,56.1361],[15.3237,56.1374],[15.321,56.137],[15.3211,56.1384],[15.3271,56.1463],[15.3341,56.1453],[15.3373,56.1486],[15.3399,56.1482],[15.3389,56.1423],[15.3339,56.1443],[15.3283,56.1364],[15.3192,56.136],[15.32,56.1297],[15.3244,56.1265],[15.3298,56.1269],[15.3322,56.1279],[15.3312,56.132],[15.3334,56.1329],[15.3349,56.1314],[15.3372,56.1336],[15.3407,56.1275],[15.3472,56.1282],[15.3487,56.1247],[15.3441,56.1234],[15.3438,56.1215],[15.3452,56.1196],[15.3492,56.119],[15.3527,56.1214],[15.3542,56.1275],[15.3595,56.1298],[15.3579,56.1302],[15.3637,56.1298],[15.3689,56.1313],[15.3715,56.1345],[15.3743,56.1335],[15.374,56.1381],[15.3784,56.1415],[15.3779,56.1459],[15.3842,56.1522],[15.3866,56.1518],[15.3908,56.1541],[15.3811,56.1599],[15.3823,56.1619],[15.3855,56.1618],[15.3863,56.1645],[15.3845,56.165],[15.3813,56.1628],[15.3783,56.166],[15.3797,56.1669],[15.3761,56.1662],[15.3757,56.1678],[15.3785,56.1683],[15.385,56.1661],[15.3901,56.1742],[15.3948,56.1734],[15.3997,56.1786],[15.4022,56.1782],[15.4025,56.1813],[15.404,56.1802],[15.4073,56.181],[15.4097,56.1782],[15.415,56.1799],[15.4181,56.1759],[15.4254,56.1802],[15.4254,56.1821],[15.4282,56.1776],[15.4325,56.1799],[15.4378,56.1771],[15.4367,56.1744],[15.439,56.1724],[15.446,56.1716],[15.452,56.174],[15.4552,56.1709],[15.4584,56.1715],[15.4585,56.1651],[15.4653,56.1686],[15.4674,56.1633],[15.4652,56.1628],[15.464,56.1585],[15.4668,56.1525],[15.4715,56.1518],[15.4755,56.1489],[15.4774,56.1497],[15.4783,56.1479],[15.4828,56.1497],[15.4802,56.1509],[15.4813,56.1532],[15.4857,56.1526],[15.4904,56.156],[15.4878,56.162],[15.4959,56.1692],[15.4864,56.17],[15.4827,56.1689],[15.484,56.172],[15.4953,56.1742],[15.5052,56.1705],[15.5124,56.1723],[15.5147,56.1763],[15.529,56.1666],[15.5295,56.1736],[15.525,56.1769],[15.5303,56.18],[15.5319,56.1788],[15.5371,56.1836],[15.5403,56.1825],[15.5394,56.1849],[15.5461,56.1923],[15.5504,56.1923],[15.5585,56.1892],[15.5604,56.1857],[15.5669,56.1876],[15.5728,56.1933],[15.5645,56.1934],[15.5667,56.1985],[15.5808,56.2018],[15.5847,56.1996],[15.5887,56.2043],[15.5853,56.2079],[15.5888,56.2091],[15.5858,56.2095],[15.5918,56.212],[15.5977,56.2108],[15.5985,56.2074],[15.6012,56.2079],[15.6016,56.2003],[15.6056,56.1986],[15.6036,56.1968],[15.6101,56.1932],[15.6085,56.1917],[15.6117,56.1895],[15.6188,56.1876],[15.6234,56.1896],[15.6286,56.1876],[15.6328,56.1875],[15.6329,56.1889],[15.6374,56.1866],[15.6418,56.1919],[15.6367,56.1942],[15.6444,56.1919],[15.6434,56.1908],[15.6478,56.193],[15.6496,56.1885],[15.6463,56.1851],[15.6499,56.1862],[15.6517,56.1805],[15.6552,56.1786],[15.6593,56.1814],[15.6563,56.1862],[15.6612,56.1874],[15.6603,56.168],[15.666,56.1657],[15.6636,56.1625],[15.6707,56.1619],[15.669,56.1604],[15.6707,56.1585],[15.6729,56.1684],[15.6689,56.1791],[15.6647,56.1822],[15.6716,56.185],[15.67,56.1863],[15.6736,56.1863],[15.6772,56.1835],[15.6739,56.182],[15.6742,56.1761],[15.6804,56.1767],[15.6837,56.183],[15.6882,56.1836],[15.6917,56.1815],[15.7016,56.1847],[15.6972,56.1778],[15.6952,56.166],[15.6997,56.1655],[15.7006,56.1617],[15.7047,56.1628],[15.7079,56.1592],[15.7061,56.1634],[15.7115,56.1679],[15.7146,56.1674],[15.7151,56.1685],[15.7145,56.1705],[15.71,56.1694],[15.7105,56.1718],[15.7157,56.1735],[15.7244,56.1724],[15.7275,56.1696],[15.7212,56.1647],[15.7281,56.1598],[15.7237,56.1556],[15.7283,56.1514],[15.7347,56.1511],[15.7336,56.1554],[15.7374,56.1569],[15.7601,56.1613],[15.7576,56.1543],[15.7425,56.1547],[15.7384,56.1502],[15.7403,56.1484],[15.7439,56.1496],[15.7425,56.1473],[15.7472,56.1467],[15.7494,56.1402],[15.7566,56.1377],[15.7598,56.1382],[15.7622,56.1457],[15.7851,56.1429],[15.7859,56.1469],[15.7798,56.1502],[15.7806,56.1515],[15.7847,56.1489],[15.7921,56.1482],[15.7944,56.153],[15.7866,56.1611],[15.7993,56.164],[15.805,56.1631],[15.8173,56.1711],[15.8207,56.1707],[15.8204,56.1679],[15.8241,56.1703],[15.8283,56.1699],[15.8299,56.1679],[15.8263,56.1636],[15.8159,56.1577],[15.8183,56.1554],[15.8161,56.1534],[15.8207,56.1533],[15.8219,56.1492],[15.8172,56.1405],[15.8138,56.1414],[15.8168,56.1446],[15.8151,56.1475],[15.8127,56.1474],[15.8099,56.1448],[15.8116,56.1429],[15.8047,56.1422],[15.8071,56.1399],[15.8049,56.138],[15.8062,56.1351],[15.7872,56.1233],[15.7827,56.114],[15.79,56.1064],[15.7859,56.1051],[15.7869,56.0978],[15.7909,56.0983],[15.7919,56.1014],[15.7951,56.0997],[15.8065,56.1046],[15.806,56.1015],[15.8082,56.1021],[15.8084,56.101],[15.8109,56.1042],[15.8194,56.102],[15.8176,56.0968],[15.8234,56.0946],[15.8254,56.0916],[15.8285,56.0917],[15.829,56.0892],[15.8379,56.0834],[15.8394,56.0783],[15.8365,56.0765],[15.8395,56.0755],[15.8379,56.0728],[15.8398,56.0721],[15.8401,56.0753],[15.8431,56.0757],[15.8473,56.0734],[15.8526,56.077],[15.8492,56.0824],[15.8522,56.0835],[15.8472,56.0879],[15.852,56.0891],[15.8558,56.0881],[15.8591,56.0925],[15.8556,56.0936],[15.858,56.0943],[15.8544,56.0943],[15.8567,56.0966],[15.8607,56.0966],[15.8621,56.0937],[15.8654,56.0935],[15.872,56.0994],[15.8727,56.1033],[15.881,56.1063],[15.8889,56.1176],[15.8877,56.119],[15.8913,56.1173],[15.8928,56.1258],[15.9,56.1274],[15.901,56.1291],[15.8999,56.1327],[15.897,56.1305],[15.8939,56.135],[15.8969,56.138],[15.9056,56.1367],[15.908,56.1415],[15.9068,56.1478],[15.9097,56.1478],[15.9104,56.1494],[15.9128,56.1487],[15.9128,56.1516],[15.9177,56.153],[15.9163,56.1537],[15.923,56.1547],[15.9236,56.1602],[15.9274,56.1603],[15.9286,56.1634],[15.9324,56.1636],[15.9367,56.1605],[15.9335,56.1661],[15.9377,56.1668],[15.9379,56.1685],[15.9422,56.1688],[15.9432,56.1672],[15.9426,56.1732],[15.9454,56.1702],[15.948,56.1718],[15.9511,56.171],[15.9473,56.1745],[15.9489,56.176],[15.9531,56.1745],[15.952,56.1788],[15.958,56.1793],[15.9613,56.1855],[15.9544,56.1895],[15.9566,56.1924],[15.9605,56.1908],[15.961,56.1964],[15.969,56.196],[15.9668,56.2017],[15.9727,56.1999],[15.9742,56.2052],[15.9776,56.2015],[15.9836,56.2016],[15.9853,56.1984],[15.989,56.1988],[15.9901,56.2014],[15.9936,56.1982],[15.9966,56.1992],[15.9958,56.203],[15.9918,56.205],[15.9979,56.209],[16.0002,56.2065],[16.0019,56.2074],[16.0053,56.2149],[16.0008,56.2155],[16.0006,56.2197],[16.0063,56.2204],[16.0095,56.224],[16.013,56.2205],[16.0158,56.2224],[16.0127,56.2281],[16.0142,56.2296],[16.0167,56.2285],[16.0179,56.2303],[16.0153,56.2392],[16.0166,56.2417],[16.0204,56.2422],[16.0188,56.2448],[16.0234,56.2471],[16.0275,56.2455],[16.0282,56.2508],[16.0383,56.2527],[16.0361,56.2557],[16.0391,56.2561],[16.0392,56.2583],[16.0464,56.2481],[16.0443,56.2558],[16.0465,56.2565],[16.0444,56.2562],[16.0421,56.2595],[16.0453,56.2603],[16.0372,56.2648],[16.0354,56.2677],[16.04,56.2705],[16.0384,56.2728],[16.0415,56.2761],[16.0387,56.2775],[16.0452,56.2816],[16.0424,56.2829],[16.0471,56.2854],[16.0455,56.2873],[16.0546,56.2881],[16.0544,56.2927],[16.0576,56.2946],[16.0524,56.2955],[16.0505,56.2992],[16.0539,56.3],[16.0512,56.3004],[16.0545,56.3012],[16.0547,56.3034],[16.0589,56.304],[16.0609,56.3077],[16.054,56.3069],[16.0513,56.3097],[16.0451,56.3081],[16.0439,56.3099],[16.0539,56.3139],[16.0478,56.3165],[16.0521,56.3218],[16.0394,56.3257],[16.0147,56.3139],[16.0122,56.3106],[16.0149,56.3028],[16.0083,56.2998],[15.9983,56.3028],[15.9809,56.3002],[15.9769,56.3059],[15.9704,56.3067],[15.9702,56.3127],[15.9647,56.3156],[15.9592,56.3127],[15.9526,56.3193],[15.947,56.3187],[15.9393,56.3216],[15.9367,56.3174],[15.9203,56.3204],[15.9091,56.3165],[15.8719,56.3194],[15.8377,56.3239],[15.8311,56.3288],[15.8229,56.3294],[15.8147,56.3345],[15.8169,56.3375],[15.8096,56.3386],[15.774,56.3677],[15.7695,56.3829],[15.7549,56.3866],[15.7423,56.4028],[15.7373,56.4039],[15.7271,56.4193],[15.7081,56.42],[15.6879,56.4262],[15.6695,56.4264],[15.646,56.4656],[15.6344,56.4597],[15.6211,56.4609],[15.6185,56.4644],[15.6026,56.4727],[15.5888,56.4751],[15.5817,56.4841],[15.5779,56.4842],[15.5751,56.492],[15.5791,56.495],[15.5696,56.5003],[15.5554,56.5022],[15.5497,56.4993],[15.539,56.5064],[15.5153,56.5058],[15.4992,56.4955],[15.5009,56.4799],[15.4922,56.4764],[15.4705,56.4818],[15.4667,56.4864],[15.4579,56.4902],[15.4481,56.485],[15.4338,56.4862],[15.4268,56.497],[15.4205,56.4927],[15.4077,56.4947],[15.3989,56.4997],[15.3836,56.5001],[15.377,56.5036],[15.3673,56.5028],[15.353,56.4947],[15.3509,56.487],[15.3186,56.4608],[15.3046,56.4645],[15.2737,56.465],[15.2685,56.472],[15.2559,56.4771],[15.2437,56.4725],[15.2016,56.4654],[15.206,56.4559],[15.1987,56.4413],[15.1687,56.4361],[15.1423,56.4427],[15.1233,56.4617],[15.0406,56.461],[15.0428,56.4456],[15.0231,56.4566],[14.9909,56.4552],[14.9711,56.4369],[14.9557,56.4076],[14.9192,56.3908],[14.8921,56.3703],[14.8511,56.3652],[14.7889,56.3805],[14.7721,56.39],[14.7458,56.3849],[14.7245,56.393],[14.7055,56.3908],[14.6631,56.3937],[14.6528,56.4069],[14.6126,56.4274],[14.6067,56.4427],[14.5943,56.4508],[14.5738,56.4493],[14.4934,56.4695],[14.4508,56.4127],[14.4311,56.4068],[14.396,56.4008],[14.3766,56.3538],[14.3841,56.299],[14.4059,56.2961],[14.4062,56.2737],[14.426,56.2706],[14.4249,56.2429],[14.4424,56.2396],[14.4533,56.2268],[14.5007,56.2305],[14.5599,56.2059],[14.5666,56.123],[14.5836,56.1184],[14.5818,56.0901]]]]}},
    {"type":"Feature","properties":{"kod":"12","namn":"Skåne län"},"geometry":{"type":"MultiPolygon","coordinates":[[[[12.8437,55.444],[12.8459,55.4455],[12.844,55.445],[12.8426,55.4423],[12.8365,55.4191],[12.8331,55.4163],[12.828,55.417],[12.829,55.4156],[12.8274,55.4169],[12.8286,55.4107],[12.8253,55.4015],[12.81,55.3813],[12.8081,55.377],[12.807,55.3696],[12.8075,55.365],[12.8102,55.3595],[12.8115,55.3581],[12.8139,55.3569],[12.8165,55.3578],[12.8182,55.3617],[12.8089,55.3702],[12.8163,55.3631],[12.8165,55.3602],[12.8132,55.3612],[12.8156,55.3599],[12.8147,55.3577],[12.8124,55.3579],[12.8075,55.3673],[12.8086,55.3701],[12.8131,55.3768],[12.808,55.3718],[12.8079,55.3743],[12.8098,55.3799],[12.817,55.3876],[12.8099,55.3797],[12.8099,55.3779],[12.815,55.3782],[12.8135,55.3771],[12.8307,55.385],[12.8483,55.3903],[12.8601,55.3922],[12.8817,55.3923],[12.8719,55.3934],[12.8838,55.3971],[12.8877,55.3971],[12.8903,55.394],[12.898,55.3925],[12.8852,55.3929],[12.8868,55.3908],[12.9206,55.3857],[12.9258,55.3859],[12.9375,55.3935],[12.9444,55.3957],[12.9337,55.4105],[12.9283,55.4088],[12.9115,55.408],[12.902,55.4113],[12.8971,55.4092],[12.8904,55.4096],[12.8807,55.4137],[12.8697,55.4227],[12.8674,55.4364],[12.864,55.4394],[12.8588,55.4386],[12.8494,55.4265],[12.8436,55.4229],[12.8432,55.4253],[12.8461,55.4274],[12.8399,55.4253],[12.8457,55.4442],[12.8437,55.444]]],[[[12.8498,56.4305],[12.8424,56.4334],[12.8427,56.4364],[12.8354,56.4361],[12.8302,56.4384],[12.8221,56.4393],[12.8193,56.442],[12.8081,56.4447],[12.7973,56.4501],[12.7603,56.4604],[12.747,56.4682],[12.728,56.4721],[12.7076,56.4716],[12.6797,56.456],[12.6826,56.4562],[12.6781,56.4533],[12.6701,56.4548],[12.6676,56.4529],[12.6623,56.4555],[12.6558,56.4552],[12.6557,56.4526],[12.6529,56.4534],[12.6521,56.4514],[12.6503,56.4524],[12.6522,56.4504],[12.6483,56.4476],[12.6438,56.4478],[12.6432,56.4429],[12.6389,56.4424],[12.64,56.4404],[12.6341,56.4388],[12.6338,56.4336],[12.63,56.4348],[12.6325,56.4308],[12.6313,56.4284],[12.6259,56.4268],[12.6235,56.4277],[12.6192,56.4204],[12.6235,56.4152],[12.6212,56.4135],[12.6209,56.4044],[12.6282,56.3944],[12.6268,56.393],[12.6296,56.3931],[12.6367,56.3891],[12.6568,56.3871],[12.6609,56.3839],[12.6622,56.3847],[12.6862,56.3813],[12.6908,56.3775],[12.6896,56.3755],[12.6969,56.3744],[12.7049,56.3668],[12.7116,56.3651],[12.7229,56.365],[12.7268,56.3635],[12.7278,56.365],[12.7325,56.3637],[12.7401,56.358],[12.7399,56.3521],[12.7455,56.3461],[12.7438,56.3409],[12.7463,56.3353],[12.7509,56.3332],[12.754,56.3338],[12.751,56.3327],[12.7557,56.3314],[12.7633,56.3145],[12.7593,56.3073],[12.7624,56.3071],[12.7687,56.3017],[12.7867,56.2984],[12.7906,56.2958],[12.7888,56.2952],[12.802,56.2921],[12.8084,56.2872],[12.818,56.2873],[12.8305,56.2794],[12.8306,56.2767],[12.8351,56.2739],[12.8343,56.2721],[12.8385,56.2717],[12.8415,56.27],[12.8418,56.2674],[12.8383,56.267],[12.8373,56.2713],[12.8312,56.2569],[12.813,56.2364],[12.8002,56.2281],[12.7847,56.2227],[12.7854,56.2177],[12.7836,56.2196],[12.7733,56.2178],[12.7636,56.22],[12.7544,56.2241],[12.7528,56.2275],[12.7506,56.2268],[12.7518,56.2304],[12.7468,56.233],[12.7479,56.2292],[12.7438,56.2255],[12.7345,56.2302],[12.7247,56.233],[12.7211,56.2325],[12.7177,56.2261],[12.7045,56.2224],[12.6998,56.2192],[12.6922,56.2229],[12.691,56.227],[12.6925,56.224],[12.693,56.2281],[12.6882,56.2325],[12.6715,56.2381],[12.673,56.2415],[12.6702,56.2435],[12.6706,56.2473],[12.6575,56.2555],[12.6375,56.2583],[12.6319,56.2613],[12.6089,56.2651],[12.5923,56.2732],[12.5829,56.2725],[12.5737,56.275],[12.5674,56.2792],[12.5153,56.2946],[12.4648,56.3028],[12.4534,56.3034],[12.4533,56.3024],[12.4515,56.3037],[12.4455,56.3026],[12.4552,56.2954],[12.4678,56.2915],[12.4844,56.2896],[12.4942,56.2839],[12.4931,56.2824],[12.4901,56.2836],[12.4994,56.2783],[12.4975,56.2758],[12.5029,56.2699],[12.5181,56.2598],[12.5186,56.2569],[12.5202,56.2573],[12.5192,56.2557],[12.5169,56.2564],[12.5182,56.2538],[12.5295,56.2474],[12.5312,56.244],[12.5337,56.2439],[12.535,56.2342],[12.53,56.231],[12.5374,56.2289],[12.5431,56.2164],[12.5399,56.2081],[12.5363,56.2077],[12.5387,56.2075],[12.5381,56.205],[12.5433,56.2001],[12.5542,56.197],[12.5559,56.1847],[12.5536,56.1768],[12.5555,56.1777],[12.554,56.1766],[12.5564,56.1766],[12.5619,56.1693],[12.5645,56.1592],[12.563,56.1558],[12.5676,56.1521],[12.5673,56.1458],[12.5771,56.1402],[12.5774,56.1428],[12.5796,56.1427],[12.578,56.1414],[12.5816,56.1423],[12.5839,56.1411],[12.5902,56.1297],[12.6025,56.1199],[12.6026,56.1164],[12.6043,56.1172],[12.6038,56.1162],[12.6082,56.1159],[12.6198,56.1076],[12.6292,56.1041],[12.6303,56.0998],[12.6253,56.0995],[12.6381,56.0957],[12.6594,56.0807],[12.6769,56.0652],[12.683,56.0534],[12.6827,56.0486],[12.6859,56.0505],[12.6896,56.045],[12.6933,56.0449],[12.6898,56.0432],[12.6936,56.0415],[12.6891,56.0423],[12.6938,56.0386],[12.6879,56.0401],[12.6914,56.0341],[12.6892,56.0322],[12.6892,56.0277],[12.6915,56.0255],[12.6902,56.0314],[12.6921,56.0289],[12.6952,56.0303],[12.6953,56.0265],[12.6932,56.0263],[12.6954,56.0264],[12.6968,56.0189],[12.6958,56.0266],[12.6979,56.0267],[12.6984,56.0248],[12.7018,56.0264],[12.6986,56.0225],[12.7005,56.0214],[12.7036,56.0233],[12.7012,56.0182],[12.6988,56.0184],[12.7022,56.0127],[12.7052,56.0117],[12.7041,56.0077],[12.7076,56.0048],[12.7106,56.0103],[12.7137,56.0054],[12.7168,56.0061],[12.7113,56.0042],[12.7173,56.0061],[12.7322,56.0004],[12.7415,55.9941],[12.7409,55.9908],[12.7435,55.9923],[12.7429,55.9914],[12.7476,55.9905],[12.744,55.9891],[12.7444,55.9885],[12.7466,55.99],[12.7497,55.9883],[12.7556,55.9753],[12.7595,55.9518],[12.7664,55.9474],[12.7726,55.94],[12.779,55.9389],[12.7859,55.9344],[12.8039,55.9146],[12.8028,55.8955],[12.8139,55.8813],[12.814,55.8783],[12.8107,55.8773],[12.8148,55.8784],[12.8109,55.8769],[12.8203,55.8712],[12.8178,55.8677],[12.8199,55.8686],[12.8221,55.8671],[12.8241,55.8697],[12.8263,55.8689],[12.8232,55.8667],[12.8271,55.8641],[12.8292,55.8593],[12.8371,55.8605],[12.8366,55.859],[12.83,55.8573],[12.8313,55.854],[12.8383,55.8539],[12.8446,55.8558],[12.8491,55.8615],[12.8536,55.8606],[12.8512,55.8574],[12.8492,55.8577],[12.8536,55.8564],[12.8662,55.8579],[12.8701,55.8625],[12.8771,55.8593],[12.8824,55.8589],[12.8821,55.8567],[12.8846,55.856],[12.8834,55.8537],[12.8871,55.8557],[12.8911,55.8552],[12.8867,55.8547],[12.8845,55.8526],[12.8883,55.8523],[12.888,55.8505],[12.893,55.8498],[12.8957,55.8468],[12.9009,55.846],[12.9091,55.8393],[12.9087,55.8375],[12.9133,55.8366],[12.9329,55.8048],[12.9348,55.7899],[12.9304,55.7748],[12.9147,55.7653],[12.9098,55.7646],[12.9032,55.7567],[12.9049,55.7561],[12.9015,55.7508],[12.9117,55.7505],[12.9196,55.7428],[12.9256,55.7406],[12.922,55.7455],[12.928,55.7427],[12.9434,55.7492],[12.9507,55.7499],[12.9567,55.7481],[12.9608,55.7432],[12.9614,55.7381],[12.9543,55.7289],[12.9568,55.7279],[12.9596,55.7301],[12.963,55.7298],[12.9695,55.725],[12.9859,55.7301],[12.9965,55.7294],[12.9943,55.7278],[12.9964,55.7257],[13.0004,55.7262],[13.0065,55.7208],[13.0509,55.6975],[13.055,55.6922],[13.0584,55.6789],[13.0581,55.6765],[13.0548,55.6759],[13.0693,55.6759],[13.0652,55.6749],[13.0571,55.6757],[13.0607,55.6747],[13.0597,55.6735],[13.0558,55.6756],[13.0613,55.6715],[13.0631,55.6672],[13.0504,55.6525],[13.0527,55.6462],[13.0514,55.6405],[13.047,55.6394],[13.0356,55.6444],[13.0313,55.6446],[13.0261,55.6418],[13.0387,55.6388],[13.0395,55.6375],[13.0354,55.6364],[13.0295,55.6386],[13.0232,55.6384],[13.0212,55.6379],[13.0223,55.6366],[13.028,55.6373],[13.0281,55.6355],[13.0147,55.6345],[13.013,55.6392],[12.9986,55.6378],[12.9906,55.6336],[12.9908,55.629],[12.985,55.6273],[12.9847,55.6257],[12.9892,55.628],[12.9919,55.6265],[12.9907,55.6243],[12.9966,55.6258],[13.0183,55.6264],[13.0196,55.6248],[13.0183,55.6267],[13.0216,55.6269],[13.0229,55.6244],[13.0368,55.6249],[13.0352,55.6241],[13.0371,55.6236],[13.0237,55.6224],[13.0248,55.6161],[13.0229,55.616],[13.0188,55.6242],[12.9913,55.6226],[12.9951,55.6191],[13.0077,55.6166],[13.0055,55.6156],[12.9941,55.6174],[13.0034,55.6145],[12.9997,55.6133],[12.9954,55.6146],[12.9973,55.6092],[12.9891,55.619],[12.9873,55.6186],[12.9886,55.6188],[12.9892,55.6146],[12.9875,55.6183],[12.9851,55.6185],[12.9848,55.6215],[12.9774,55.6198],[12.9708,55.615],[12.9724,55.6105],[12.9703,55.6051],[12.9516,55.5986],[12.9333,55.5965],[12.9378,55.5984],[12.9346,55.5982],[12.9298,55.5948],[12.9311,55.5938],[12.9258,55.5882],[12.9234,55.5892],[12.9298,55.5979],[12.9275,55.5954],[12.9211,55.5932],[12.9158,55.5875],[12.9192,55.5865],[12.9228,55.5887],[12.9265,55.5865],[12.9234,55.5872],[12.9244,55.5857],[12.922,55.5871],[12.9218,55.5859],[12.9209,55.5864],[12.9194,55.5853],[12.9142,55.5851],[12.9107,55.5838],[12.9098,55.5825],[12.9142,55.5849],[12.9183,55.5846],[12.9154,55.5819],[12.9113,55.5827],[12.918,55.5807],[12.8993,55.5718],[12.9071,55.5708],[12.8967,55.5701],[12.894,55.5722],[12.8964,55.5699],[12.8898,55.5641],[12.8999,55.5592],[12.9012,55.5628],[12.9051,55.5625],[12.904,55.5577],[12.9015,55.5571],[12.9046,55.5554],[12.9056,55.5476],[12.9089,55.5433],[12.9092,55.5417],[12.9065,55.5411],[12.9089,55.5411],[12.9115,55.5368],[12.9121,55.5268],[12.8912,55.5244],[12.89,55.5226],[12.8922,55.5239],[12.8941,55.5231],[12.8912,55.5225],[12.8923,55.5217],[12.8966,55.5229],[12.8971,55.521],[12.8921,55.5207],[12.8896,55.5222],[12.8911,55.5203],[12.8854,55.5191],[12.8948,55.5204],[12.9148,55.5202],[12.9194,55.5215],[12.9242,55.5194],[12.9279,55.5136],[12.9278,55.5109],[12.9248,55.5104],[12.9279,55.5099],[12.9259,55.5088],[12.9301,55.5004],[12.9383,55.4966],[12.9382,55.4928],[12.947,55.4873],[12.9475,55.4817],[12.9534,55.48],[12.9536,55.4763],[12.9573,55.4737],[12.9555,55.4728],[12.9606,55.4702],[12.9603,55.4652],[12.9624,55.4657],[12.9663,55.4604],[12.9701,55.4594],[12.9697,55.4507],[12.9673,55.4489],[12.9708,55.4419],[12.9685,55.4411],[12.9686,55.4379],[12.9631,55.4419],[12.9592,55.4411],[12.962,55.4484],[12.9527,55.4565],[12.9453,55.4584],[12.943,55.4569],[12.9517,55.4362],[12.9527,55.4234],[12.9463,55.4157],[12.9346,55.4118],[12.9453,55.3982],[12.9588,55.4017],[12.9733,55.4014],[12.9952,55.3918],[13.0088,55.3897],[13.0263,55.3822],[13.0384,55.3801],[13.0482,55.376],[13.0648,55.3739],[13.0758,55.3681],[13.0873,55.3696],[13.0982,55.3756],[13.1189,55.3754],[13.1183,55.374],[13.1341,55.3728],[13.148,55.3658],[13.151,55.3683],[13.1435,55.3725],[13.1514,55.3697],[13.1526,55.3723],[13.154,55.3704],[13.1573,55.3715],[13.1557,55.3698],[13.1579,55.37],[13.1533,55.3675],[13.1568,55.3676],[13.1553,55.3659],[13.158,55.3675],[13.161,55.3665],[13.1638,55.3639],[13.1614,55.3625],[13.1738,55.3671],[13.1806,55.3676],[13.207,55.3627],[13.2262,55.3572],[13.2274,55.3546],[13.2297,55.3563],[13.2713,55.3443],[13.3005,55.3411],[13.3214,55.3422],[13.3365,55.3403],[13.3443,55.3375],[13.3573,55.3374],[13.3591,55.3387],[13.3595,55.337],[13.3925,55.3503],[13.4061,55.353],[13.4214,55.3538],[13.4485,55.3686],[13.491,55.3824],[13.5076,55.3855],[13.5366,55.3875],[13.5653,55.3839],[13.5789,55.3875],[13.5957,55.3876],[13.5992,55.3922],[13.6035,55.3933],[13.6039,55.3985],[13.6161,55.408],[13.6264,55.4133],[13.6412,55.4173],[13.6666,55.4175],[13.6746,55.416],[13.7031,55.4247],[13.7156,55.4269],[13.7307,55.4256],[13.7586,55.4266],[13.7701,55.4242],[13.7765,55.4253],[13.7912,55.4235],[13.8079,55.4245],[13.814,55.4265],[13.822,55.4237],[13.8206,55.4258],[13.827,55.4268],[13.8253,55.4247],[13.8336,55.424],[13.8255,55.4226],[13.832,55.4229],[13.8326,55.4175],[13.8589,55.4286],[13.8794,55.4336],[13.8946,55.4346],[13.9327,55.4328],[13.9662,55.4242],[13.9848,55.4168],[14.0558,55.3806],[14.0676,55.3851],[14.0838,55.3853],[14.1015,55.3845],[14.1465,55.3776],[14.1598,55.377],[14.1813,55.3789],[14.1969,55.3842],[14.2114,55.3953],[14.241,55.4386],[14.2525,55.4452],[14.259,55.4465],[14.275,55.4569],[14.2827,55.4736],[14.2849,55.4737],[14.2833,55.4742],[14.2881,55.4753],[14.2865,55.4733],[14.2924,55.4781],[14.2977,55.4796],[14.2973,55.4813],[14.3009,55.4813],[14.3036,55.4846],[14.312,55.4855],[14.3142,55.4845],[14.3188,55.4867],[14.3161,55.4883],[14.3169,55.4916],[14.3259,55.499],[14.3339,55.5042],[14.3462,55.5079],[14.3494,55.511],[14.3508,55.5135],[14.3485,55.5133],[14.3507,55.5138],[14.3471,55.5174],[14.3479,55.5245],[14.3558,55.5334],[14.3575,55.5481],[14.3607,55.5544],[14.3591,55.5582],[14.3563,55.5579],[14.3588,55.5572],[14.3594,55.555],[14.3579,55.5571],[14.3536,55.5576],[14.3561,55.5592],[14.3485,55.5608],[14.3482,55.5626],[14.3429,55.5642],[14.3374,55.5748],[14.3383,55.5781],[14.3352,55.5791],[14.3348,55.5831],[14.3302,55.5887],[14.314,55.5942],[14.3126,55.5971],[14.3003,55.6054],[14.2977,55.6129],[14.2848,55.6171],[14.2772,55.6484],[14.2782,55.664],[14.271,55.6742],[14.262,55.6789],[14.2242,55.6886],[14.2138,55.6976],[14.2064,55.7],[14.2047,55.7022],[14.2017,55.7156],[14.195,55.7298],[14.195,55.7516],[14.2042,55.7906],[14.2204,55.8299],[14.2462,55.8706],[14.2673,55.8926],[14.2857,55.9035],[14.3004,55.9085],[14.3038,55.9077],[14.307,55.9116],[14.319,55.9152],[14.3199,55.917],[14.3306,55.9214],[14.3272,55.926],[14.3242,55.925],[14.3217,55.9266],[14.3269,55.9261],[14.3287,55.9322],[14.3213,55.9329],[14.3205,55.9363],[14.3232,55.9425],[14.3369,55.9573],[14.3454,55.9611],[14.356,55.9627],[14.3649,55.9571],[14.3671,55.9577],[14.3681,55.9616],[14.3722,55.9609],[14.3732,55.9591],[14.378,55.9601],[14.378,55.9661],[14.3816,55.9687],[14.3811,55.9715],[14.3859,55.9741],[14.3916,55.9743],[14.3943,55.9722],[14.4017,55.9745],[14.412,55.9707],[14.4125,55.9746],[14.4079,55.9767],[14.409,55.9824],[14.412,55.9836],[14.4102,55.9866],[14.4149,55.9877],[14.4192,55.9864],[14.421,55.988],[14.4171,55.9892],[14.4188,55.9924],[14.4236,55.9906],[14.4341,55.992],[14.4355,56.0006],[14.4413,56.0007],[14.4438,55.9969],[14.4465,55.9965],[14.447,55.9982],[14.4477,55.997],[14.4515,55.9976],[14.4442,56.004],[14.4477,56.0072],[14.4511,56.0074],[14.451,56.0113],[14.453,56.0116],[14.4584,56.0081],[14.463,56.0129],[14.4686,56.0138],[14.464,56.0153],[14.4596,56.0217],[14.4629,56.026],[14.4678,56.0253],[14.471,56.0363],[14.4752,56.0349],[14.4752,56.0373],[14.4797,56.033],[14.4823,56.0328],[14.4826,56.0363],[14.493,56.0327],[14.4969,56.035],[14.4989,56.034],[14.4963,56.0346],[14.4948,56.0324],[14.4968,56.0313],[14.5032,56.0331],[14.507,56.0382],[14.5121,56.0382],[14.5149,56.0356],[14.5171,56.0385],[14.5208,56.038],[14.5223,56.0399],[14.5242,56.0402],[14.5236,56.0391],[14.5247,56.0407],[14.5294,56.0411],[14.529,56.0423],[14.5325,56.0419],[14.5369,56.0606],[14.5818,56.0901],[14.5836,56.1184],[14.5666,56.123],[14.5599,56.2059],[14.5007,56.2305],[14.4533,56.2268],[14.4424,56.2396],[14.4249,56.2429],[14.426,56.2706],[14.4062,56.2737],[14.4059,56.2961],[14.3841,56.299],[14.3766,56.3538],[14.396,56.4008],[14.4311,56.4068],[14.4508,56.4127],[14.4934,56.4695],[14.3863,56.4851],[14.3503,56.4829],[14.3258,56.4896],[14.318,56.496],[14.295,56.4941],[14.2788,56.5027],[14.2131,56.5072],[14.2045,56.5027],[14.1549,56.515],[14.1168,56.5165],[14.1097,56.5266],[14.0836,56.5226],[14.0702,56.5314],[14.0504,56.5333],[14.0313,56.5143],[14.0306,56.4952],[13.9836,56.4758],[13.9185,56.4734],[13.8333,56.4541],[13.6993,56.4446],[13.6851,56.4302],[13.6565,56.4298],[13.6372,56.4191],[13.611,56.4209],[13.5871,56.4098],[13.5387,56.4092],[13.5073,56.4151],[13.4622,56.4161],[13.4464,56.4266],[13.3908,56.4204],[13.3476,56.3926],[13.311,56.3971],[13.2554,56.3653],[13.2533,56.3514],[13.2173,56.3278],[13.1911,56.3293],[13.1885,56.3411],[13.1381,56.3596],[13.1262,56.3556],[12.9918,56.3597],[12.9803,56.3704],[12.9532,56.3725],[12.9364,56.3695],[12.9068,56.3801],[12.8799,56.3837],[12.8709,56.4002],[12.8489,56.4065],[12.8498,56.4305]]]]}},
    {"type":"Feature","properties":{"kod":"13","namn":"Hallands län"},"geometry":{"type":"Polygon","coordinates":[[[11.9921,57.5645],[11.9235,57.5598],[11.9197,57.5579],[11.9188,57.5549],[11.9233,57.5538],[11.9223,57.5527],[11.9254,57.5533],[11.9231,57.5516],[11.9286,57.5481],[11.9259,57.5458],[11.9222,57.5478],[11.9218,57.5506],[11.9215,57.5491],[11.9167,57.5484],[11.9157,57.5402],[11.9194,57.5359],[11.9157,57.5364],[11.9146,57.5353],[11.9193,57.5314],[11.912,57.5304],[11.9156,57.5298],[11.9133,57.528],[11.9181,57.5263],[11.9255,57.5281],[11.93,57.5327],[11.9349,57.5327],[11.9342,57.53],[11.938,57.5293],[11.9388,57.5274],[11.9261,57.5251],[11.9199,57.5209],[11.9232,57.5197],[11.9229,57.522],[11.9317,57.5227],[11.9342,57.5206],[11.9393,57.5202],[11.94,57.5186],[11.9332,57.516],[11.9444,57.5146],[11.9415,57.5124],[11.9477,57.5097],[11.9454,57.5089],[11.9343,57.5113],[11.9277,57.5092],[11.9232,57.5107],[11.9187,57.5069],[11.9231,57.503],[11.9153,57.5027],[11.92,57.5022],[11.9206,57.5004],[11.933,57.5021],[11.9334,57.5007],[11.9408,57.5024],[11.9442,57.5014],[11.9498,57.5024],[11.9525,57.5059],[11.9504,57.5019],[11.9549,57.5006],[11.9549,57.4963],[11.9677,57.4953],[11.9678,57.4941],[11.9528,57.4927],[11.9508,57.4907],[11.9525,57.4882],[11.9501,57.4869],[11.9469,57.4878],[11.9494,57.486],[11.9476,57.4839],[11.9368,57.4853],[11.9285,57.4912],[11.9255,57.4895],[11.9269,57.4879],[11.9123,57.4892],[11.9171,57.4841],[11.9115,57.4864],[11.9055,57.4861],[11.9094,57.4822],[11.9168,57.4812],[11.9181,57.4825],[11.9217,57.4807],[11.9192,57.4803],[11.9202,57.4781],[11.9181,57.4793],[11.9136,57.4783],[11.9151,57.4775],[11.913,57.4767],[11.9094,57.4777],[11.9109,57.4761],[11.9228,57.4746],[11.9269,57.4774],[11.9333,57.4783],[11.9377,57.4758],[11.9349,57.4736],[11.9384,57.4724],[11.9363,57.4688],[11.9228,57.4725],[11.9228,57.4697],[11.92,57.4708],[11.9173,57.4682],[11.9126,57.4693],[11.9105,57.4651],[11.9083,57.4656],[11.9199,57.4566],[11.9139,57.4575],[11.9174,57.4541],[11.9151,57.4522],[11.9119,57.4534],[11.9122,57.4559],[11.9096,57.456],[11.9121,57.4418],[11.908,57.4416],[11.9031,57.4447],[11.9035,57.4426],[11.9016,57.4426],[11.906,57.4419],[11.9031,57.4408],[11.9075,57.4384],[11.9058,57.434],[11.9085,57.4335],[11.9059,57.4326],[11.9132,57.432],[11.9158,57.4338],[11.9191,57.4326],[11.919,57.4306],[11.9141,57.4277],[11.9175,57.4274],[11.9206,57.4306],[11.9255,57.4292],[11.925,57.4277],[11.9201,57.4268],[11.9248,57.4263],[11.9222,57.424],[11.9265,57.4215],[11.9224,57.4211],[11.928,57.4209],[11.929,57.4195],[11.9221,57.4172],[11.9234,57.4129],[11.9257,57.4129],[11.9244,57.4113],[11.928,57.4109],[11.931,57.4066],[11.9277,57.4071],[11.9219,57.4045],[11.9277,57.4037],[11.9281,57.4019],[11.9215,57.4035],[11.923,57.4018],[11.9127,57.4008],[11.9131,57.3962],[11.9097,57.396],[11.9088,57.3919],[11.9158,57.394],[11.9155,57.3922],[11.9189,57.3919],[11.9236,57.394],[11.9204,57.3897],[11.9275,57.3894],[11.9414,57.3955],[11.943,57.3939],[11.9385,57.3928],[11.9532,57.3943],[11.9504,57.3881],[11.9599,57.3902],[11.9587,57.3878],[11.9634,57.3875],[11.9638,57.386],[11.9564,57.3865],[11.9469,57.3844],[11.9536,57.3828],[11.9513,57.381],[11.9575,57.3795],[11.9606,57.3752],[11.9549,57.3744],[11.9493,57.37],[11.95,57.3684],[11.9449,57.3699],[11.9402,57.3679],[11.9406,57.3647],[11.9442,57.3631],[11.9434,57.3609],[11.9467,57.3592],[11.9546,57.3586],[11.9495,57.3552],[11.9521,57.3531],[11.959,57.3527],[11.9594,57.3588],[11.9645,57.36],[11.9665,57.3591],[11.9697,57.3607],[11.9741,57.3659],[11.9733,57.3701],[11.9751,57.367],[11.9833,57.3722],[11.9864,57.3717],[11.9866,57.3681],[11.9943,57.3707],[11.9865,57.3654],[11.99,57.3639],[11.9852,57.3618],[11.9852,57.3557],[11.9896,57.3567],[11.9923,57.3636],[11.9988,57.3644],[12.0035,57.3671],[11.9921,57.3553],[11.9955,57.352],[11.9935,57.3499],[11.9948,57.3411],[11.9989,57.3403],[12.0009,57.3419],[12.0012,57.3402],[12.0022,57.3426],[12.0026,57.3407],[12.0049,57.3414],[12.0024,57.3437],[12.0059,57.3534],[12.0114,57.357],[12.0085,57.3575],[12.01,57.3605],[12.013,57.36],[12.0132,57.3646],[12.0203,57.369],[12.0196,57.3712],[12.0269,57.3751],[12.0231,57.3793],[12.0241,57.3814],[12.0187,57.3818],[12.017,57.3836],[12.0195,57.385],[12.0182,57.3885],[12.0202,57.3887],[12.0207,57.3868],[12.0241,57.391],[12.0237,57.3935],[12.0205,57.3931],[12.0238,57.3938],[12.0205,57.3932],[12.0182,57.3956],[12.0185,57.3979],[12.0309,57.4035],[12.0311,57.4047],[12.0299,57.4034],[12.0277,57.4051],[12.0378,57.4126],[12.0396,57.4148],[12.038,57.4168],[12.0432,57.4193],[12.0406,57.4243],[12.0455,57.4289],[12.0447,57.4323],[12.0482,57.4324],[12.0449,57.4337],[12.0476,57.4367],[12.0514,57.437],[12.0495,57.4376],[12.0518,57.4396],[12.0523,57.4525],[12.057,57.4527],[12.0531,57.4537],[12.056,57.4531],[12.0549,57.4569],[12.0595,57.4625],[12.0668,57.4635],[12.0696,57.4626],[12.068,57.4604],[12.07,57.4614],[12.072,57.4588],[12.0697,57.4572],[12.0756,57.4555],[12.0664,57.4486],[12.0676,57.4476],[12.0715,57.4486],[12.0754,57.4428],[12.08,57.4411],[12.0923,57.4417],[12.0951,57.4364],[12.0913,57.4345],[12.0962,57.4355],[12.0957,57.4365],[12.0965,57.4353],[12.1025,57.436],[12.1091,57.4345],[12.1123,57.4259],[12.1066,57.4212],[12.1057,57.4147],[12.1104,57.4071],[12.0937,57.4085],[12.0915,57.407],[12.0828,57.4078],[12.0799,57.396],[12.0845,57.3924],[12.0872,57.3979],[12.0913,57.3953],[12.0985,57.3988],[12.1068,57.3945],[12.1142,57.3993],[12.122,57.3984],[12.1241,57.3965],[12.1194,57.3971],[12.1236,57.392],[12.1183,57.3879],[12.1283,57.3869],[12.1237,57.3862],[12.1284,57.3786],[12.1237,57.3771],[12.1187,57.3778],[12.1174,57.3761],[12.1148,57.3777],[12.1071,57.3767],[12.1072,57.3745],[12.1029,57.3755],[12.1007,57.3729],[12.0962,57.3738],[12.0912,57.3693],[12.0884,57.3703],[12.0855,57.3691],[12.0832,57.3637],[12.0809,57.3644],[12.0799,57.3628],[12.0815,57.3606],[12.074,57.3568],[12.0642,57.3376],[12.0681,57.3353],[12.0755,57.337],[12.0866,57.3371],[12.0898,57.3381],[12.0885,57.3388],[12.0977,57.3407],[12.0959,57.3416],[12.0984,57.3423],[12.1023,57.3419],[12.1036,57.3401],[12.107,57.3405],[12.1085,57.3449],[12.1195,57.3463],[12.1222,57.3432],[12.1326,57.3397],[12.1257,57.3363],[12.1334,57.3301],[12.1388,57.3295],[12.1389,57.333],[12.1433,57.3329],[12.1461,57.3348],[12.1514,57.3334],[12.1536,57.3303],[12.1615,57.328],[12.161,57.3264],[12.1543,57.325],[12.1562,57.3208],[12.1539,57.318],[12.1513,57.3169],[12.1481,57.3181],[12.1453,57.3145],[12.1558,57.3127],[12.1645,57.3089],[12.1681,57.31],[12.1672,57.3023],[12.1639,57.2988],[12.1622,57.2997],[12.165,57.2945],[12.1625,57.2914],[12.1648,57.2879],[12.1636,57.2843],[12.1519,57.2816],[12.1453,57.2839],[12.141,57.2834],[12.139,57.2808],[12.1351,57.282],[12.1297,57.2787],[12.1229,57.2783],[12.1093,57.2713],[12.1087,57.2677],[12.1057,57.2686],[12.1073,57.2666],[12.1057,57.2656],[12.1044,57.2671],[12.1039,57.2636],[12.0983,57.2585],[12.0932,57.2563],[12.0842,57.2558],[12.0865,57.2533],[12.0887,57.2546],[12.0913,57.2482],[12.0958,57.2457],[12.1006,57.2459],[12.106,57.2501],[12.112,57.2494],[12.1192,57.2538],[12.1278,57.2504],[12.1312,57.2467],[12.1312,57.2452],[12.1271,57.2468],[12.1179,57.2473],[12.1196,57.2428],[12.114,57.243],[12.1112,57.2421],[12.1151,57.2429],[12.1162,57.2407],[12.1137,57.2393],[12.1108,57.2414],[12.1101,57.2396],[12.1084,57.2411],[12.1065,57.2394],[12.1027,57.2424],[12.1035,57.2405],[12.1014,57.2402],[12.0972,57.2421],[12.0933,57.2348],[12.0982,57.2314],[12.1071,57.2292],[12.1083,57.2279],[12.1064,57.2276],[12.1117,57.2262],[12.1163,57.2277],[12.1236,57.2256],[12.1265,57.2242],[12.1255,57.2221],[12.1329,57.2186],[12.1326,57.2169],[12.1442,57.2131],[12.1508,57.2134],[12.1539,57.2156],[12.1609,57.2138],[12.17,57.2152],[12.1697,57.2136],[12.1815,57.215],[12.182,57.2183],[12.2037,57.2256],[12.2098,57.225],[12.2126,57.222],[12.2166,57.2172],[12.2147,57.2172],[12.2143,57.2127],[12.2085,57.2085],[12.2046,57.2088],[12.1918,57.2031],[12.1885,57.2038],[12.1816,57.2024],[12.1793,57.2004],[12.1748,57.2017],[12.1764,57.2002],[12.1737,57.1992],[12.1676,57.2005],[12.1596,57.1966],[12.1553,57.198],[12.1497,57.1931],[12.1529,57.1921],[12.1573,57.1943],[12.1534,57.1878],[12.1661,57.1852],[12.175,57.1859],[12.1808,57.191],[12.1808,57.1895],[12.1874,57.1903],[12.189,57.1867],[12.1988,57.188],[12.2004,57.1908],[12.2042,57.1899],[12.2052,57.187],[12.2112,57.1856],[12.2134,57.181],[12.2114,57.1788],[12.2043,57.1799],[12.2016,57.1774],[12.2053,57.1762],[12.2007,57.1742],[12.2064,57.1697],[12.2161,57.1669],[12.2139,57.1645],[12.2111,57.1657],[12.2159,57.1617],[12.2228,57.1634],[12.2205,57.1614],[12.2253,57.1631],[12.2278,57.1616],[12.2265,57.1539],[12.2172,57.1521],[12.2133,57.1547],[12.2129,57.1521],[12.2105,57.1533],[12.2112,57.151],[12.2083,57.152],[12.206,57.1489],[12.2077,57.1455],[12.2134,57.1469],[12.2129,57.143],[12.2193,57.139],[12.2187,57.1356],[12.2143,57.134],[12.2371,57.1304],[12.2376,57.129],[12.2416,57.131],[12.2446,57.1293],[12.2403,57.1368],[12.2435,57.1369],[12.2428,57.1388],[12.2457,57.138],[12.2491,57.1392],[12.2476,57.1348],[12.2522,57.1326],[12.2543,57.1333],[12.2517,57.1275],[12.2414,57.1275],[12.2416,57.1261],[12.2501,57.1255],[12.25,57.1237],[12.2463,57.1227],[12.2396,57.1234],[12.241,57.1273],[12.2373,57.1276],[12.2385,57.1287],[12.2363,57.1295],[12.2228,57.1261],[12.2109,57.13],[12.2118,57.1278],[12.2024,57.1268],[12.2022,57.1213],[12.1918,57.1225],[12.1905,57.1202],[12.1932,57.1197],[12.1898,57.1152],[12.1942,57.114],[12.1999,57.1174],[12.2047,57.118],[12.2092,57.1144],[12.2124,57.1146],[12.2129,57.1095],[12.2158,57.1105],[12.2144,57.1122],[12.2167,57.114],[12.2327,57.1101],[12.2273,57.1116],[12.2251,57.1158],[12.2284,57.1167],[12.228,57.1195],[12.233,57.1184],[12.2314,57.1208],[12.2359,57.1226],[12.2351,57.1181],[12.2403,57.1168],[12.2382,57.1129],[12.2422,57.1133],[12.2436,57.1156],[12.2466,57.1152],[12.245,57.1095],[12.242,57.1101],[12.2435,57.1085],[12.2396,57.1108],[12.2421,57.1117],[12.2386,57.111],[12.2418,57.1091],[12.2409,57.1078],[12.2331,57.1081],[12.2385,57.1073],[12.2432,57.0977],[12.2388,57.0924],[12.2415,57.0891],[12.2359,57.0885],[12.2357,57.0865],[12.2444,57.0825],[12.2518,57.0848],[12.2549,57.0843],[12.2604,57.0795],[12.2602,57.0767],[12.257,57.0761],[12.2612,57.0746],[12.2579,57.073],[12.2533,57.0745],[12.2553,57.071],[12.2524,57.0705],[12.2524,57.0675],[12.2501,57.0661],[12.2435,57.0661],[12.2417,57.0639],[12.2445,57.0635],[12.2504,57.066],[12.2508,57.0638],[12.2533,57.0637],[12.2676,57.0681],[12.2751,57.0674],[12.2732,57.0653],[12.276,57.0652],[12.277,57.0619],[12.273,57.0598],[12.2748,57.0588],[12.2699,57.0585],[12.271,57.056],[12.2685,57.0563],[12.2743,57.0538],[12.2686,57.0522],[12.2683,57.0507],[12.2754,57.0479],[12.2842,57.0478],[12.2858,57.0457],[12.281,57.0433],[12.2854,57.0423],[12.2842,57.0405],[12.2913,57.0399],[12.2987,57.0337],[12.303,57.0353],[12.3158,57.0337],[12.3161,57.0314],[12.309,57.0286],[12.3131,57.0266],[12.3083,57.0255],[12.3105,57.0233],[12.3287,57.0245],[12.3274,57.0224],[12.3303,57.0219],[12.3297,57.0237],[12.3336,57.022],[12.3348,57.0172],[12.3407,57.0137],[12.339,57.0178],[12.3412,57.0165],[12.343,57.0112],[12.3526,57.0017],[12.3549,56.993],[12.3567,56.9933],[12.3569,56.9846],[12.3515,56.9804],[12.3591,56.9793],[12.3576,56.9749],[12.3541,56.974],[12.3581,56.97],[12.3532,56.9698],[12.3525,56.9673],[12.3479,56.9662],[12.3486,56.9621],[12.3539,56.9571],[12.3505,56.9491],[12.3528,56.9499],[12.351,56.9481],[12.3543,56.9479],[12.3534,56.9419],[12.3581,56.9403],[12.3594,56.935],[12.3557,56.9317],[12.3481,56.9318],[12.3482,56.9291],[12.3499,56.9308],[12.3532,56.9307],[12.353,56.9291],[12.3495,56.9292],[12.36,56.9276],[12.3613,56.9254],[12.3581,56.9271],[12.3542,56.9262],[12.3582,56.9261],[12.3564,56.9229],[12.3664,56.9163],[12.367,56.9195],[12.3705,56.9207],[12.3927,56.9153],[12.403,56.9033],[12.4047,56.9029],[12.405,56.9059],[12.408,56.9073],[12.4161,56.9046],[12.4137,56.903],[12.4158,56.9019],[12.417,56.9037],[12.4189,56.9013],[12.4294,56.9004],[12.4335,56.8971],[12.4378,56.8968],[12.4402,56.8989],[12.4597,56.896],[12.468,56.8847],[12.4658,56.8821],[12.4708,56.8865],[12.4696,56.8858],[12.4661,56.8925],[12.4681,56.8931],[12.4721,56.8875],[12.4863,56.8916],[12.4965,56.8984],[12.4894,56.8913],[12.477,56.8877],[12.473,56.8851],[12.4767,56.887],[12.4774,56.8826],[12.4772,56.8875],[12.4806,56.8865],[12.4905,56.8896],[12.4981,56.8868],[12.5137,56.8759],[12.5142,56.8733],[12.5171,56.8728],[12.5178,56.8685],[12.5213,56.8692],[12.5222,56.8717],[12.5269,56.8719],[12.5338,56.87],[12.5397,56.866],[12.5488,56.8558],[12.5456,56.8504],[12.5436,56.8504],[12.5469,56.8485],[12.5444,56.8441],[12.5466,56.8427],[12.553,56.8423],[12.5561,56.8382],[12.5608,56.8424],[12.5657,56.8418],[12.5687,56.843],[12.578,56.8407],[12.5831,56.8356],[12.5876,56.8355],[12.587,56.8329],[12.5897,56.8338],[12.5909,56.8322],[12.5936,56.8324],[12.6006,56.8274],[12.6005,56.825],[12.6062,56.8234],[12.6088,56.8207],[12.6063,56.8195],[12.6095,56.8186],[12.6126,56.8113],[12.6086,56.8096],[12.6084,56.8046],[12.6037,56.799],[12.6053,56.7965],[12.6088,56.796],[12.6092,56.7938],[12.6111,56.7931],[12.612,56.7946],[12.6149,56.789],[12.6119,56.7818],[12.613,56.7801],[12.6158,56.7803],[12.6146,56.7789],[12.6164,56.7801],[12.6181,56.7793],[12.6148,56.7738],[12.6187,56.7725],[12.619,56.769],[12.629,56.7663],[12.631,56.7643],[12.6285,56.7585],[12.6311,56.7575],[12.6222,56.7511],[12.6247,56.7505],[12.6217,56.7481],[12.6251,56.7479],[12.6227,56.7438],[12.6257,56.7422],[12.6235,56.7405],[12.6294,56.7412],[12.6437,56.732],[12.6449,56.7288],[12.6409,56.7239],[12.6468,56.7204],[12.6593,56.723],[12.6637,56.7206],[12.6608,56.7186],[12.6655,56.7198],[12.6693,56.7181],[12.6814,56.7083],[12.6852,56.6998],[12.6845,56.6972],[12.6787,56.6944],[12.6807,56.6939],[12.6807,56.6885],[12.6779,56.6863],[12.681,56.6804],[12.6875,56.6794],[12.7028,56.6817],[12.7093,56.6811],[12.7237,56.6706],[12.7305,56.6577],[12.7283,56.6479],[12.7226,56.6452],[12.7281,56.6403],[12.7337,56.6421],[12.7393,56.6411],[12.7466,56.646],[12.7606,56.6476],[12.7784,56.6403],[12.7808,56.6404],[12.7759,56.643],[12.7803,56.6408],[12.7879,56.6429],[12.793,56.6427],[12.7903,56.6481],[12.7946,56.6472],[12.794,56.6493],[12.7989,56.6509],[12.811,56.6508],[12.8099,56.6571],[12.8172,56.6597],[12.8253,56.66],[12.8239,56.6615],[12.8277,56.6639],[12.8395,56.6633],[12.8481,56.6588],[12.8468,56.6549],[12.8527,56.6544],[12.8592,56.6578],[12.8497,56.6513],[12.8404,56.6512],[12.8458,56.649],[12.8451,56.6471],[12.8363,56.6486],[12.8532,56.6449],[12.8753,56.6507],[12.8798,56.6501],[12.9052,56.6231],[12.906,56.6148],[12.9103,56.6144],[12.9141,56.6118],[12.9134,56.6067],[12.907,56.6069],[12.9101,56.6049],[12.9093,56.6065],[12.9139,56.6067],[12.913,56.6002],[12.917,56.5976],[12.9206,56.5979],[12.9248,56.593],[12.9285,56.5931],[12.9357,56.5884],[12.9421,56.5705],[12.945,56.5513],[12.9495,56.5486],[12.9458,56.5479],[12.9426,56.5159],[12.9311,56.4859],[12.9154,56.4642],[12.8941,56.4456],[12.8724,56.4342],[12.8608,56.4311],[12.8498,56.4305],[12.8489,56.4065],[12.8709,56.4002],[12.8799,56.3837],[12.9068,56.3801],[12.9364,56.3695],[12.9532,56.3725],[12.9803,56.3704],[12.9918,56.3597],[13.1262,56.3556],[13.1381,56.3596],[13.1885,56.3411],[13.1911,56.3293],[13.2173,56.3278],[13.2533,56.3514],[13.2554,56.3653],[13.311,56.3971],[13.3476,56.3926],[13.3908,56.4204],[13.4464,56.4266],[13.4711,56.4369],[13.4691,56.458],[13.4543,56.4726],[13.4736,56.5249],[13.4447,56.5546],[13.4487,56.5788],[13.4262,56.5812],[13.3682,56.6713],[13.3385,56.6922],[13.3176,56.6898],[13.3158,56.7032],[13.332,56.7131],[13.3208,56.7292],[13.3203,56.7967],[13.3053,56.8179],[13.3059,56.8338],[13.3378,56.8451],[13.3388,56.8791],[13.3666,56.8626],[13.4093,56.8786],[13.437,56.8747],[13.451,56.8858],[13.4732,56.8868],[13.4716,56.8776],[13.493,56.8731],[13.5303,56.8997],[13.5473,56.8936],[13.5607,56.9028],[13.5803,56.8977],[13.606,56.9013],[13.6147,56.9152],[13.6276,56.9162],[13.6693,56.9239],[13.6688,56.9311],[13.6873,56.9363],[13.6992,56.9769],[13.6611,56.996],[13.6348,56.9924],[13.6353,57.0016],[13.6012,57.0226],[13.6096,57.0294],[13.5955,57.0435],[13.6086,57.0547],[13.6081,57.0686],[13.5991,57.0735],[13.579,57.0735],[13.5726,57.0823],[13.5428,57.0879],[13.5323,57.0984],[13.5066,57.092],[13.5026,57.1233],[13.4817,57.1217],[13.4534,57.1098],[13.4567,57.1137],[13.4286,57.1274],[13.3401,57.1185],[13.3353,57.1097],[13.2967,57.1129],[13.2838,57.104],[13.2605,57.0952],[13.2436,57.1089],[13.2275,57.1032],[13.2395,57.0944],[13.2379,57.0815],[13.1712,57.0775],[13.1776,57.055],[13.1615,57.0421],[13.143,57.0421],[13.1285,57.0276],[13.1214,57.0447],[13.1285,57.0638],[13.0947,57.0865],[13.0972,57.0944],[13.0835,57.1053],[13.0875,57.1193],[13.1076,57.1378],[13.0803,57.1362],[13.1027,57.1597],[13.0995,57.1715],[13.0779,57.1695],[13.07,57.161],[13.0504,57.1603],[13.0517,57.1715],[13.0262,57.1682],[13.0275,57.193],[13.0098,57.1878],[12.9895,57.1948],[12.9654,57.1885],[12.9241,57.1904],[12.9124,57.1989],[12.9209,57.2382],[12.9536,57.248],[12.9346,57.2657],[12.93,57.2768],[12.9104,57.2823],[12.8443,57.2774],[12.8044,57.3101],[12.7711,57.2846],[12.7547,57.2899],[12.7397,57.3088],[12.7047,57.3196],[12.6952,57.3442],[12.6736,57.337],[12.6555,57.3424],[12.6278,57.3383],[12.6232,57.3542],[12.5906,57.3542],[12.5843,57.3418],[12.5604,57.3416],[12.5378,57.3295],[12.5332,57.3123],[12.5072,57.2939],[12.4534,57.2857],[12.4273,57.2784],[12.4289,57.3215],[12.3929,57.3358],[12.3875,57.3592],[12.4005,57.3981],[12.4176,57.4048],[12.4079,57.4371],[12.3599,57.4555],[12.3393,57.4492],[12.3247,57.463],[12.3435,57.4856],[12.3134,57.5187],[12.3239,57.5489],[12.3431,57.5614],[12.2762,57.5982],[12.1822,57.5634],[12.1025,57.5665],[12.0912,57.5471],[12.0095,57.5461],[11.9921,57.5645]]]}},
    {"type":"Feature","properties":{"kod":"14","namn":"Västra Götalands län"},"geometry":{"type":"MultiPolygon","coordinates":[[[[11.7848,57.5889],[11.7818,57.5857],[11.7756,57.5871],[11.7742,57.5839],[11.779,57.5841],[11.7747,57.5824],[11.7795,57.5817],[11.7817,57.5781],[11.7774,57.5803],[11.7716,57.5794],[11.7751,57.5782],[11.7726,57.578],[11.7727,57.5765],[11.7761,57.575],[11.7771,57.5761],[11.7787,57.5747],[11.7803,57.5754],[11.7822,57.5736],[11.7757,57.5742],[11.7798,57.5723],[11.7768,57.5709],[11.7762,57.5644],[11.7777,57.5652],[11.7813,57.5627],[11.7929,57.5625],[11.7913,57.5665],[11.7973,57.5658],[11.7907,57.5688],[11.7936,57.574],[11.789,57.5751],[11.7936,57.576],[11.7929,57.5804],[11.7891,57.5822],[11.7919,57.5827],[11.7931,57.5868],[11.7848,57.5889]]],[[[11.8107,57.6119],[11.8004,57.6067],[11.7968,57.6071],[11.795,57.605],[11.799,57.6032],[11.7943,57.6006],[11.7929,57.5973],[11.7897,57.5977],[11.7879,57.5953],[11.7915,57.5967],[11.7915,57.5953],[11.8001,57.5943],[11.8027,57.5922],[11.8169,57.5943],[11.8146,57.5977],[11.8078,57.6004],[11.8102,57.6017],[11.8063,57.6033],[11.8119,57.6052],[11.8084,57.608],[11.8124,57.606],[11.8125,57.6086],[11.8151,57.6053],[11.8186,57.6065],[11.8172,57.6096],[11.82,57.6102],[11.8188,57.6117],[11.8156,57.61],[11.8144,57.6116],[11.8131,57.6088],[11.8107,57.6119]]],[[[11.7698,57.6214],[11.7646,57.6198],[11.7632,57.617],[11.7604,57.6175],[11.7626,57.6185],[11.7596,57.6187],[11.7607,57.6166],[11.7518,57.6131],[11.7694,57.6134],[11.7728,57.6101],[11.7624,57.6035],[11.7571,57.6073],[11.7514,57.6044],[11.7576,57.6012],[11.7623,57.6012],[11.7658,57.6034],[11.7698,57.6017],[11.7775,57.602],[11.7726,57.5988],[11.7779,57.5974],[11.7811,57.599],[11.7838,57.5985],[11.7854,57.602],[11.7909,57.6038],[11.7902,57.6068],[11.7933,57.6089],[11.7933,57.6063],[11.797,57.6146],[11.7896,57.6196],[11.7748,57.6197],[11.7698,57.6214]]],[[[11.8057,57.6371],[11.8042,57.6343],[11.797,57.6339],[11.7945,57.6283],[11.7964,57.6257],[11.8013,57.6262],[11.8081,57.624],[11.8125,57.6284],[11.807,57.628],[11.8131,57.6308],[11.8134,57.6327],[11.8057,57.6371]]],[[[11.7465,57.6513],[11.7442,57.6468],[11.7401,57.6459],[11.7431,57.6451],[11.741,57.6451],[11.734,57.6491],[11.7265,57.6491],[11.7261,57.6472],[11.7314,57.6461],[11.7302,57.6446],[11.7329,57.6434],[11.74,57.6427],[11.7487,57.6393],[11.7527,57.64],[11.7533,57.6426],[11.7558,57.6428],[11.7547,57.6481],[11.757,57.6492],[11.7536,57.6511],[11.7506,57.648],[11.7465,57.6513]]],[[[11.7739,57.6563],[11.7713,57.6546],[11.7726,57.6515],[11.7693,57.6524],[11.771,57.6508],[11.7674,57.6494],[11.7641,57.65],[11.7628,57.6486],[11.7573,57.6504],[11.7563,57.6405],[11.7638,57.6414],[11.7638,57.638],[11.7675,57.6379],[11.7665,57.6367],[11.7687,57.6362],[11.766,57.6353],[11.7681,57.6358],[11.7721,57.6331],[11.7762,57.635],[11.7818,57.6312],[11.7896,57.6424],[11.7873,57.6422],[11.784,57.6467],[11.7836,57.6539],[11.7739,57.6563]]],[[[11.6244,57.7032],[11.6167,57.7032],[11.612,57.7013],[11.6185,57.7004],[11.6115,57.7007],[11.6094,57.6993],[11.608,57.6936],[11.6129,57.6965],[11.6125,57.6955],[11.617,57.6957],[11.6167,57.692],[11.6107,57.6923],[11.6117,57.6907],[11.6139,57.6916],[11.618,57.6905],[11.6194,57.6939],[11.6281,57.6952],[11.6355,57.6917],[11.635,57.6892],[11.6304,57.6882],[11.6309,57.6861],[11.6357,57.6844],[11.6338,57.6823],[11.6415,57.679],[11.6464,57.6809],[11.6444,57.6823],[11.6477,57.6818],[11.6464,57.6827],[11.6495,57.6837],[11.6485,57.6815],[11.6522,57.6806],[11.6568,57.6835],[11.6632,57.6815],[11.6659,57.6772],[11.6684,57.6801],[11.6718,57.6797],[11.6699,57.6813],[11.6745,57.6804],[11.6752,57.683],[11.6733,57.6839],[11.6723,57.6823],[11.6659,57.6872],[11.6701,57.6895],[11.6688,57.6936],[11.6665,57.6953],[11.6669,57.6941],[11.6657,57.695],[11.6626,57.6936],[11.6659,57.6954],[11.6644,57.6977],[11.6669,57.7004],[11.6573,57.7002],[11.6576,57.6982],[11.6467,57.7002],[11.6452,57.6973],[11.6423,57.6969],[11.6397,57.6993],[11.6411,57.7003],[11.6366,57.7],[11.6365,57.7019],[11.6244,57.7032]]],[[[11.631,57.728],[11.6291,57.7269],[11.6358,57.7255],[11.6313,57.723],[11.6345,57.7217],[11.632,57.7208],[11.6366,57.7193],[11.6274,57.7196],[11.6287,57.7176],[11.6234,57.717],[11.6291,57.7162],[11.6328,57.7135],[11.6295,57.7118],[11.6324,57.71],[11.635,57.7109],[11.6316,57.7094],[11.6356,57.7073],[11.6307,57.7068],[11.6322,57.7048],[11.639,57.704],[11.6393,57.7023],[11.6466,57.7003],[11.6522,57.7048],[11.6568,57.7038],[11.6612,57.7053],[11.6618,57.7038],[11.6619,57.7056],[11.6575,57.7056],[11.6572,57.7067],[11.6594,57.706],[11.6566,57.7072],[11.6663,57.7066],[11.6658,57.7091],[11.6635,57.7103],[11.6607,57.7093],[11.6582,57.7109],[11.6591,57.7144],[11.6567,57.7157],[11.6587,57.7168],[11.655,57.7231],[11.6516,57.7239],[11.6532,57.7255],[11.6507,57.7241],[11.6504,57.7254],[11.6474,57.7246],[11.6415,57.727],[11.631,57.728]]],[[[11.6427,57.7441],[11.6419,57.742],[11.6444,57.741],[11.6421,57.7395],[11.6481,57.7367],[11.6427,57.7376],[11.6462,57.735],[11.642,57.7331],[11.6536,57.7292],[11.651,57.7288],[11.6534,57.7255],[11.6569,57.7282],[11.6544,57.7312],[11.6569,57.7318],[11.6595,57.7296],[11.6618,57.7324],[11.6587,57.7327],[11.66,57.734],[11.6552,57.7366],[11.6574,57.7368],[11.6545,57.7424],[11.6501,57.7441],[11.6427,57.7441]]],[[[11.6865,57.7589],[11.6799,57.7575],[11.6825,57.7555],[11.672,57.7559],[11.6752,57.7532],[11.6703,57.7524],[11.6754,57.7423],[11.6708,57.7434],[11.666,57.7419],[11.6683,57.7409],[11.6665,57.7367],[11.6693,57.7335],[11.6706,57.7345],[11.6741,57.733],[11.672,57.7334],[11.6703,57.7283],[11.6731,57.7223],[11.6755,57.7225],[11.6824,57.7187],[11.68,57.7172],[11.6865,57.7102],[11.6908,57.7126],[11.6887,57.7133],[11.6918,57.7169],[11.6889,57.7194],[11.6904,57.7235],[11.687,57.724],[11.6879,57.7282],[11.6855,57.7306],[11.6896,57.7277],[11.6922,57.7281],[11.6892,57.7299],[11.693,57.7308],[11.6927,57.734],[11.6958,57.7345],[11.6941,57.7366],[11.6986,57.7357],[11.6977,57.7377],[11.7029,57.7403],[11.7024,57.7426],[11.6986,57.7437],[11.6941,57.7414],[11.6905,57.7423],[11.6927,57.7455],[11.6895,57.749],[11.6912,57.7528],[11.687,57.7536],[11.6865,57.7589]]],[[[11.6015,57.793],[11.5996,57.7922],[11.6013,57.7913],[11.5973,57.7907],[11.6024,57.7896],[11.598,57.783],[11.6007,57.7721],[11.6064,57.7693],[11.6149,57.7725],[11.6177,57.7705],[11.6163,57.7736],[11.6204,57.7711],[11.6218,57.7733],[11.6248,57.7723],[11.6231,57.7712],[11.6258,57.7711],[11.6262,57.7746],[11.6208,57.7768],[11.6223,57.7789],[11.6189,57.7812],[11.6169,57.7807],[11.6153,57.7836],[11.6135,57.781],[11.61,57.7891],[11.6015,57.793]]],[[[11.5946,57.8813],[11.5831,57.8792],[11.5888,57.8773],[11.5821,57.878],[11.5772,57.8765],[11.579,57.8752],[11.5744,57.8752],[11.5783,57.8718],[11.5739,57.8735],[11.5658,57.8719],[11.5659,57.8692],[11.5743,57.8666],[11.565,57.8683],[11.559,57.865],[11.5633,57.8637],[11.5651,57.8649],[11.571,57.8618],[11.5753,57.8632],[11.5776,57.8601],[11.5803,57.86],[11.5848,57.8612],[11.5874,57.8664],[11.5929,57.8633],[11.5903,57.8634],[11.5835,57.8565],[11.6,57.8554],[11.6074,57.8586],[11.607,57.8617],[11.6103,57.8605],[11.6112,57.8636],[11.619,57.8644],[11.6152,57.868],[11.6214,57.8708],[11.6237,57.8686],[11.6303,57.8713],[11.6133,57.8785],[11.5947,57.8786],[11.5946,57.8813]]],[[[11.5672,57.8911],[11.5582,57.8902],[11.5552,57.8881],[11.5612,57.8881],[11.5668,57.8858],[11.5677,57.8833],[11.571,57.8839],[11.5748,57.8821],[11.5869,57.8834],[11.585,57.8834],[11.583,57.8889],[11.5672,57.8911]]],[[[11.6007,57.9022],[11.5787,57.8996],[11.5775,57.8988],[11.582,57.8992],[11.5849,57.8977],[11.5743,57.8923],[11.5803,57.8909],[11.5791,57.89],[11.589,57.8901],[11.5865,57.8876],[11.59,57.8847],[11.5972,57.8884],[11.6009,57.8876],[11.5984,57.8854],[11.6017,57.8861],[11.5994,57.8841],[11.6069,57.8879],[11.6143,57.8884],[11.6083,57.8849],[11.6057,57.886],[11.5998,57.883],[11.6084,57.8799],[11.6241,57.8795],[11.6422,57.8811],[11.6388,57.8851],[11.6331,57.8861],[11.633,57.891],[11.6299,57.8945],[11.6248,57.8962],[11.6262,57.8984],[11.6227,57.8993],[11.623,57.9009],[11.6164,57.9007],[11.611,57.8985],[11.6136,57.9018],[11.6089,57.9001],[11.6102,57.9012],[11.604,57.9005],[11.6007,57.9022]]],[[[11.637,57.906],[11.6291,57.9045],[11.6289,57.9025],[11.6342,57.9035],[11.6284,57.8991],[11.6342,57.8946],[11.6317,57.8931],[11.6388,57.8927],[11.6364,57.8911],[11.6383,57.8911],[11.6381,57.8887],[11.6435,57.8849],[11.6468,57.8858],[11.6457,57.8832],[11.6481,57.8825],[11.6538,57.8862],[11.6538,57.8919],[11.6605,57.8917],[11.6575,57.8936],[11.6522,57.893],[11.6627,57.8962],[11.6643,57.8983],[11.6588,57.8994],[11.6669,57.9033],[11.6625,57.9031],[11.6626,57.9044],[11.6579,57.9057],[11.654,57.9021],[11.6519,57.9015],[11.6512,57.903],[11.6482,57.9014],[11.6472,57.9032],[11.6524,57.9061],[11.6461,57.9054],[11.6476,57.9064],[11.6457,57.9067],[11.6428,57.9044],[11.6352,57.9038],[11.637,57.906]]],[[[11.7135,57.9266],[11.7069,57.9281],[11.7039,57.9265],[11.6927,57.9257],[11.6726,57.9268],[11.6626,57.9238],[11.6687,57.9223],[11.6807,57.9227],[11.6851,57.9216],[11.6811,57.9185],[11.6916,57.9174],[11.6925,57.9197],[11.6967,57.9205],[11.7095,57.92],[11.7245,57.9224],[11.7212,57.9248],[11.7135,57.9266]]],[[[11.6175,57.9342],[11.6017,57.931],[11.6057,57.93],[11.5998,57.929],[11.6026,57.9269],[11.6014,57.9243],[11.6103,57.9234],[11.6195,57.9258],[11.6175,57.9262],[11.6219,57.9262],[11.6235,57.9304],[11.6175,57.9342]]],[[[11.7172,57.9504],[11.7149,57.9505],[11.7143,57.9485],[11.7179,57.947],[11.7169,57.9439],[11.7211,57.9432],[11.7175,57.9413],[11.7191,57.9375],[11.7212,57.9386],[11.7324,57.9344],[11.7388,57.9354],[11.7391,57.9433],[11.7361,57.9459],[11.7263,57.9462],[11.7224,57.9499],[11.7172,57.9504]]],[[[11.4948,58.0308],[11.494,58.028],[11.4856,58.029],[11.4863,58.0258],[11.49,58.0269],[11.4909,58.0259],[11.4878,58.0249],[11.4861,58.0186],[11.4862,58.0218],[11.4833,58.0223],[11.4803,58.0146],[11.4773,58.0126],[11.4772,58.014],[11.476,58.0114],[11.4779,58.0115],[11.4751,58.01],[11.4752,58.0068],[11.4784,58.0055],[11.4745,58.0041],[11.4807,58.0008],[11.4862,58.0076],[11.4854,58.0118],[11.4876,58.0106],[11.4899,58.0129],[11.4879,58.0164],[11.4896,58.0155],[11.4923,58.0175],[11.4964,58.0181],[11.4982,58.0166],[11.5005,58.0178],[11.5018,58.0153],[11.5058,58.0155],[11.5088,58.009],[11.5051,58.0051],[11.5115,58.0064],[11.5129,58.0134],[11.5105,58.0134],[11.5134,58.0163],[11.5115,58.0251],[11.5025,58.0296],[11.4981,58.0289],[11.4948,58.0308]]],[[[11.4544,58.0739],[11.4494,58.0732],[11.452,58.071],[11.4433,58.0645],[11.4577,58.0652],[11.4521,58.0619],[11.4554,58.0615],[11.4531,58.0583],[11.4667,58.0571],[11.4704,58.0618],[11.4718,58.0597],[11.473,58.0622],[11.4752,58.062],[11.4749,58.0642],[11.4708,58.066],[11.4657,58.0659],[11.4714,58.0701],[11.4627,58.0738],[11.459,58.0717],[11.4544,58.0739]]],[[[11.7334,58.0753],[11.7272,58.0749],[11.7195,58.0698],[11.7135,58.0696],[11.7126,58.0668],[11.7001,58.0675],[11.6983,58.0647],[11.6925,58.0636],[11.6881,58.0606],[11.6846,58.0606],[11.6883,58.0622],[11.6874,58.0646],[11.6823,58.064],[11.6801,58.0656],[11.6779,58.0638],[11.6808,58.0636],[11.6773,58.0633],[11.6767,58.0602],[11.6707,58.0598],[11.6678,58.0565],[11.6599,58.0592],[11.6594,58.0582],[11.6508,58.0598],[11.6455,58.0597],[11.643,58.0573],[11.6408,58.061],[11.6336,58.0621],[11.6302,58.0606],[11.6257,58.0627],[11.6237,58.0588],[11.6267,58.0558],[11.6247,58.0545],[11.6286,58.0526],[11.6265,58.0513],[11.6225,58.0512],[11.6185,58.0533],[11.6155,58.052],[11.613,58.0532],[11.6082,58.0521],[11.6065,58.0547],[11.6037,58.0528],[11.5974,58.0525],[11.5965,58.0509],[11.5953,58.0521],[11.593,58.0492],[11.5923,58.0512],[11.5871,58.052],[11.5889,58.055],[11.5869,58.055],[11.5857,58.0582],[11.582,58.0557],[11.5804,58.0577],[11.5755,58.0557],[11.5664,58.0486],[11.565,58.0588],[11.5672,58.0592],[11.5685,58.0634],[11.5564,58.0651],[11.5519,58.0631],[11.5483,58.064],[11.5452,58.0601],[11.5357,58.0573],[11.5322,58.0551],[11.533,58.0534],[11.5268,58.0535],[11.5242,58.0506],[11.5214,58.0507],[11.5243,58.0519],[11.5219,58.0533],[11.5138,58.0553],[11.5131,58.0538],[11.5081,58.0534],[11.5102,58.0515],[11.5033,58.0495],[11.5042,58.0466],[11.5162,58.0466],[11.5174,58.048],[11.5201,58.047],[11.5236,58.0484],[11.5211,58.0456],[11.514,58.0464],[11.5149,58.045],[11.511,58.0441],[11.5104,58.0455],[11.508,58.0452],[11.5032,58.0409],[11.5096,58.0327],[11.5092,58.0302],[11.5198,58.0296],[11.5172,58.0251],[11.5226,58.0231],[11.5199,58.0194],[11.519,58.0206],[11.5145,58.0197],[11.5166,58.0106],[11.5201,58.0113],[11.5229,58.0144],[11.5274,58.0117],[11.5272,58.0136],[11.5301,58.0138],[11.5304,58.016],[11.533,58.0147],[11.5338,58.0165],[11.5361,58.0151],[11.5334,58.0145],[11.5451,58.0126],[11.5544,58.0171],[11.558,58.0165],[11.5643,58.0195],[11.5686,58.019],[11.5747,58.0233],[11.5801,58.0213],[11.5908,58.0225],[11.5736,58.0191],[11.571,58.0166],[11.5649,58.0164],[11.563,58.0137],[11.557,58.0143],[11.5515,58.0119],[11.5628,58.0105],[11.5629,58.0134],[11.5688,58.0127],[11.5711,58.0164],[11.5789,58.0141],[11.5825,58.0085],[11.5867,58.007],[11.5841,58.0041],[11.5877,58.0021],[11.5852,58.0001],[11.5784,57.9997],[11.5766,58.0038],[11.5722,58.0042],[11.5701,58.0065],[11.5662,58.0063],[11.5671,58.0044],[11.5633,58.0031],[11.5661,58.0009],[11.5592,58.0012],[11.5609,58.0037],[11.5571,58.0022],[11.5579,58.0069],[11.5546,58.0075],[11.5489,58.0055],[11.5478,58.0073],[11.5423,58.0064],[11.5396,58.0045],[11.5415,58.0028],[11.5353,58.0013],[11.5368,57.9978],[11.5404,57.9964],[11.5395,57.9935],[11.5449,57.9951],[11.5479,57.9943],[11.5439,57.9919],[11.5482,57.9869],[11.5408,57.9892],[11.5423,57.9905],[11.5399,57.9903],[11.5383,57.9857],[11.543,57.9798],[11.5466,57.9796],[11.5376,57.9772],[11.5376,57.9793],[11.5315,57.9793],[11.5319,57.975],[11.5281,57.9718],[11.5353,57.9714],[11.5382,57.9743],[11.5504,57.9736],[11.5396,57.9709],[11.542,57.9693],[11.5398,57.968],[11.5414,57.9686],[11.5431,57.9667],[11.5348,57.9596],[11.5383,57.9587],[11.5386,57.9606],[11.5414,57.9604],[11.5407,57.9578],[11.5496,57.9609],[11.5457,57.9574],[11.5586,57.9578],[11.5582,57.9592],[11.5633,57.9586],[11.5674,57.9603],[11.568,57.9591],[11.5697,57.963],[11.572,57.9614],[11.5741,57.9623],[11.5803,57.9609],[11.5628,57.952],[11.567,57.9486],[11.5659,57.9467],[11.5708,57.947],[11.5732,57.9448],[11.5633,57.9453],[11.5642,57.944],[11.5598,57.9433],[11.5755,57.9399],[11.5765,57.942],[11.5794,57.9414],[11.575,57.9361],[11.5797,57.9332],[11.5929,57.9323],[11.5914,57.9346],[11.6062,57.9368],[11.6066,57.9383],[11.6101,57.937],[11.6143,57.9384],[11.6176,57.9428],[11.6251,57.9471],[11.6296,57.9474],[11.6266,57.9491],[11.6327,57.9515],[11.6305,57.952],[11.6345,57.9552],[11.6274,57.9568],[11.6264,57.9594],[11.6335,57.9596],[11.6315,57.9632],[11.6371,57.963],[11.6381,57.9597],[11.6535,57.9634],[11.6641,57.9626],[11.6661,57.9612],[11.6854,57.969],[11.6852,57.9711],[11.6887,57.9722],[11.6868,57.9725],[11.688,57.9745],[11.6772,57.9766],[11.6735,57.9751],[11.6717,57.9774],[11.6756,57.9816],[11.6829,57.9791],[11.6834,57.9837],[11.694,57.9827],[11.6917,57.9858],[11.6939,57.987],[11.6913,57.988],[11.6932,57.9892],[11.6974,57.9886],[11.6955,57.9902],[11.6986,57.9905],[11.6936,57.9919],[11.697,57.9941],[11.6902,57.9986],[11.6924,58.0014],[11.6854,58.0017],[11.6784,58.0061],[11.6831,58.0083],[11.6865,58.0062],[11.702,58.0031],[11.6944,58.0107],[11.7078,58.0099],[11.7098,58.011],[11.7065,58.0125],[11.7133,58.0174],[11.7091,58.0218],[11.7183,58.0227],[11.7229,58.021],[11.7261,58.0134],[11.7231,58.0122],[11.7218,58.007],[11.7231,58.0058],[11.7297,58.007],[11.7291,58.0053],[11.7101,58.0001],[11.7096,57.9978],[11.7179,57.9942],[11.7177,57.9921],[11.7247,57.9908],[11.7325,57.9927],[11.7329,57.9948],[11.7377,57.9955],[11.7447,57.9998],[11.7414,58.0016],[11.7567,58.0063],[11.7626,58.0164],[11.7646,58.0257],[11.762,58.0284],[11.7656,58.0296],[11.7663,58.0348],[11.7648,58.0367],[11.7617,58.0343],[11.7571,58.0358],[11.7562,58.0418],[11.7605,58.0395],[11.7636,58.0416],[11.7596,58.0474],[11.7531,58.0482],[11.7575,58.0491],[11.7577,58.053],[11.7633,58.0577],[11.7595,58.0585],[11.7583,58.0616],[11.7524,58.0648],[11.7565,58.0668],[11.7579,58.073],[11.7539,58.0723],[11.7523,58.0748],[11.7504,58.0712],[11.7398,58.0686],[11.7377,58.0659],[11.7356,58.0675],[11.738,58.0734],[11.7328,58.0709],[11.7312,58.0716],[11.7334,58.0753]]],[[[11.802,58.0777],[11.7942,58.0728],[11.799,58.0721],[11.8011,58.0698],[11.792,58.0678],[11.7926,58.0642],[11.7903,58.0633],[11.7951,58.0583],[11.7992,58.0585],[11.8017,58.0563],[11.8036,58.0583],[11.801,58.0592],[11.8101,58.0648],[11.8108,58.068],[11.8083,58.0698],[11.8122,58.0712],[11.8126,58.074],[11.8087,58.0747],[11.8078,58.0769],[11.802,58.0777]]],[[[11.6913,58.0957],[11.6876,58.0935],[11.6818,58.0943],[11.6819,58.0922],[11.6726,58.0936],[11.6634,58.0922],[11.6609,58.0858],[11.675,58.0869],[11.6717,58.0845],[11.6818,58.0843],[11.6835,58.0807],[11.6694,58.0824],[11.6575,58.0799],[11.6558,58.0821],[11.6512,58.082],[11.6446,58.0775],[11.6441,58.0756],[11.6454,58.0744],[11.6475,58.0753],[11.6473,58.0738],[11.6413,58.0699],[11.642,58.067],[11.6467,58.0674],[11.6453,58.0625],[11.6579,58.0638],[11.661,58.0604],[11.6661,58.0596],[11.6763,58.0617],[11.6748,58.0636],[11.6796,58.0659],[11.6894,58.066],[11.6968,58.0682],[11.6998,58.0675],[11.7059,58.0698],[11.7076,58.0721],[11.7051,58.0739],[11.6988,58.0689],[11.6963,58.0752],[11.7053,58.077],[11.7092,58.0871],[11.7005,58.0942],[11.6913,58.0957]]],[[[11.5063,58.0998],[11.502,58.0969],[11.4965,58.0867],[11.4955,58.0797],[11.4979,58.0768],[11.4959,58.0731],[11.4967,58.0702],[11.5032,58.0701],[11.4976,58.0677],[11.4981,58.0655],[11.5003,58.0656],[11.4982,58.0638],[11.5082,58.063],[11.5119,58.0591],[11.5149,58.0586],[11.5202,58.061],[11.5264,58.0612],[11.5287,58.0634],[11.5322,58.0629],[11.5373,58.0657],[11.5356,58.0691],[11.5387,58.0701],[11.5348,58.0706],[11.5282,58.0675],[11.5314,58.0656],[11.5249,58.0639],[11.5231,58.0654],[11.5296,58.0684],[11.5284,58.072],[11.5393,58.0727],[11.5426,58.0742],[11.5419,58.0761],[11.5483,58.0816],[11.5404,58.0835],[11.5281,58.0905],[11.525,58.0897],[11.5267,58.091],[11.5234,58.0932],[11.5205,58.0927],[11.5063,58.0998]]],[[[11.7493,58.1015],[11.7427,58.0997],[11.7403,58.0967],[11.7335,58.0956],[11.7293,58.0894],[11.7294,58.0876],[11.7338,58.0866],[11.733,58.0851],[11.7363,58.0858],[11.7385,58.0818],[11.7443,58.0842],[11.7443,58.08],[11.7503,58.0813],[11.7496,58.0844],[11.7467,58.0854],[11.7538,58.0865],[11.7571,58.0918],[11.7517,58.0995],[11.7527,58.1012],[11.7493,58.1015]]],[[[11.5833,58.1033],[11.5799,58.103],[11.579,58.0994],[11.5734,58.1011],[11.5702,58.0997],[11.5666,58.096],[11.5682,58.0937],[11.5598,58.0885],[11.5608,58.0857],[11.5644,58.0843],[11.5695,58.085],[11.5729,58.0874],[11.5709,58.0842],[11.5752,58.0836],[11.5743,58.0821],[11.5804,58.0868],[11.584,58.0851],[11.5878,58.0899],[11.5878,58.0922],[11.5844,58.0928],[11.588,58.0945],[11.5837,58.0988],[11.5879,58.1025],[11.5833,58.1033]]],[[[11.7623,58.1083],[11.7568,58.1067],[11.7583,58.1036],[11.7553,58.1001],[11.7612,58.0941],[11.7655,58.0819],[11.7742,58.0812],[11.7735,58.0838],[11.7772,58.0835],[11.779,58.0855],[11.7782,58.0903],[11.7843,58.0898],[11.7868,58.0929],[11.7902,58.0906],[11.7948,58.0941],[11.7913,58.099],[11.7889,58.0993],[11.7869,58.0972],[11.783,58.103],[11.7783,58.1055],[11.7623,58.1083]]],[[[11.3976,58.1851],[11.3966,58.1827],[11.3931,58.1834],[11.3918,58.1817],[11.3873,58.1829],[11.3883,58.1801],[11.3864,58.1787],[11.3833,58.1793],[11.3835,58.1757],[11.3924,58.1715],[11.3847,58.1738],[11.3807,58.1705],[11.3794,58.1712],[11.3788,58.169],[11.3756,58.1684],[11.3767,58.165],[11.3728,58.1629],[11.3718,58.1574],[11.3704,58.1599],[11.3612,58.1557],[11.3586,58.1524],[11.3622,58.1512],[11.3531,58.1472],[11.3471,58.14],[11.3507,58.138],[11.3526,58.1391],[11.353,58.1352],[11.3525,58.1416],[11.3606,58.1382],[11.3633,58.1386],[11.3626,58.1397],[11.3673,58.1382],[11.3717,58.1388],[11.3703,58.14],[11.3744,58.1398],[11.3733,58.1447],[11.3794,58.144],[11.3824,58.1476],[11.3861,58.147],[11.3873,58.1438],[11.3905,58.145],[11.3926,58.1498],[11.3875,58.1505],[11.3876,58.1568],[11.3949,58.1635],[11.393,58.1661],[11.3978,58.1743],[11.4004,58.1729],[11.4038,58.1758],[11.4043,58.1821],[11.4018,58.1845],[11.3976,58.1851]]],[[[11.4774,58.2101],[11.4761,58.2089],[11.4797,58.2086],[11.4734,58.2079],[11.4702,58.2008],[11.4744,58.1994],[11.4715,58.1979],[11.4715,58.1927],[11.4745,58.1916],[11.4851,58.1956],[11.4871,58.1994],[11.4835,58.1989],[11.4818,58.2017],[11.4857,58.2074],[11.4823,58.2073],[11.4774,58.2101]]],[[[11.5193,58.2391],[11.5134,58.2386],[11.5012,58.2334],[11.4866,58.2303],[11.482,58.2201],[11.4868,58.2197],[11.4882,58.2181],[11.4782,58.213],[11.4775,58.2107],[11.4805,58.2093],[11.4931,58.2097],[11.5013,58.2076],[11.5104,58.2112],[11.5089,58.2142],[11.5055,58.2152],[11.5115,58.2142],[11.5211,58.218],[11.5163,58.2142],[11.5282,58.2141],[11.5336,58.2161],[11.5328,58.2146],[11.5387,58.2153],[11.5384,58.2175],[11.5322,58.2162],[11.5303,58.2186],[11.5262,58.2192],[11.5262,58.2234],[11.5189,58.2264],[11.5275,58.2233],[11.5317,58.224],[11.5372,58.2256],[11.5369,58.2272],[11.5433,58.2276],[11.5441,58.2301],[11.5481,58.2294],[11.5531,58.2342],[11.5434,58.2362],[11.5411,58.2389],[11.53,58.2342],[11.531,58.2362],[11.5193,58.2391]]],[[[11.3881,58.248],[11.3856,58.2476],[11.3856,58.2447],[11.3785,58.2435],[11.3756,58.2413],[11.3775,58.2402],[11.3821,58.2412],[11.3774,58.2382],[11.3783,58.2365],[11.3856,58.2395],[11.3805,58.2331],[11.388,58.2313],[11.393,58.2277],[11.3975,58.2378],[11.3957,58.2398],[11.3921,58.2392],[11.3908,58.2415],[11.388,58.241],[11.3881,58.248]]],[[[11.6104,58.2617],[11.6005,58.2592],[11.6069,58.2532],[11.5938,58.2429],[11.6063,58.2458],[11.6068,58.2482],[11.6158,58.2514],[11.6133,58.2547],[11.619,58.2547],[11.624,58.259],[11.6226,58.2608],[11.6104,58.2617]]],[[[11.4889,58.2643],[11.4825,58.264],[11.4834,58.2622],[11.4745,58.2597],[11.4752,58.2571],[11.4651,58.256],[11.4627,58.2452],[11.4801,58.2397],[11.4651,58.2436],[11.4605,58.2406],[11.4614,58.2481],[11.4578,58.2504],[11.454,58.2476],[11.4469,58.2475],[11.4455,58.25],[11.4375,58.248],[11.4374,58.2459],[11.4271,58.2409],[11.4293,58.2401],[11.4267,58.2362],[11.4315,58.2356],[11.4258,58.231],[11.4266,58.2292],[11.4188,58.2278],[11.4155,58.225],[11.417,58.2234],[11.4144,58.2207],[11.4203,58.2114],[11.4258,58.2092],[11.4305,58.2099],[11.4259,58.2072],[11.4157,58.2075],[11.4083,58.2048],[11.4052,58.2013],[11.4076,58.1995],[11.4047,58.1979],[11.4059,58.1965],[11.4231,58.2001],[11.4284,58.2052],[11.4325,58.2038],[11.4379,58.2065],[11.4366,58.2084],[11.4409,58.2072],[11.4466,58.2107],[11.4414,58.2051],[11.4346,58.2043],[11.4344,58.2024],[11.4399,58.1993],[11.4417,58.2024],[11.4463,58.1993],[11.4474,58.2006],[11.4526,58.2005],[11.4608,58.2044],[11.4671,58.2104],[11.4644,58.2048],[11.4718,58.2079],[11.4781,58.2141],[11.476,58.2157],[11.4701,58.2124],[11.4748,58.2166],[11.4792,58.2285],[11.4762,58.2349],[11.48,58.2379],[11.4812,58.2367],[11.488,58.2383],[11.4953,58.2472],[11.4953,58.2503],[11.4972,58.2503],[11.4961,58.2538],[11.5005,58.2549],[11.5023,58.2575],[11.5019,58.2615],[11.4977,58.2623],[11.4971,58.261],[11.4893,58.2602],[11.4889,58.2643]]],[[[11.7031,58.3048],[11.6957,58.3039],[11.6934,58.3011],[11.6865,58.3001],[11.6905,58.2972],[11.6858,58.2966],[11.6853,58.2946],[11.693,58.2959],[11.6932,58.2943],[11.7005,58.2946],[11.7016,58.2931],[11.6904,58.2908],[11.6852,58.2881],[11.6843,58.2792],[11.6817,58.2791],[11.6812,58.2826],[11.6774,58.2812],[11.681,58.2734],[11.6899,58.2698],[11.6851,58.2666],[11.6808,58.2663],[11.6768,58.2595],[11.6785,58.2518],[11.6841,58.2504],[11.6816,58.2499],[11.6822,58.2476],[11.6791,58.2456],[11.6797,58.2365],[11.6787,58.24],[11.6776,58.2386],[11.675,58.2404],[11.6759,58.2424],[11.67,58.242],[11.6645,58.2462],[11.6625,58.2447],[11.6602,58.2463],[11.6597,58.2438],[11.6508,58.2473],[11.634,58.2443],[11.642,58.2512],[11.6188,58.2489],[11.612,58.2455],[11.6138,58.2436],[11.6009,58.2401],[11.6008,58.2385],[11.6065,58.2382],[11.6064,58.2371],[11.5899,58.2347],[11.5834,58.2314],[11.5843,58.2248],[11.5819,58.2244],[11.581,58.2284],[11.5783,58.2288],[11.5539,58.216],[11.5506,58.2126],[11.5457,58.2118],[11.5405,58.2069],[11.5406,58.2021],[11.534,58.1986],[11.5273,58.199],[11.5332,58.2036],[11.5235,58.2005],[11.5238,58.2027],[11.5178,58.2012],[11.5191,58.2038],[11.5149,58.2022],[11.5091,58.2043],[11.5056,58.2014],[11.502,58.203],[11.497,58.2022],[11.5017,58.2051],[11.5002,58.2065],[11.4938,58.2043],[11.4962,58.2035],[11.4925,58.2006],[11.4956,58.1959],[11.489,58.1953],[11.483,58.1915],[11.4739,58.1907],[11.467,58.1831],[11.4645,58.1849],[11.4612,58.1844],[11.4671,58.1803],[11.4602,58.1798],[11.4575,58.1694],[11.4513,58.175],[11.4443,58.1706],[11.4443,58.1678],[11.4338,58.1679],[11.4401,58.169],[11.4506,58.1754],[11.4474,58.1772],[11.4442,58.1763],[11.4439,58.1781],[11.4363,58.1775],[11.4367,58.1796],[11.4313,58.1784],[11.4301,58.1797],[11.4252,58.1796],[11.4207,58.1778],[11.4208,58.1761],[11.4176,58.1785],[11.4092,58.172],[11.4073,58.1664],[11.4127,58.1677],[11.416,58.1717],[11.4196,58.1721],[11.4097,58.1614],[11.4123,58.1562],[11.4185,58.1593],[11.4243,58.166],[11.4264,58.1651],[11.4333,58.1678],[11.4337,58.1659],[11.4258,58.1641],[11.4211,58.1586],[11.4219,58.1563],[11.426,58.1554],[11.4209,58.1555],[11.4238,58.1541],[11.4202,58.1536],[11.4207,58.1521],[11.418,58.1546],[11.413,58.1516],[11.4129,58.1504],[11.4187,58.149],[11.4158,58.1452],[11.4114,58.1498],[11.4095,58.1494],[11.4067,58.1444],[11.4101,58.1399],[11.4095,58.1338],[11.4143,58.1343],[11.4167,58.1394],[11.4198,58.139],[11.4191,58.1365],[11.4232,58.1364],[11.4178,58.1324],[11.4237,58.131],[11.4221,58.1245],[11.4256,58.1215],[11.4352,58.1253],[11.4312,58.1223],[11.4346,58.1218],[11.4376,58.1236],[11.4395,58.1222],[11.4406,58.1254],[11.4469,58.1289],[11.4411,58.1242],[11.4429,58.1206],[11.4456,58.1211],[11.4447,58.1194],[11.4532,58.1168],[11.4502,58.1156],[11.4548,58.1153],[11.4575,58.1177],[11.4679,58.1164],[11.4661,58.1118],[11.4632,58.1106],[11.4724,58.1056],[11.4688,58.1036],[11.4686,58.101],[11.48,58.0973],[11.4818,58.0949],[11.4865,58.0974],[11.4909,58.0962],[11.4813,58.0926],[11.4754,58.0939],[11.4676,58.0923],[11.458,58.0872],[11.4626,58.0876],[11.4609,58.0845],[11.4631,58.0846],[11.4668,58.0889],[11.4702,58.089],[11.4666,58.0821],[11.4703,58.0811],[11.475,58.0821],[11.476,58.0791],[11.4715,58.0782],[11.4751,58.0775],[11.4703,58.0758],[11.4644,58.0755],[11.4686,58.0726],[11.4711,58.0736],[11.4702,58.0724],[11.4751,58.0697],[11.4846,58.0706],[11.4838,58.074],[11.4874,58.0711],[11.4912,58.0731],[11.4911,58.0789],[11.487,58.0841],[11.4925,58.087],[11.4921,58.0912],[11.4958,58.0942],[11.4922,58.0947],[11.4972,58.0957],[11.499,58.1021],[11.4867,58.1139],[11.4732,58.1215],[11.4703,58.1257],[11.494,58.1118],[11.495,58.1096],[11.5027,58.107],[11.5027,58.1057],[11.5078,58.1051],[11.5113,58.1014],[11.5183,58.0998],[11.5212,58.0959],[11.5259,58.0949],[11.5246,58.0938],[11.5286,58.0933],[11.5291,58.0916],[11.5364,58.0918],[11.5446,58.0863],[11.5517,58.0879],[11.5542,58.0856],[11.5579,58.0856],[11.5566,58.0865],[11.5594,58.0875],[11.5558,58.0876],[11.5595,58.0894],[11.5654,58.0975],[11.5716,58.1114],[11.5787,58.1159],[11.5817,58.1208],[11.5905,58.1211],[11.5901,58.1192],[11.5836,58.1182],[11.5816,58.1148],[11.5941,58.117],[11.6006,58.1216],[11.6001,58.125],[11.5938,58.1245],[11.5908,58.1227],[11.596,58.1286],[11.6033,58.1291],[11.6,58.1265],[11.6016,58.1261],[11.6229,58.1346],[11.6266,58.1334],[11.6308,58.1283],[11.6332,58.1287],[11.6406,58.1245],[11.6489,58.126],[11.6537,58.1249],[11.6544,58.1219],[11.6495,58.1213],[11.6478,58.1193],[11.655,58.1189],[11.6582,58.121],[11.6598,58.1194],[11.6583,58.1168],[11.6466,58.1193],[11.6415,58.1165],[11.636,58.1165],[11.6381,58.1157],[11.636,58.1146],[11.6388,58.1123],[11.6373,58.1109],[11.6438,58.1108],[11.635,58.1075],[11.6369,58.1054],[11.6325,58.1006],[11.6352,58.1004],[11.6354,58.0979],[11.6415,58.0997],[11.6426,58.1012],[11.6401,58.1025],[11.6487,58.1044],[11.6511,58.1088],[11.6592,58.1105],[11.662,58.1134],[11.6607,58.1155],[11.6685,58.119],[11.6747,58.1194],[11.6774,58.1159],[11.6735,58.1141],[11.6732,58.1113],[11.6684,58.111],[11.6674,58.1095],[11.6732,58.1062],[11.6762,58.1062],[11.6813,58.113],[11.6972,58.1127],[11.7029,58.114],[11.6908,58.1087],[11.696,58.1087],[11.6963,58.1061],[11.7023,58.1048],[11.7002,58.1033],[11.7059,58.1029],[11.7065,58.101],[11.7023,58.1002],[11.7024,58.0977],[11.6991,58.0964],[11.7114,58.0875],[11.7172,58.0885],[11.7268,58.0964],[11.7257,58.0999],[11.7334,58.1075],[11.7367,58.1157],[11.743,58.1162],[11.7422,58.113],[11.7471,58.1149],[11.7621,58.1131],[11.7643,58.1248],[11.7706,58.1259],[11.777,58.1314],[11.7909,58.1312],[11.7981,58.1332],[11.802,58.1309],[11.804,58.1238],[11.8074,58.123],[11.8083,58.1254],[11.8156,58.1262],[11.82,58.1243],[11.822,58.1197],[11.8274,58.1225],[11.8236,58.1251],[11.8238,58.1274],[11.8335,58.1397],[11.8285,58.1424],[11.8342,58.1466],[11.8378,58.1552],[11.8421,58.1581],[11.8466,58.156],[11.8483,58.1573],[11.8449,58.1612],[11.8496,58.1688],[11.8414,58.1802],[11.8424,58.1888],[11.8397,58.1907],[11.8428,58.1938],[11.8408,58.1953],[11.845,58.1964],[11.8471,58.201],[11.845,58.2024],[11.8411,58.2001],[11.8394,58.2007],[11.8402,58.2056],[11.8449,58.2086],[11.8404,58.2103],[11.8358,58.2089],[11.8332,58.2117],[11.8265,58.2111],[11.8248,58.2134],[11.8269,58.2158],[11.8354,58.2128],[11.8426,58.2151],[11.8394,58.2178],[11.8432,58.2222],[11.8398,58.2228],[11.8422,58.2284],[11.8401,58.2356],[11.8377,58.2362],[11.8366,58.24],[11.8324,58.2389],[11.8335,58.2434],[11.8305,58.2422],[11.8144,58.2508],[11.8116,58.2561],[11.7975,58.2575],[11.7897,58.255],[11.7832,58.2578],[11.7855,58.2608],[11.7826,58.2624],[11.7839,58.2673],[11.7774,58.2671],[11.7781,58.2625],[11.7676,58.2632],[11.7611,58.26],[11.7606,58.2647],[11.7654,58.2685],[11.7678,58.2759],[11.7625,58.289],[11.7512,58.2999],[11.7389,58.3024],[11.7301,58.3016],[11.7031,58.2947],[11.7032,58.2966],[11.7069,58.297],[11.7091,58.2996],[11.7074,58.3029],[11.7036,58.303],[11.7031,58.3048]]],[[[11.3824,58.3047],[11.3803,58.3053],[11.3761,58.3025],[11.3722,58.3044],[11.3662,58.2997],[11.3724,58.2989],[11.3728,58.2958],[11.3797,58.2949],[11.3809,58.2916],[11.3869,58.29],[11.3896,58.2986],[11.3824,58.3047]]],[[[11.3303,58.3587],[11.3187,58.3575],[11.3181,58.3551],[11.3163,58.3559],[11.313,58.3545],[11.3154,58.3527],[11.3112,58.353],[11.3079,58.3501],[11.3087,58.3488],[11.313,58.3489],[11.3177,58.3528],[11.3186,58.3486],[11.3151,58.3481],[11.3103,58.3416],[11.3151,58.3379],[11.3173,58.3375],[11.3188,58.3391],[11.3223,58.3379],[11.3214,58.3366],[11.3202,58.3383],[11.3164,58.335],[11.3184,58.3329],[11.3204,58.3356],[11.3223,58.3317],[11.3201,58.332],[11.3156,58.3263],[11.3195,58.3256],[11.318,58.3242],[11.3266,58.3241],[11.3232,58.3198],[11.3305,58.3243],[11.3274,58.3249],[11.3306,58.3279],[11.3336,58.3281],[11.3317,58.33],[11.3385,58.3296],[11.3397,58.3382],[11.3405,58.3392],[11.3427,58.3383],[11.3407,58.3403],[11.3445,58.3444],[11.3446,58.3461],[11.3399,58.3477],[11.3425,58.3526],[11.3408,58.3544],[11.339,58.3537],[11.3418,58.357],[11.3303,58.3587]]],[[[11.2312,58.3766],[11.2207,58.3699],[11.2192,58.3667],[11.2213,58.3632],[11.2286,58.3613],[11.2294,58.3622],[11.231,58.3598],[11.2185,58.362],[11.222,58.3589],[11.2173,58.3587],[11.2155,58.361],[11.2105,58.3618],[11.2087,58.3598],[11.2115,58.3576],[11.2149,58.3588],[11.2152,58.3555],[11.2262,58.353],[11.2326,58.3571],[11.2318,58.3593],[11.2371,58.3585],[11.2425,58.3642],[11.2358,58.367],[11.2348,58.3706],[11.2301,58.3694],[11.2292,58.3658],[11.2263,58.3661],[11.2319,58.3637],[11.224,58.3654],[11.2257,58.3696],[11.2343,58.3723],[11.2324,58.3733],[11.2362,58.3731],[11.2366,58.375],[11.2333,58.3738],[11.2312,58.3766]]],[[[11.5933,58.3947],[11.5848,58.3944],[11.5801,58.3873],[11.5778,58.3734],[11.5786,58.3681],[11.582,58.3657],[11.5809,58.3615],[11.5885,58.3666],[11.591,58.3707],[11.5881,58.3764],[11.5944,58.3811],[11.5933,58.3947]]],[[[11.2361,58.4012],[11.2283,58.4004],[11.2222,58.3959],[11.2236,58.3941],[11.2262,58.3945],[11.2257,58.3905],[11.2298,58.3911],[11.2302,58.3888],[11.2437,58.3955],[11.2413,58.3985],[11.2388,58.3982],[11.2384,58.4013],[11.2361,58.4012]]],[[[11.2572,58.4462],[11.2515,58.4453],[11.2541,58.4427],[11.2475,58.4422],[11.2455,58.4401],[11.2382,58.4407],[11.2352,58.4393],[11.2318,58.4407],[11.2328,58.436],[11.2349,58.4358],[11.2355,58.4378],[11.2367,58.4333],[11.2404,58.4339],[11.24,58.4285],[11.242,58.4284],[11.2361,58.4276],[11.2361,58.425],[11.2336,58.425],[11.2286,58.4205],[11.2241,58.4199],[11.2199,58.4141],[11.2222,58.4119],[11.2188,58.4102],[11.2202,58.4086],[11.2247,58.4096],[11.2267,58.4077],[11.2284,58.4087],[11.2323,58.4071],[11.2392,58.4084],[11.242,58.4036],[11.2404,58.4002],[11.2443,58.3964],[11.265,58.4131],[11.2656,58.4219],[11.2716,58.4296],[11.2717,58.4311],[11.268,58.4317],[11.2718,58.4344],[11.2703,58.4353],[11.2679,58.4343],[11.269,58.4395],[11.2668,58.4422],[11.2604,58.4432],[11.2608,58.4449],[11.2572,58.4462]]],[[[11.2548,58.5626],[11.2418,58.5572],[11.2406,58.5552],[11.2437,58.5551],[11.2392,58.5519],[11.2402,58.5498],[11.2379,58.5508],[11.2338,58.5478],[11.2395,58.5486],[11.2375,58.546],[11.2414,58.5465],[11.2423,58.5439],[11.2399,58.542],[11.2464,58.5412],[11.246,58.5339],[11.2503,58.5326],[11.2532,58.5333],[11.253,58.5293],[11.2587,58.53],[11.2611,58.5284],[11.264,58.5331],[11.266,58.5301],[11.2707,58.5313],[11.2745,58.5355],[11.2704,58.5381],[11.2725,58.5421],[11.2686,58.5507],[11.2655,58.5525],[11.2671,58.5544],[11.2548,58.5626]]],[[[11.2565,58.603],[11.2517,58.6043],[11.2391,58.6031],[11.2375,58.5999],[11.2455,58.5976],[11.2483,58.5945],[11.2586,58.5932],[11.2606,58.5957],[11.2668,58.5974],[11.2565,58.603]]],[[[11.2508,58.6413],[11.2428,58.6417],[11.2395,58.6405],[11.2417,58.6392],[11.2437,58.6395],[11.2417,58.6405],[11.2453,58.6405],[11.2455,58.6392],[11.2404,58.6339],[11.2339,58.6347],[11.2333,58.6384],[11.2275,58.6337],[11.2312,58.6333],[11.2314,58.6315],[11.2365,58.6312],[11.2376,58.6285],[11.2421,58.6294],[11.2392,58.6241],[11.2471,58.6244],[11.2464,58.6213],[11.2489,58.6205],[11.2496,58.6233],[11.2552,58.626],[11.2518,58.6371],[11.2554,58.6405],[11.2508,58.6413]]],[[[11.2425,58.6705],[11.2369,58.6711],[11.2366,58.6668],[11.2307,58.667],[11.2285,58.6643],[11.2217,58.664],[11.2161,58.6612],[11.2129,58.6578],[11.2161,58.6579],[11.2086,58.6519],[11.2155,58.6523],[11.2272,58.6435],[11.2317,58.6436],[11.2326,58.6466],[11.2361,58.6473],[11.2341,58.6509],[11.2383,58.653],[11.2369,58.656],[11.2421,58.6571],[11.2455,58.6561],[11.24,58.6646],[11.2473,58.6612],[11.2502,58.6568],[11.2536,58.6593],[11.2513,58.6624],[11.2528,58.6662],[11.2495,58.6694],[11.2451,58.6687],[11.2425,58.6705]]],[[[11.2092,58.6811],[11.205,58.6809],[11.2001,58.6783],[11.2026,58.6729],[11.1991,58.672],[11.2016,58.6705],[11.1995,58.6693],[11.2017,58.6656],[11.2002,58.663],[11.203,58.6625],[11.2152,58.6678],[11.2166,58.6671],[11.2189,58.671],[11.2178,58.6758],[11.2092,58.6811]]],[[[11.1463,58.7932],[11.1471,58.7951],[11.1425,58.797],[11.1353,58.7878],[11.1395,58.7854],[11.1375,58.7788],[11.1411,58.7777],[11.1367,58.7768],[11.1316,58.781],[11.1351,58.7709],[11.1307,58.7698],[11.1308,58.7651],[11.1325,58.7644],[11.1359,58.7666],[11.1412,58.7648],[11.1393,58.7678],[11.1436,58.7687],[11.1503,58.7656],[11.1515,58.762],[11.1586,58.761],[11.1567,58.7584],[11.1629,58.7608],[11.1644,58.7592],[11.1692,58.7589],[11.1696,58.7567],[11.1755,58.7568],[11.1749,58.7623],[11.1778,58.7638],[11.1744,58.7647],[11.1737,58.7683],[11.1703,58.769],[11.1682,58.7673],[11.1651,58.7685],[11.1644,58.7629],[11.162,58.7614],[11.158,58.7621],[11.1638,58.7705],[11.1596,58.7724],[11.1516,58.7704],[11.1548,58.773],[11.1492,58.7747],[11.1478,58.7774],[11.1508,58.7794],[11.1458,58.7834],[11.1434,58.7826],[11.1409,58.784],[11.1439,58.7874],[11.1481,58.7865],[11.1528,58.7803],[11.1554,58.7816],[11.1524,58.7874],[11.1592,58.7848],[11.1604,58.7889],[11.1563,58.7896],[11.1601,58.7912],[11.1618,58.7902],[11.1661,58.791],[11.1564,58.7954],[11.1549,58.7931],[11.1463,58.7932]]],[[[11.1887,58.8177],[11.1882,58.8198],[11.1837,58.8194],[11.1832,58.8144],[11.1736,58.8121],[11.17,58.8062],[11.1645,58.8048],[11.1681,58.7948],[11.1732,58.7948],[11.1793,58.792],[11.1833,58.7936],[11.1832,58.796],[11.1857,58.7957],[11.1912,58.7991],[11.1922,58.8031],[11.1998,58.8017],[11.1988,58.8075],[11.2042,58.8086],[11.2014,58.8157],[11.1971,58.8161],[11.1933,58.8193],[11.1887,58.8177]]],[[[11.2232,58.8336],[11.2181,58.8325],[11.2138,58.829],[11.2176,58.8271],[11.2134,58.8247],[11.2031,58.8258],[11.1976,58.8227],[11.2057,58.8155],[11.2104,58.815],[11.2125,58.8119],[11.2166,58.813],[11.2217,58.8106],[11.2254,58.8112],[11.2241,58.807],[11.2339,58.8109],[11.225,58.8137],[11.2323,58.8173],[11.2342,58.821],[11.2326,58.8246],[11.2257,58.8269],[11.2275,58.829],[11.2238,58.8296],[11.2259,58.8317],[11.2232,58.8336]]],[[[11.1913,58.8584],[11.1909,58.8598],[11.1853,58.8556],[11.1886,58.8541],[11.1813,58.8543],[11.1824,58.8529],[11.1764,58.8517],[11.1718,58.8567],[11.1607,58.8569],[11.159,58.854],[11.1543,58.8541],[11.1547,58.853],[11.1518,58.8532],[11.1424,58.8494],[11.1456,58.8452],[11.149,58.8458],[11.1535,58.8418],[11.1506,58.8408],[11.1499,58.8363],[11.147,58.8373],[11.1429,58.8359],[11.1417,58.8313],[11.1484,58.8286],[11.1453,58.8257],[11.1572,58.8262],[11.1567,58.8298],[11.1521,58.8301],[11.1551,58.8321],[11.1518,58.8361],[11.1559,58.8378],[11.1594,58.8375],[11.1575,58.8361],[11.1611,58.8334],[11.1597,58.8374],[11.1737,58.8355],[11.1708,58.831],[11.1778,58.8284],[11.181,58.8308],[11.1868,58.8304],[11.1883,58.8316],[11.1929,58.8274],[11.1951,58.8298],[11.2074,58.832],[11.2089,58.8338],[11.2066,58.8346],[11.193,58.8363],[11.1942,58.8376],[11.2003,58.8364],[11.2001,58.8394],[11.2063,58.8408],[11.2011,58.8425],[11.1989,58.8415],[11.194,58.8464],[11.1974,58.8452],[11.2027,58.847],[11.2008,58.8435],[11.2073,58.8415],[11.207,58.8399],[11.2197,58.8386],[11.2144,58.8486],[11.1905,58.8557],[11.1913,58.8584]]],[[[11.123,58.8794],[11.1155,58.8778],[11.1158,58.8736],[11.1201,58.871],[11.1196,58.8672],[11.1224,58.8643],[11.1318,58.8647],[11.1348,58.8673],[11.1403,58.867],[11.1432,58.8686],[11.1408,58.8702],[11.1464,58.8719],[11.1464,58.8739],[11.1293,58.8791],[11.1262,58.8773],[11.123,58.8794]]],[[[11.1668,58.8949],[11.1605,58.8927],[11.1667,58.8935],[11.1624,58.891],[11.1672,58.8895],[11.1691,58.8824],[11.162,58.8885],[11.1538,58.8912],[11.1467,58.8917],[11.1492,58.8925],[11.1466,58.8941],[11.1385,58.8944],[11.1423,58.8902],[11.147,58.8885],[11.1372,58.8894],[11.143,58.8822],[11.1405,58.8786],[11.1454,58.8768],[11.145,58.8746],[11.148,58.8733],[11.1496,58.8708],[11.1543,58.869],[11.1624,58.8698],[11.1672,58.8684],[11.1707,58.87],[11.1745,58.8666],[11.1836,58.865],[11.1875,58.8675],[11.1859,58.8706],[11.1896,58.8688],[11.1895,58.8715],[11.1925,58.8711],[11.1909,58.8737],[11.1886,58.8737],[11.1921,58.8751],[11.1846,58.8781],[11.1888,58.8793],[11.187,58.8845],[11.1817,58.8888],[11.1743,58.888],[11.1706,58.8897],[11.1722,58.8906],[11.1668,58.8949]]],[[[11.035,58.8999],[11.0265,58.8978],[11.0244,58.8948],[11.0167,58.8938],[11.0139,58.8916],[11.0093,58.8923],[11.0028,58.8863],[11.0002,58.8861],[10.9986,58.8829],[11.0024,58.882],[11.0038,58.8846],[11.0062,58.8846],[11.0082,58.8758],[11.0322,58.8708],[11.0307,58.8673],[11.0264,58.8679],[11.0256,58.8659],[11.0316,58.8652],[11.0333,58.8635],[11.0368,58.8651],[11.0419,58.8647],[11.0447,58.8613],[11.0474,58.8612],[11.0476,58.863],[11.0523,58.865],[11.0541,58.8644],[11.0539,58.8673],[11.0591,58.8675],[11.0574,58.8701],[11.0595,58.868],[11.0623,58.8711],[11.0544,58.8758],[11.054,58.8784],[11.0494,58.8782],[11.0428,58.8824],[11.0436,58.8857],[11.0404,58.889],[11.0456,58.8843],[11.0459,58.8861],[11.0482,58.8854],[11.0514,58.8871],[11.0475,58.8898],[11.0486,58.8947],[11.0426,58.8983],[11.035,58.8999]]],[[[11.181,58.9096],[11.1714,58.9083],[11.1757,58.9049],[11.1745,58.9025],[11.1804,58.8999],[11.1795,58.8969],[11.1837,58.8959],[11.185,58.9005],[11.188,58.9007],[11.1931,58.8977],[11.1941,58.8999],[11.1915,58.9077],[11.1857,58.9093],[11.1819,58.9083],[11.181,58.9096]]],[[[10.9914,58.9145],[10.9882,58.9132],[10.9915,58.9088],[10.9849,58.909],[10.9839,58.9066],[10.9883,58.8997],[10.9941,58.8976],[10.9993,58.8982],[11.0008,58.8957],[10.9953,58.8949],[10.9932,58.8922],[10.9906,58.8933],[10.9911,58.8901],[10.9814,58.8881],[10.9911,58.884],[11.004,58.8891],[11.0066,58.8928],[11.0112,58.8932],[11.0237,58.8988],[11.0223,58.9012],[11.0185,58.9019],[11.0217,58.9038],[11.0179,58.904],[11.0163,58.9082],[11.0056,58.9081],[10.9996,58.9135],[10.996,58.9116],[10.9914,58.9145]]],[[[11.1692,58.9224],[11.159,58.9182],[11.1574,58.9145],[11.16,58.9135],[11.1565,58.9119],[11.1597,58.9089],[11.1807,58.9104],[11.1853,58.9125],[11.1831,58.9151],[11.1865,58.9124],[11.1922,58.9124],[11.2029,58.9158],[11.1858,58.9182],[11.1815,58.9158],[11.1692,58.9224]]],[[[11.1295,58.925],[11.127,58.926],[11.1241,58.9234],[11.1158,58.9236],[11.1158,58.9217],[11.1108,58.9204],[11.1129,58.9163],[11.1232,58.9114],[11.1182,58.9103],[11.1173,58.9085],[11.1199,58.9062],[11.1235,58.9059],[11.1228,58.9031],[11.1313,58.9004],[11.1491,58.903],[11.1504,58.9018],[11.1467,58.9014],[11.144,58.8974],[11.1563,58.8944],[11.1735,58.8964],[11.1723,58.8983],[11.1765,58.8976],[11.1716,58.903],[11.1751,58.9052],[11.1704,58.908],[11.1596,58.9074],[11.1548,58.9057],[11.1479,58.9062],[11.1517,58.9093],[11.1454,58.9114],[11.1528,58.9107],[11.1549,58.913],[11.1442,58.9135],[11.1339,58.9105],[11.1449,58.9149],[11.1474,58.9138],[11.1569,58.9145],[11.1574,58.9177],[11.1506,58.9167],[11.1512,58.9197],[11.1459,58.9199],[11.1425,58.9218],[11.1408,58.9205],[11.144,58.9194],[11.1365,58.919],[11.1369,58.921],[11.1341,58.9209],[11.1345,58.9225],[11.1307,58.9228],[11.1295,58.925]]],[[[11.1024,58.967],[11.0991,58.9643],[11.0996,58.9575],[11.1029,58.9572],[11.1019,58.9556],[11.1095,58.9519],[11.106,58.9487],[11.1088,58.9461],[11.1136,58.9483],[11.1155,58.9548],[11.1072,58.9641],[11.1079,58.9659],[11.1024,58.967]]],[[[14.3036,59.0115],[14.2595,59.0115],[14.2232,59.0279],[14.2102,59.042],[14.1654,59.0367],[14.1489,59.0456],[14.0661,59.0452],[14.0246,59.0409],[14.0291,59.0292],[13.5816,59.0582],[13.4144,58.9604],[13.3299,58.8154],[13.4151,58.7542],[13.2416,58.7321],[13.1711,58.7716],[13.1369,58.7643],[12.8885,58.823],[12.8311,58.985],[12.7667,59.0399],[12.7548,59.1055],[12.7529,59.1295],[12.7081,59.1496],[12.6745,59.174],[12.6526,59.1761],[12.6501,59.1862],[12.6242,59.1736],[12.6267,59.1654],[12.6122,59.1572],[12.611,59.1433],[12.5876,59.1307],[12.5875,59.1207],[12.5485,59.1232],[12.5239,59.1345],[12.5072,59.1282],[12.4583,59.1314],[12.468,59.1452],[12.4583,59.1459],[12.4545,59.1553],[12.4129,59.1667],[12.4186,59.1742],[12.4564,59.178],[12.4558,59.1901],[12.418,59.1938],[12.3436,59.1724],[12.3171,59.1818],[12.3132,59.1964],[12.3,59.1976],[12.2729,59.1906],[12.2521,59.2014],[12.2344,59.2574],[12.2067,59.2606],[12.1916,59.2506],[12.1178,59.2514],[12.0799,59.2556],[12.0837,59.2266],[12.0963,59.1925],[12.078,59.1793],[12.0352,59.2001],[12.0253,59.211],[12.0061,59.2127],[11.9456,59.2518],[11.933,59.2342],[11.9143,59.2217],[11.8876,59.2241],[11.8284,59.2392],[11.8002,59.225],[11.7843,59.209],[11.782,59.201],[11.7839,59.1952],[11.7747,59.1707],[11.778,59.136],[11.7694,59.1267],[11.7636,59.1145],[11.7681,59.1135],[11.7809,59.0996],[11.7766,59.0976],[11.7762,59.088],[11.7498,59.0682],[11.7381,59.0524],[11.7284,59.0441],[11.7105,59.0337],[11.6984,59.0006],[11.6927,58.9984],[11.6946,58.9963],[11.6923,58.9959],[11.6917,58.9929],[11.6839,58.99],[11.6843,58.9873],[11.692,58.9851],[11.6906,58.982],[11.6936,58.9778],[11.6844,58.9744],[11.6893,58.9724],[11.6866,58.9699],[11.6891,58.9568],[11.6816,58.9514],[11.6817,58.9471],[11.6734,58.942],[11.6759,58.9351],[11.6649,58.9349],[11.6582,58.9318],[11.6616,58.9274],[11.6568,58.9261],[11.652,58.9062],[11.6304,58.9086],[11.6263,58.9055],[11.5906,58.8907],[11.5778,58.8975],[11.5725,58.8878],[11.5608,58.8964],[11.5534,58.8989],[11.5453,58.894],[11.5424,58.8882],[11.5362,58.8855],[11.5337,58.8861],[11.5386,58.8827],[11.5374,58.8774],[11.5329,58.8791],[11.5264,58.8769],[11.5177,58.8795],[11.5168,58.8814],[11.5001,58.8894],[11.4917,58.8891],[11.4829,58.8915],[11.4558,58.8892],[11.4563,58.9166],[11.4637,58.9333],[11.4597,58.9525],[11.4623,58.9731],[11.4539,58.9855],[11.4616,58.9891],[11.4474,58.9918],[11.4473,58.9933],[11.4521,58.995],[11.4484,58.9966],[11.4405,59.0129],[11.4344,59.0165],[11.426,59.0271],[11.4139,59.0319],[11.4073,59.0303],[11.4094,59.039],[11.4054,59.0399],[11.4069,59.0433],[11.4023,59.0483],[11.3998,59.0477],[11.3985,59.0517],[11.3934,59.0509],[11.3958,59.0548],[11.3926,59.0578],[11.3935,59.0631],[11.3917,59.0647],[11.3893,59.0637],[11.3898,59.0675],[11.3843,59.069],[11.3816,59.0654],[11.3779,59.0682],[11.3731,59.0677],[11.3757,59.0741],[11.3702,59.0806],[11.3724,59.0899],[11.3629,59.0943],[11.3619,59.0977],[11.3588,59.096],[11.3513,59.0981],[11.3463,59.1026],[11.3461,59.108],[11.3382,59.1129],[11.3157,59.1085],[11.2907,59.0978],[11.2705,59.0973],[11.25,59.0936],[11.2447,59.0902],[11.2392,59.0902],[11.2129,59.0786],[11.2212,59.0857],[11.208,59.082],[11.2069,59.0784],[11.2033,59.0798],[11.1934,59.0789],[11.1841,59.0743],[11.1707,59.0603],[11.1701,59.0538],[11.1678,59.0542],[11.1656,59.0517],[11.1526,59.0473],[11.1462,59.042],[11.1462,59.041],[11.15,59.0423],[11.1469,59.0401],[11.1491,59.0391],[11.1366,59.0341],[11.127,59.0226],[11.1268,59.0202],[11.1296,59.0203],[11.1192,59.0065],[11.1202,59.0016],[11.113,58.9974],[11.1191,58.9939],[11.1213,58.9958],[11.1267,58.9951],[11.1291,58.9982],[11.1328,58.9975],[11.1389,58.999],[11.1394,58.9971],[11.1355,58.9946],[11.1409,58.994],[11.1449,58.9963],[11.1489,58.9944],[11.1551,58.9946],[11.1618,58.9973],[11.189,59.0004],[11.2061,59.006],[11.2134,59.0063],[11.2233,59.0124],[11.2273,59.0178],[11.2314,59.0175],[11.2272,59.0093],[11.2305,59.0061],[11.2281,59.0022],[11.2306,58.9984],[11.2246,59.0061],[11.2133,58.9973],[11.2108,58.9978],[11.2162,59.0021],[11.2172,59.0058],[11.1901,58.9998],[11.1817,58.9913],[11.1665,58.9921],[11.1595,58.9868],[11.1553,58.9892],[11.1447,58.9882],[11.1407,58.9867],[11.1405,58.9831],[11.1373,58.9819],[11.1431,58.9749],[11.1395,58.974],[11.1311,58.9761],[11.123,58.9729],[11.1204,58.9682],[11.1165,58.9681],[11.1198,58.9639],[11.1184,58.9615],[11.1278,58.9578],[11.1254,58.9562],[11.1224,58.9576],[11.1222,58.9554],[11.1244,58.9558],[11.1245,58.9544],[11.1296,58.9561],[11.1309,58.9497],[11.1388,58.9454],[11.1439,58.9455],[11.1514,58.9431],[11.1575,58.9443],[11.1637,58.943],[11.1637,58.9441],[11.1678,58.9442],[11.1731,58.9494],[11.1708,58.9443],[11.1662,58.9411],[11.1703,58.9394],[11.1669,58.9372],[11.173,58.9368],[11.1693,58.9355],[11.1701,58.9307],[11.173,58.9302],[11.1684,58.928],[11.1707,58.9251],[11.1814,58.9285],[11.1895,58.9292],[11.1914,58.931],[11.2022,58.9314],[11.1963,58.9268],[11.1906,58.9284],[11.1815,58.9273],[11.1724,58.9232],[11.1754,58.9208],[11.1834,58.9217],[11.1862,58.9198],[11.1932,58.9203],[11.194,58.9222],[11.1976,58.9229],[11.2057,58.919],[11.2045,58.914],[11.1904,58.9114],[11.196,58.9062],[11.1938,58.904],[11.1962,58.9022],[11.1956,58.8985],[11.2019,58.8973],[11.1974,58.8918],[11.1999,58.8902],[11.2032,58.8909],[11.2015,58.8895],[11.2038,58.8883],[11.1929,58.8873],[11.1895,58.8844],[11.191,58.8793],[11.1974,58.8787],[11.1932,58.8773],[11.198,58.8697],[11.2081,58.8668],[11.215,58.8682],[11.2146,58.8659],[11.2111,58.865],[11.198,58.8662],[11.1998,58.8633],[11.2038,58.8614],[11.2055,58.8622],[11.2101,58.8587],[11.2225,58.8576],[11.2162,58.8529],[11.2164,58.8472],[11.219,58.8464],[11.2277,58.8481],[11.2322,58.8524],[11.2348,58.8525],[11.228,58.8446],[11.233,58.8412],[11.227,58.8387],[11.2307,58.8366],[11.235,58.839],[11.2392,58.8388],[11.2393,58.8342],[11.2342,58.8329],[11.2303,58.8277],[11.2366,58.8238],[11.2404,58.8161],[11.2445,58.8154],[11.2482,58.8105],[11.2429,58.8084],[11.2435,58.807],[11.2462,58.8077],[11.2431,58.8043],[11.236,58.8039],[11.235,58.8058],[11.2298,58.8054],[11.2242,58.8069],[11.2139,58.8048],[11.2163,58.8008],[11.2193,58.799],[11.2228,58.7992],[11.2154,58.7934],[11.218,58.7904],[11.2223,58.7907],[11.2229,58.7878],[11.2188,58.7859],[11.2201,58.783],[11.2185,58.7834],[11.2185,58.7874],[11.2144,58.7883],[11.2138,58.7865],[11.2165,58.7826],[11.2239,58.7818],[11.2191,58.7783],[11.2234,58.7751],[11.2222,58.7741],[11.2178,58.7761],[11.2158,58.7721],[11.234,58.7707],[11.2376,58.7669],[11.2459,58.7654],[11.2453,58.7635],[11.232,58.7642],[11.2338,58.7668],[11.2282,58.7669],[11.2247,58.7699],[11.2136,58.7699],[11.2162,58.7771],[11.2055,58.7875],[11.2005,58.7882],[11.1926,58.7837],[11.1881,58.7844],[11.1913,58.783],[11.1904,58.7811],[11.1868,58.7835],[11.1811,58.7822],[11.1859,58.7802],[11.1872,58.7774],[11.1904,58.7789],[11.1898,58.7754],[11.1967,58.7725],[11.1942,58.7712],[11.1982,58.77],[11.2004,58.7708],[11.1981,58.7651],[11.2023,58.7645],[11.2035,58.7624],[11.208,58.7636],[11.2043,58.7599],[11.2067,58.7604],[11.2111,58.7578],[11.2145,58.7582],[11.2134,58.755],[11.2244,58.7477],[11.2348,58.7433],[11.2439,58.7417],[11.2455,58.7434],[11.2473,58.7337],[11.2507,58.7334],[11.2505,58.7298],[11.2534,58.7295],[11.2592,58.7235],[11.2558,58.7202],[11.2607,58.7201],[11.2553,58.7156],[11.2491,58.7162],[11.2489,58.7228],[11.2421,58.7188],[11.2433,58.7246],[11.2404,58.7278],[11.2454,58.7295],[11.2388,58.7392],[11.234,58.7388],[11.2329,58.7399],[11.2287,58.7367],[11.2232,58.7391],[11.2163,58.7381],[11.2177,58.7395],[11.2085,58.7435],[11.2116,58.7438],[11.2114,58.7459],[11.2146,58.7454],[11.214,58.7429],[11.2199,58.7403],[11.2235,58.7419],[11.2244,58.7457],[11.2218,58.7452],[11.223,58.7468],[11.2144,58.7525],[11.2062,58.7541],[11.2115,58.7482],[11.2145,58.7483],[11.211,58.7468],[11.2088,58.7485],[11.2045,58.7481],[11.2036,58.7463],[11.1976,58.7472],[11.1965,58.7503],[11.1999,58.7489],[11.2025,58.7502],[11.1973,58.7533],[11.1981,58.7553],[11.1903,58.7578],[11.1896,58.7554],[11.1835,58.7524],[11.1839,58.7573],[11.1812,58.7598],[11.1766,58.7521],[11.1853,58.75],[11.1891,58.7457],[11.1835,58.7484],[11.1813,58.7472],[11.1769,58.7484],[11.175,58.7438],[11.1807,58.7401],[11.18,58.7386],[11.178,58.7398],[11.1761,58.7388],[11.1781,58.7377],[11.1747,58.7366],[11.1771,58.7355],[11.1697,58.73],[11.1744,58.7282],[11.176,58.7252],[11.1695,58.7251],[11.1722,58.7222],[11.1687,58.7207],[11.1736,58.7209],[11.17,58.7189],[11.1751,58.7203],[11.1742,58.718],[11.1792,58.7161],[11.1808,58.7182],[11.1781,58.7207],[11.1804,58.7207],[11.1849,58.7156],[11.1895,58.7156],[11.1867,58.713],[11.19,58.7103],[11.1913,58.7119],[11.1948,58.7109],[11.1983,58.7126],[11.1967,58.7153],[11.1988,58.7198],[11.2074,58.7132],[11.2063,58.7114],[11.2094,58.7124],[11.2077,58.7103],[11.2103,58.7095],[11.225,58.7126],[11.2287,58.715],[11.2316,58.7145],[11.2283,58.7102],[11.2168,58.7073],[11.2189,58.6924],[11.2221,58.6878],[11.2378,58.6814],[11.2455,58.6852],[11.2408,58.6778],[11.2444,58.6774],[11.2496,58.6807],[11.2545,58.6913],[11.2573,58.684],[11.2552,58.6833],[11.2578,58.684],[11.2597,58.6826],[11.2567,58.6772],[11.2607,58.6743],[11.2647,58.6741],[11.2614,58.6726],[11.2657,58.6668],[11.261,58.6621],[11.2644,58.6606],[11.265,58.6546],[11.2723,58.6537],[11.271,58.6459],[11.2733,58.6453],[11.286,58.6489],[11.2899,58.648],[11.2775,58.6431],[11.2715,58.6363],[11.2716,58.6332],[11.2688,58.6321],[11.2676,58.6289],[11.2725,58.6284],[11.274,58.6307],[11.2761,58.6239],[11.2682,58.6282],[11.2675,58.6256],[11.2621,58.6238],[11.2628,58.618],[11.2605,58.6165],[11.2631,58.6166],[11.264,58.613],[11.2708,58.6194],[11.275,58.6187],[11.2748,58.6216],[11.2788,58.6198],[11.2796,58.6164],[11.2862,58.6182],[11.2788,58.6124],[11.2846,58.6091],[11.2924,58.6151],[11.3011,58.6187],[11.2968,58.6142],[11.2987,58.6146],[11.2797,58.607],[11.2818,58.5982],[11.2743,58.5954],[11.279,58.5893],[11.2753,58.589],[11.2754,58.5859],[11.2925,58.5818],[11.2905,58.5862],[11.2979,58.5863],[11.2988,58.5843],[11.306,58.5865],[11.3023,58.5833],[11.3035,58.5811],[11.3064,58.5805],[11.3144,58.5828],[11.3135,58.5804],[11.3164,58.5803],[11.3095,58.5777],[11.3108,58.5728],[11.3039,58.5772],[11.2974,58.574],[11.3013,58.5744],[11.2997,58.5703],[11.2968,58.5716],[11.2914,58.5692],[11.2922,58.5676],[11.2859,58.5684],[11.2793,58.5652],[11.2792,58.5714],[11.2755,58.5702],[11.2758,58.5676],[11.2725,58.5689],[11.2704,58.567],[11.2662,58.5677],[11.2571,58.5636],[11.2632,58.5572],[11.2694,58.5543],[11.2683,58.5526],[11.2723,58.5507],[11.2722,58.5453],[11.2754,58.5416],[11.2796,58.543],[11.2811,58.5419],[11.2757,58.5306],[11.2702,58.5298],[11.267,58.5264],[11.2576,58.5248],[11.2565,58.5204],[11.2606,58.5198],[11.2599,58.5179],[11.2648,58.5183],[11.2715,58.5155],[11.2753,58.5164],[11.2766,58.5129],[11.2818,58.5119],[11.2763,58.5103],[11.2772,58.5081],[11.2817,58.5109],[11.2832,58.5048],[11.2923,58.5081],[11.3002,58.5094],[11.3064,58.5131],[11.3024,58.5097],[11.2934,58.5077],[11.2925,58.5037],[11.2901,58.5034],[11.2898,58.5055],[11.2854,58.5045],[11.2906,58.5023],[11.2932,58.5029],[11.2952,58.5007],[11.2984,58.5013],[11.297,58.5006],[11.2911,58.5009],[11.2845,58.5029],[11.2827,58.5017],[11.2834,58.4987],[11.2806,58.4967],[11.2883,58.4912],[11.2903,58.4853],[11.2971,58.492],[11.3015,58.4918],[11.3046,58.4935],[11.3008,58.4969],[11.3076,58.4955],[11.3102,58.4967],[11.3113,58.4946],[11.3148,58.4957],[11.3119,58.4922],[11.3071,58.4936],[11.305,58.4917],[11.3049,58.4864],[11.3093,58.4889],[11.3107,58.4875],[11.3066,58.4841],[11.31,58.4795],[11.3134,58.4834],[11.3177,58.4823],[11.3236,58.4854],[11.3277,58.4843],[11.3311,58.4873],[11.3377,58.4887],[11.3423,58.4883],[11.3421,58.4866],[11.3517,58.4894],[11.3585,58.4893],[11.3607,58.4877],[11.3531,58.4851],[11.3385,58.4832],[11.3369,58.4815],[11.3286,58.4808],[11.3223,58.4759],[11.3124,58.4744],[11.3111,58.4726],[11.3151,58.4679],[11.3228,58.4642],[11.3261,58.466],[11.3282,58.4608],[11.3173,58.4626],[11.3145,58.4588],[11.3133,58.4644],[11.3082,58.4661],[11.3071,58.4648],[11.3041,58.4668],[11.3022,58.4655],[11.3056,58.4635],[11.3041,58.4586],[11.302,58.4617],[11.2959,58.464],[11.2948,58.4614],[11.2913,58.4618],[11.2923,58.4534],[11.2985,58.4571],[11.3013,58.4556],[11.2932,58.4494],[11.2953,58.44],[11.2917,58.4388],[11.2895,58.4348],[11.2853,58.4344],[11.2954,58.4319],[11.2916,58.4271],[11.2933,58.4248],[11.2914,58.4228],[11.2872,58.4266],[11.2788,58.4287],[11.2789,58.4297],[11.2838,58.4284],[11.2865,58.4306],[11.2845,58.4341],[11.2813,58.4351],[11.2832,58.4368],[11.2795,58.4364],[11.2804,58.4354],[11.2773,58.4348],[11.2785,58.4298],[11.275,58.4298],[11.2677,58.4219],[11.266,58.413],[11.2396,58.3915],[11.2404,58.3901],[11.245,58.3906],[11.2422,58.387],[11.2458,58.3862],[11.2523,58.3865],[11.2563,58.3903],[11.2529,58.3833],[11.2614,58.3843],[11.2591,58.382],[11.2624,58.3802],[11.2567,58.3765],[11.2529,58.3779],[11.2503,58.3771],[11.2427,58.3683],[11.2486,58.3609],[11.2401,58.3563],[11.2428,58.3555],[11.2452,58.3579],[11.2468,58.355],[11.2521,58.3537],[11.267,58.3523],[11.2691,58.3537],[11.2711,58.3525],[11.2743,58.3542],[11.2719,58.3562],[11.2677,58.3562],[11.2668,58.3579],[11.2759,58.3566],[11.2776,58.3576],[11.2753,58.359],[11.2781,58.3592],[11.2798,58.3618],[11.2817,58.3593],[11.2897,58.3603],[11.2982,58.3678],[11.2947,58.3685],[11.2966,58.3675],[11.2944,58.3673],[11.2929,58.369],[11.2893,58.3689],[11.2898,58.372],[11.2835,58.3735],[11.2842,58.3768],[11.2824,58.3776],[11.2797,58.3762],[11.2794,58.3857],[11.2821,58.3851],[11.2931,58.3883],[11.2806,58.3822],[11.284,58.3777],[11.287,58.378],[11.2866,58.3735],[11.2995,58.3682],[11.3035,58.3727],[11.3029,58.3744],[11.2991,58.3742],[11.3018,58.3771],[11.3034,58.3756],[11.3091,58.3759],[11.3172,58.3833],[11.3037,58.3858],[11.3028,58.3896],[11.3075,58.3861],[11.3127,58.387],[11.3162,58.3857],[11.3195,58.3873],[11.3219,58.3844],[11.3162,58.3801],[11.3225,58.3748],[11.3206,58.3723],[11.3175,58.3731],[11.3156,58.3701],[11.3175,58.3669],[11.3206,58.3672],[11.3257,58.3717],[11.3289,58.3715],[11.3275,58.3674],[11.3366,58.3644],[11.3444,58.3625],[11.3533,58.3643],[11.3577,58.362],[11.3616,58.3626],[11.3644,58.3669],[11.3584,58.3701],[11.3561,58.3753],[11.3638,58.376],[11.3654,58.3779],[11.3711,58.3778],[11.3716,58.3826],[11.3753,58.384],[11.3732,58.3867],[11.3789,58.3863],[11.3772,58.3875],[11.3929,58.3969],[11.3988,58.4057],[11.4052,58.4058],[11.4052,58.4087],[11.4118,58.4122],[11.4109,58.415],[11.4077,58.4152],[11.4087,58.4176],[11.4173,58.4225],[11.4229,58.4227],[11.426,58.4247],[11.4339,58.4381],[11.4393,58.4408],[11.4398,58.444],[11.4501,58.4551],[11.4547,58.4595],[11.4598,58.4593],[11.4639,58.4567],[11.464,58.4534],[11.4512,58.4476],[11.4504,58.4452],[11.4434,58.4416],[11.4399,58.4349],[11.4338,58.4331],[11.4336,58.4259],[11.4311,58.4242],[11.4364,58.422],[11.44,58.4265],[11.439,58.4216],[11.4285,58.4215],[11.4258,58.4192],[11.4267,58.4166],[11.4155,58.4111],[11.4117,58.4069],[11.4128,58.4032],[11.4092,58.4017],[11.4094,58.3981],[11.4031,58.3953],[11.4032,58.3934],[11.3992,58.3927],[11.3982,58.389],[11.393,58.3868],[11.3898,58.3803],[11.3936,58.3781],[11.389,58.3773],[11.3905,58.3758],[11.3831,58.3743],[11.3856,58.3701],[11.396,58.3685],[11.3928,58.366],[11.3865,58.3658],[11.3849,58.3676],[11.3841,58.3656],[11.3801,58.3643],[11.3791,58.366],[11.376,58.3638],[11.3714,58.3663],[11.3702,58.3592],[11.3653,58.3605],[11.3635,58.3595],[11.3624,58.3526],[11.3566,58.3488],[11.3605,58.3474],[11.3587,58.343],[11.3635,58.3466],[11.3654,58.3449],[11.367,58.3469],[11.37,58.3469],[11.3693,58.344],[11.3617,58.341],[11.3658,58.3394],[11.3687,58.3405],[11.3701,58.3394],[11.368,58.3423],[11.374,58.3446],[11.3745,58.3487],[11.3777,58.3474],[11.3768,58.3428],[11.378,58.3441],[11.3832,58.3437],[11.3858,58.3483],[11.3856,58.3451],[11.3901,58.3438],[11.3904,58.3468],[11.3922,58.3462],[11.3982,58.349],[11.3918,58.3442],[11.3951,58.3449],[11.4085,58.3548],[11.4066,58.3564],[11.3953,58.3574],[11.3941,58.3605],[11.3984,58.3606],[11.4008,58.3585],[11.4108,58.357],[11.4092,58.3606],[11.4146,58.3597],[11.4195,58.3634],[11.4129,58.3667],[11.4213,58.3666],[11.4171,58.3695],[11.4223,58.3697],[11.4211,58.3729],[11.43,58.3776],[11.4301,58.3803],[11.4357,58.3814],[11.434,58.3826],[11.4368,58.3838],[11.437,58.391],[11.4414,58.3912],[11.4453,58.3895],[11.4502,58.3939],[11.456,58.3935],[11.4574,58.3963],[11.4629,58.3989],[11.4641,58.3977],[11.4584,58.3945],[11.4504,58.3857],[11.4527,58.3854],[11.4426,58.379],[11.442,58.3767],[11.4494,58.3722],[11.4476,58.3635],[11.4514,58.3626],[11.4475,58.3612],[11.4474,58.3574],[11.4518,58.3565],[11.4587,58.348],[11.4694,58.3464],[11.4695,58.3447],[11.4653,58.344],[11.4619,58.3409],[11.4547,58.3426],[11.451,58.3455],[11.4412,58.3468],[11.4393,58.3521],[11.4348,58.3519],[11.4346,58.3538],[11.4278,58.3556],[11.4228,58.3532],[11.4197,58.3534],[11.4184,58.3509],[11.4157,58.3528],[11.4144,58.3506],[11.4117,58.3511],[11.4094,58.3497],[11.4111,58.348],[11.4024,58.3424],[11.4061,58.3424],[11.4075,58.34],[11.406,58.3362],[11.4013,58.3354],[11.4039,58.3322],[11.3998,58.332],[11.3999,58.3308],[11.4034,58.3306],[11.4016,58.3293],[11.4039,58.3276],[11.4019,58.327],[11.4029,58.3246],[11.3977,58.3243],[11.4009,58.3226],[11.3987,58.3226],[11.401,58.3179],[11.3966,58.3173],[11.395,58.3185],[11.3927,58.3169],[11.3963,58.3129],[11.3945,58.3152],[11.3977,58.3155],[11.3951,58.3168],[11.4013,58.3174],[11.4054,58.3137],[11.4,58.3136],[11.401,58.3118],[11.4204,58.3084],[11.4204,58.3064],[11.4168,58.3062],[11.4201,58.3058],[11.4219,58.3036],[11.4248,58.3032],[11.4246,58.3047],[11.4283,58.305],[11.4304,58.3032],[11.4356,58.3028],[11.4421,58.3066],[11.452,58.3068],[11.4617,58.3169],[11.4722,58.3167],[11.4686,58.3129],[11.4572,58.3085],[11.441,58.2992],[11.4392,58.295],[11.4449,58.2961],[11.4334,58.2874],[11.4327,58.2829],[11.426,58.2797],[11.4251,58.2749],[11.4176,58.2766],[11.4159,58.2739],[11.4186,58.2725],[11.4132,58.2714],[11.4189,58.2679],[11.4235,58.2676],[11.4236,58.2689],[11.4285,58.2674],[11.4352,58.2684],[11.4371,58.2728],[11.4416,58.2753],[11.4507,58.2762],[11.453,58.2734],[11.4467,58.2743],[11.4461,58.2733],[11.4524,58.2714],[11.4589,58.2717],[11.4558,58.2769],[11.4682,58.2774],[11.4675,58.2793],[11.4774,58.2806],[11.4818,58.2849],[11.4865,58.2861],[11.4857,58.2879],[11.4913,58.2887],[11.4939,58.2918],[11.4901,58.2923],[11.4912,58.3023],[11.4947,58.3027],[11.4946,58.3002],[11.4989,58.2993],[11.4992,58.3004],[11.5046,58.3008],[11.5042,58.3028],[11.5105,58.3031],[11.5186,58.3059],[11.5221,58.3097],[11.5208,58.314],[11.5317,58.3176],[11.5357,58.3268],[11.5415,58.3277],[11.5427,58.3298],[11.5391,58.3313],[11.5423,58.3344],[11.5409,58.3356],[11.5436,58.3364],[11.542,58.3404],[11.5536,58.3418],[11.5561,58.3439],[11.5532,58.3449],[11.5573,58.3456],[11.559,58.3488],[11.5617,58.348],[11.5722,58.3577],[11.5652,58.3614],[11.5732,58.3627],[11.5741,58.3656],[11.5711,58.3679],[11.5656,58.3688],[11.5695,58.3712],[11.5656,58.3713],[11.563,58.381],[11.5584,58.3827],[11.565,58.3863],[11.5649,58.3914],[11.569,58.3935],[11.5679,58.3994],[11.5706,58.3998],[11.5839,58.4149],[11.5815,58.4352],[11.5762,58.4494],[11.578,58.4616],[11.5705,58.4739],[11.5743,58.4785],[11.576,58.4766],[11.5794,58.4765],[11.5791,58.4721],[11.5858,58.4666],[11.5828,58.4595],[11.5887,58.4512],[11.5833,58.4455],[11.5889,58.4455],[11.5872,58.4373],[11.5899,58.437],[11.5889,58.4343],[11.5953,58.4308],[11.5943,58.4249],[11.5994,58.4229],[11.6061,58.4243],[11.6024,58.42],[11.6011,58.413],[11.6052,58.4126],[11.607,58.4087],[11.6178,58.4069],[11.6224,58.4008],[11.6354,58.4145],[11.6436,58.4196],[11.646,58.426],[11.6496,58.4263],[11.6506,58.4246],[11.6542,58.4265],[11.6562,58.4254],[11.6571,58.428],[11.6701,58.4338],[11.6752,58.4388],[11.6788,58.4385],[11.6782,58.437],[11.6823,58.4377],[11.6818,58.4353],[11.6862,58.436],[11.69,58.4347],[11.6953,58.4374],[11.6996,58.4372],[11.7033,58.4319],[11.6993,58.428],[11.6896,58.4272],[11.682,58.4286],[11.6699,58.4255],[11.6634,58.4177],[11.65,58.4166],[11.6503,58.4142],[11.6454,58.4124],[11.6402,58.4062],[11.6306,58.4017],[11.6297,58.3932],[11.6379,58.3908],[11.641,58.3913],[11.638,58.3925],[11.6406,58.394],[11.6478,58.3901],[11.6531,58.3918],[11.6558,58.3911],[11.6606,58.3847],[11.6595,58.3824],[11.6543,58.3815],[11.6467,58.3853],[11.6448,58.3808],[11.6398,58.3825],[11.6396,58.3851],[11.6309,58.3864],[11.6314,58.3814],[11.6205,58.3777],[11.6163,58.3743],[11.616,58.37],[11.6105,58.3692],[11.6053,58.3625],[11.5973,58.3612],[11.5946,58.3552],[11.5867,58.3477],[11.5887,58.3447],[11.5813,58.3417],[11.5806,58.3371],[11.5753,58.3367],[11.5732,58.3347],[11.5745,58.3302],[11.5647,58.3278],[11.5578,58.3208],[11.5584,58.319],[11.5553,58.3191],[11.5528,58.315],[11.5495,58.3143],[11.5501,58.3122],[11.5462,58.3127],[11.5478,58.3115],[11.5441,58.3104],[11.54,58.3113],[11.5396,58.3095],[11.537,58.3093],[11.5376,58.306],[11.5328,58.3034],[11.5361,58.3014],[11.5306,58.2991],[11.5354,58.2961],[11.5247,58.2937],[11.5295,58.286],[11.5245,58.2825],[11.5249,58.2804],[11.5199,58.2822],[11.5163,58.2815],[11.5067,58.2754],[11.505,58.2786],[11.5027,58.2782],[11.5007,58.275],[11.5042,58.274],[11.5011,58.2737],[11.5035,58.2716],[11.5013,58.2715],[11.5046,58.271],[11.5065,58.2753],[11.5093,58.2718],[11.5077,58.2652],[11.5129,58.2649],[11.5153,58.2629],[11.508,58.2621],[11.5087,58.2603],[11.5026,58.255],[11.5047,58.2537],[11.4991,58.248],[11.5183,58.2428],[11.5301,58.2444],[11.5361,58.2401],[11.5445,58.2419],[11.5448,58.2387],[11.5512,58.2386],[11.557,58.2346],[11.5635,58.2375],[11.5704,58.244],[11.5696,58.2471],[11.574,58.2474],[11.573,58.2513],[11.5688,58.2541],[11.5702,58.2548],[11.5634,58.2543],[11.5614,58.2566],[11.5539,58.254],[11.5506,58.2576],[11.5553,58.2577],[11.5566,58.2608],[11.5438,58.2684],[11.5432,58.2723],[11.5474,58.2707],[11.553,58.2645],[11.5588,58.2633],[11.5589,58.2604],[11.5625,58.2596],[11.5692,58.2626],[11.5861,58.2574],[11.594,58.2583],[11.5952,58.2607],[11.6016,58.2605],[11.6144,58.2649],[11.6204,58.2639],[11.6214,58.262],[11.6293,58.2612],[11.6322,58.2625],[11.6429,58.2589],[11.6403,58.2633],[11.6355,58.2639],[11.6402,58.2646],[11.639,58.2678],[11.6422,58.27],[11.6502,58.2684],[11.6513,58.2727],[11.647,58.2769],[11.6577,58.2838],[11.6689,58.287],[11.6665,58.2926],[11.6696,58.2954],[11.667,58.2997],[11.6754,58.3045],[11.6723,58.3046],[11.6716,58.3078],[11.6764,58.3084],[11.6782,58.3112],[11.6852,58.3117],[11.6868,58.3089],[11.6916,58.3103],[11.6987,58.3073],[11.7029,58.3074],[11.7114,58.3123],[11.711,58.3142],[11.7144,58.3146],[11.7225,58.3137],[11.725,58.308],[11.7284,58.307],[11.7301,58.3104],[11.74,58.3166],[11.7371,58.3182],[11.7251,58.3149],[11.7223,58.3176],[11.7296,58.3205],[11.7282,58.3264],[11.7349,58.3284],[11.7211,58.3303],[11.7167,58.3292],[11.707,58.33],[11.6955,58.3386],[11.6977,58.3416],[11.712,58.3376],[11.7265,58.3372],[11.7312,58.3407],[11.7371,58.3411],[11.7427,58.3382],[11.7631,58.3382],[11.7684,58.3368],[11.7713,58.3339],[11.7744,58.3339],[11.7734,58.333],[11.7788,58.333],[11.7938,58.3248],[11.8066,58.3278],[11.804,58.3249],[11.8059,58.321],[11.8139,58.3229],[11.8155,58.328],[11.8237,58.3268],[11.8302,58.3298],[11.8341,58.3287],[11.8393,58.3298],[11.8413,58.3284],[11.8376,58.3266],[11.8444,58.3267],[11.8578,58.3316],[11.8547,58.3343],[11.8687,58.3378],[11.874,58.344],[11.8808,58.3442],[11.8819,58.3461],[11.887,58.3474],[11.8944,58.3468],[11.8983,58.3441],[11.8988,58.3479],[11.9005,58.3443],[11.8994,58.3527],[11.9075,58.3526],[11.9074,58.3503],[11.9078,58.3526],[11.9117,58.3525],[11.9038,58.3448],[11.9071,58.3449],[11.9113,58.3486],[11.9097,58.3453],[11.913,58.3449],[11.9092,58.3419],[11.9078,58.3432],[11.9054,58.3415],[11.9084,58.3403],[11.9064,58.3375],[11.9114,58.3345],[11.9071,58.3307],[11.9049,58.3313],[11.902,58.3297],[11.8931,58.3315],[11.8852,58.3302],[11.8899,58.3323],[11.8874,58.3329],[11.8824,58.3296],[11.8828,58.327],[11.8731,58.3254],[11.8695,58.3228],[11.8578,58.3228],[11.8527,58.3261],[11.846,58.3232],[11.8429,58.3191],[11.8307,58.3185],[11.8287,58.3196],[11.8267,58.3167],[11.8211,58.316],[11.8159,58.3173],[11.8131,58.3145],[11.8142,58.3089],[11.8253,58.3015],[11.8194,58.2962],[11.8147,58.296],[11.8139,58.2894],[11.8183,58.2845],[11.8251,58.2857],[11.8268,58.2822],[11.8353,58.2766],[11.8442,58.275],[11.8465,58.27],[11.8416,58.2656],[11.8386,58.2657],[11.8384,58.2594],[11.8438,58.2573],[11.849,58.2591],[11.8563,58.2576],[11.8555,58.2525],[11.8629,58.2486],[11.8658,58.2402],[11.8747,58.2371],[11.8704,58.2295],[11.8731,58.2222],[11.8834,58.2192],[11.8901,58.221],[11.8925,58.2237],[11.9063,58.2256],[11.9076,58.2279],[11.9122,58.2292],[11.9152,58.2286],[11.9166,58.2224],[11.9099,58.2212],[11.9091,58.2185],[11.8981,58.2104],[11.8947,58.2007],[11.8827,58.1999],[11.8789,58.2007],[11.8782,58.2029],[11.8699,58.2044],[11.8682,58.2015],[11.8657,58.2025],[11.8639,58.2011],[11.8685,58.1978],[11.857,58.195],[11.856,58.1904],[11.8603,58.189],[11.8581,58.1868],[11.8602,58.1852],[11.856,58.1833],[11.8576,58.176],[11.8557,58.1743],[11.8638,58.1695],[11.8658,58.16],[11.8616,58.1567],[11.855,58.158],[11.8579,58.1562],[11.8536,58.1545],[11.8579,58.1541],[11.8589,58.1522],[11.8524,58.1495],[11.8472,58.1434],[11.843,58.1461],[11.84,58.1424],[11.8394,58.1386],[11.8449,58.1344],[11.8421,58.1344],[11.8438,58.1306],[11.8402,58.1298],[11.8387,58.1268],[11.8418,58.1229],[11.8462,58.123],[11.8458,58.125],[11.8415,58.1252],[11.8431,58.1264],[11.8491,58.1235],[11.8394,58.1196],[11.8388,58.1179],[11.8354,58.1177],[11.8319,58.1093],[11.8297,58.1104],[11.8251,58.1067],[11.8222,58.1075],[11.8234,58.109],[11.8206,58.1091],[11.8033,58.1043],[11.8105,58.1022],[11.8213,58.106],[11.8193,58.1016],[11.8258,58.1026],[11.8293,58.1016],[11.8304,58.0955],[11.8335,58.0949],[11.8325,58.0923],[11.8208,58.0916],[11.8203,58.0864],[11.811,58.0861],[11.8113,58.087],[11.8096,58.0853],[11.8031,58.0861],[11.8003,58.0836],[11.803,58.0828],[11.7979,58.0828],[11.7995,58.0814],[11.8041,58.0826],[11.814,58.0773],[11.8165,58.0779],[11.8144,58.072],[11.8172,58.0699],[11.8148,58.064],[11.8116,58.0633],[11.821,58.0552],[11.8122,58.0527],[11.8167,58.0501],[11.8104,58.0457],[11.8142,58.0454],[11.8209,58.0406],[11.8207,58.0363],[11.8164,58.0328],[11.8204,58.0305],[11.8143,58.0254],[11.8169,58.0225],[11.8019,58.0187],[11.8016,58.0155],[11.7983,58.0145],[11.8041,58.013],[11.803,58.0097],[11.808,58.0061],[11.8066,58.003],[11.8125,57.9985],[11.8102,57.9958],[11.8148,57.9931],[11.8119,57.9896],[11.8014,57.9899],[11.7921,57.9882],[11.7915,57.9868],[11.8007,57.9809],[11.7982,57.9795],[11.7846,57.9793],[11.7744,57.971],[11.7665,57.9703],[11.7563,57.9662],[11.7572,57.9638],[11.7535,57.9631],[11.7581,57.9508],[11.7643,57.9503],[11.7709,57.9523],[11.7821,57.9528],[11.786,57.9504],[11.7837,57.9491],[11.7767,57.949],[11.7717,57.9465],[11.7583,57.9462],[11.7535,57.9445],[11.7558,57.9372],[11.7509,57.9361],[11.7487,57.9319],[11.7502,57.931],[11.7551,57.932],[11.7579,57.9373],[11.7637,57.9383],[11.767,57.9364],[11.7645,57.9345],[11.7693,57.9307],[11.7766,57.9312],[11.7858,57.9285],[11.7858,57.9258],[11.7894,57.9244],[11.7876,57.9203],[11.7694,57.9215],[11.7595,57.9199],[11.7555,57.923],[11.7523,57.9214],[11.7555,57.9134],[11.7636,57.9092],[11.777,57.9057],[11.7828,57.9065],[11.785,57.9019],[11.7813,57.9021],[11.7805,57.9005],[11.763,57.9042],[11.7397,57.9009],[11.7248,57.9032],[11.7134,57.9009],[11.7126,57.8992],[11.7156,57.8991],[11.7027,57.8927],[11.7076,57.8931],[11.7054,57.8915],[11.7162,57.89],[11.7141,57.8879],[11.7199,57.8868],[11.7073,57.8778],[11.7111,57.8781],[11.7092,57.8756],[11.7126,57.8739],[11.706,57.8745],[11.7004,57.8725],[11.697,57.8686],[11.6996,57.8664],[11.6835,57.8542],[11.6805,57.8547],[11.6754,57.8526],[11.6743,57.8516],[11.6792,57.851],[11.6729,57.8487],[11.6889,57.8491],[11.6907,57.8516],[11.7002,57.8554],[11.6982,57.8509],[11.7078,57.8548],[11.711,57.8542],[11.7114,57.8522],[11.7057,57.8506],[11.7095,57.8515],[11.7099,57.8498],[11.6923,57.8453],[11.6916,57.844],[11.6907,57.8453],[11.6839,57.8435],[11.6826,57.8419],[11.686,57.8426],[11.6821,57.8415],[11.6846,57.8401],[11.6819,57.8394],[11.689,57.8384],[11.684,57.8372],[11.6847,57.8361],[11.7,57.8376],[11.6899,57.8334],[11.6953,57.8333],[11.6929,57.8319],[11.6969,57.8301],[11.7035,57.8293],[11.7071,57.8309],[11.7107,57.8281],[11.7161,57.8284],[11.718,57.8255],[11.7156,57.8258],[11.7136,57.8233],[11.7185,57.8246],[11.7179,57.8233],[11.7213,57.8229],[11.7273,57.8242],[11.7321,57.8187],[11.7205,57.8173],[11.7288,57.8162],[11.7301,57.8136],[11.736,57.8133],[11.7335,57.8097],[11.737,57.8066],[11.7339,57.8049],[11.7452,57.8054],[11.7441,57.8023],[11.7399,57.8019],[11.743,57.8007],[11.7414,57.7996],[11.7503,57.7996],[11.7512,57.7981],[11.7407,57.7972],[11.7401,57.7947],[11.7367,57.7954],[11.7255,57.7931],[11.7312,57.7926],[11.732,57.7895],[11.7242,57.7882],[11.732,57.7868],[11.728,57.7859],[11.7325,57.7848],[11.732,57.7834],[11.7508,57.7892],[11.751,57.7917],[11.7565,57.7915],[11.7598,57.7944],[11.7625,57.7939],[11.7578,57.7891],[11.7642,57.7885],[11.7694,57.7914],[11.7692,57.7963],[11.772,57.7977],[11.797,57.7957],[11.798,57.7946],[11.8056,57.7963],[11.8135,57.7935],[11.8317,57.7952],[11.8349,57.7908],[11.8168,57.7869],[11.8116,57.7837],[11.8114,57.782],[11.8173,57.7817],[11.8162,57.7782],[11.8129,57.7767],[11.8154,57.7749],[11.8088,57.7772],[11.7982,57.7765],[11.798,57.774],[11.8032,57.773],[11.7852,57.7694],[11.78,57.7662],[11.7814,57.7651],[11.7784,57.7645],[11.7921,57.7638],[11.7986,57.7649],[11.8058,57.7638],[11.8063,57.7607],[11.7951,57.7582],[11.7967,57.7565],[11.8031,57.7554],[11.7996,57.7527],[11.7999,57.7503],[11.7959,57.7523],[11.7905,57.7511],[11.7824,57.7517],[11.773,57.7485],[11.7808,57.749],[11.7792,57.7468],[11.7671,57.7459],[11.7544,57.7477],[11.7515,57.7462],[11.7455,57.7464],[11.744,57.7447],[11.7449,57.7462],[11.7426,57.7463],[11.7408,57.7445],[11.732,57.7428],[11.7341,57.7405],[11.7244,57.7391],[11.7263,57.7344],[11.7204,57.7351],[11.7196,57.7327],[11.7251,57.7291],[11.7197,57.7281],[11.7167,57.7245],[11.7153,57.7276],[11.7129,57.7274],[11.7129,57.725],[11.7076,57.7239],[11.7048,57.721],[11.7064,57.7172],[11.7181,57.7138],[11.7138,57.7111],[11.7052,57.7091],[11.7044,57.7104],[11.7009,57.7056],[11.7053,57.703],[11.7076,57.7059],[11.7053,57.7082],[11.7073,57.7086],[11.711,57.7066],[11.7126,57.7015],[11.72,57.6976],[11.7208,57.6988],[11.7241,57.6984],[11.7373,57.7018],[11.7345,57.6994],[11.7361,57.7004],[11.7507,57.694],[11.7529,57.6967],[11.7521,57.6942],[11.757,57.6932],[11.7548,57.6909],[11.7605,57.6887],[11.7647,57.6893],[11.7644,57.6877],[11.7666,57.6883],[11.7683,57.6861],[11.7724,57.6889],[11.7687,57.6901],[11.7712,57.6913],[11.7664,57.6908],[11.768,57.6946],[11.7646,57.6952],[11.7704,57.699],[11.7737,57.6982],[11.7777,57.6998],[11.7788,57.698],[11.7747,57.6963],[11.7767,57.6971],[11.78,57.6961],[11.776,57.6967],[11.774,57.6951],[11.7845,57.6949],[11.7829,57.6975],[11.7869,57.6985],[11.7857,57.6998],[11.7811,57.6995],[11.7814,57.7019],[11.7879,57.6988],[11.786,57.6962],[11.7954,57.6945],[11.7957,57.6914],[11.7981,57.6924],[11.7982,57.6911],[11.8027,57.6911],[11.8046,57.6834],[11.8069,57.6854],[11.8062,57.6895],[11.8033,57.6951],[11.7994,57.6963],[11.8038,57.6979],[11.8036,57.7024],[11.8081,57.7047],[11.8045,57.6977],[11.8202,57.6822],[11.8529,57.6778],[11.8495,57.6741],[11.8519,57.6701],[11.8478,57.6688],[11.8496,57.6664],[11.8446,57.6658],[11.8472,57.6618],[11.841,57.6614],[11.8404,57.6587],[11.8427,57.6582],[11.8495,57.6607],[11.8545,57.6677],[11.8573,57.6675],[11.8593,57.6637],[11.8504,57.6584],[11.8449,57.6496],[11.8484,57.6486],[11.8517,57.6445],[11.8547,57.6443],[11.8497,57.6475],[11.8544,57.6483],[11.858,57.6472],[11.8579,57.6439],[11.8606,57.6438],[11.8579,57.6417],[11.8634,57.639],[11.868,57.6399],[11.8699,57.6372],[11.874,57.6368],[11.8736,57.6304],[11.8783,57.6301],[11.8799,57.6326],[11.881,57.6293],[11.8754,57.6245],[11.8776,57.6206],[11.8749,57.6182],[11.8813,57.6154],[11.8776,57.6123],[11.8811,57.6124],[11.8834,57.6153],[11.8868,57.6156],[11.883,57.6128],[11.8865,57.6118],[11.8851,57.6092],[11.8904,57.6106],[11.894,57.6084],[11.8973,57.6091],[11.8982,57.6113],[11.8945,57.6134],[11.8949,57.6153],[11.9049,57.6152],[11.9067,57.6168],[11.9064,57.6241],[11.9095,57.6233],[11.9074,57.6244],[11.9102,57.6243],[11.9071,57.6305],[11.9095,57.6351],[11.9102,57.6291],[11.915,57.6249],[11.9124,57.6248],[11.9164,57.6246],[11.922,57.627],[11.9301,57.6219],[11.9268,57.6191],[11.9219,57.6198],[11.921,57.6101],[11.9182,57.6092],[11.9187,57.6076],[11.9215,57.6078],[11.9238,57.5995],[11.9197,57.5973],[11.9197,57.5942],[11.9293,57.5858],[11.9258,57.586],[11.9257,57.584],[11.9277,57.583],[11.9298,57.5846],[11.9336,57.5827],[11.9314,57.5786],[11.9352,57.5783],[11.9265,57.5767],[11.9255,57.5735],[11.9328,57.5772],[11.9388,57.5754],[11.9319,57.5708],[11.9341,57.57],[11.9323,57.5678],[11.9247,57.5672],[11.9275,57.5627],[11.9221,57.5617],[11.9294,57.561],[11.9285,57.5597],[11.9921,57.5645],[12.0095,57.5461],[12.0912,57.5471],[12.1025,57.5665],[12.1822,57.5634],[12.2762,57.5982],[12.3431,57.5614],[12.3239,57.5489],[12.3134,57.5187],[12.3435,57.4856],[12.3247,57.463],[12.3393,57.4492],[12.3599,57.4555],[12.4079,57.4371],[12.4176,57.4048],[12.4005,57.3981],[12.3875,57.3592],[12.3929,57.3358],[12.4289,57.3215],[12.4273,57.2784],[12.4534,57.2857],[12.5072,57.2939],[12.5332,57.3123],[12.5378,57.3295],[12.5604,57.3416],[12.5843,57.3418],[12.5906,57.3542],[12.6232,57.3542],[12.6278,57.3383],[12.6555,57.3424],[12.6736,57.337],[12.6952,57.3442],[12.7047,57.3196],[12.7397,57.3088],[12.7547,57.2899],[12.7711,57.2846],[12.8044,57.3101],[12.8443,57.2774],[12.9104,57.2823],[12.93,57.2768],[12.9346,57.2657],[12.9536,57.248],[12.9209,57.2382],[12.9124,57.1989],[12.9241,57.1904],[12.9654,57.1885],[12.9895,57.1948],[13.0098,57.1878],[13.0275,57.193],[13.0262,57.1682],[13.0517,57.1715],[13.0504,57.1603],[13.07,57.161],[13.0779,57.1695],[13.0995,57.1715],[13.1027,57.1597],[13.1338,57.173],[13.1931,57.2363],[13.1976,57.2571],[13.2244,57.2637],[13.2322,57.278],[13.2499,57.2742],[13.2643,57.2637],[13.2892,57.2931],[13.2879,57.3186],[13.3657,57.333],[13.3925,57.35],[13.4338,57.3566],[13.4318,57.3782],[13.4723,57.3847],[13.4802,57.4017],[13.5155,57.4142],[13.5169,57.4392],[13.5365,57.4377],[13.5482,57.4541],[13.5875,57.4861],[13.5875,57.4999],[13.6778,57.5528],[13.6954,57.5797],[13.6751,57.5823],[13.6706,57.6006],[13.6712,57.6274],[13.7105,57.6431],[13.7216,57.6706],[13.7249,57.6948],[13.6941,57.7066],[13.7334,57.721],[13.7131,57.7275],[13.7209,57.7458],[13.755,57.7726],[13.7432,57.8021],[13.7504,57.8106],[13.7412,57.8178],[13.739,57.8587],[13.7679,57.875],[13.7691,57.8976],[13.793,57.911],[13.7938,57.9269],[13.7721,57.9244],[13.7629,57.9407],[13.7398,57.9403],[13.7285,57.9345],[13.7139,57.9642],[13.69,57.9747],[13.7235,57.9763],[13.7203,57.9875],[13.7365,57.9998],[13.756,57.9965],[13.7568,58.006],[13.7765,58.0108],[13.7684,58.0422],[13.7889,58.0532],[13.8151,58.0527],[13.8617,58.0384],[13.8713,58.0475],[13.9141,58.0437],[13.9465,58.0322],[13.9618,58.007],[14.0675,58.0241],[14.0718,58.0432],[14.1066,58.0613],[14.1199,58.0742],[14.1109,58.0856],[14.1223,58.0965],[14.1305,58.1454],[14.1706,58.1234],[14.2119,58.1338],[14.3142,58.1314],[14.367,58.1796],[14.42,58.1931],[14.4747,58.2966],[14.7073,58.5385],[14.7143,58.5885],[14.7797,58.6811],[14.7146,58.6996],[14.6912,58.7191],[14.6964,58.7446],[14.6251,58.7424],[14.6337,58.7009],[14.5394,58.6827],[14.542,58.6914],[14.5602,58.7065],[14.5515,58.7216],[14.5351,58.7212],[14.5342,58.729],[14.5182,58.729],[14.5057,58.7178],[14.472,58.7216],[14.4819,58.7424],[14.4737,58.7848],[14.4456,58.7978],[14.4222,58.7973],[14.387,58.8317],[14.3953,58.8464],[14.374,58.8467],[14.3657,58.8547],[14.3795,58.8655],[14.4006,58.8638],[14.3903,58.8755],[14.4028,58.8852],[14.3801,58.8849],[14.3621,58.9011],[14.3449,58.8973],[14.33,58.9091],[14.3289,58.927],[14.2888,58.9545],[14.3036,59.0115]]]]}},
    {"type":"Feature","properties":{"kod":"17","namn":"Värmlands län"},"geometry":{"type":"Polygon","coordinates":[[[12.6514,61.0521],[12.6102,61.0464],[12.4864,61.0517],[12.4479,61.0512],[12.2421,61.0198],[12.2239,61.0131],[12.3328,60.8903],[12.3345,60.8526],[12.3494,60.8179],[12.3953,60.7338],[12.4609,60.6852],[12.5117,60.6432],[12.5182,60.6004],[12.582,60.551],[12.6068,60.5128],[12.606,60.4059],[12.5473,60.3493],[12.4988,60.3237],[12.5058,60.2767],[12.525,60.2236],[12.5419,60.1934],[12.5006,60.0991],[12.4805,60.073],[12.4486,60.0392],[12.4248,60.0265],[12.3957,60.0156],[12.3411,59.9657],[12.231,59.9276],[12.1745,59.8898],[12.1554,59.8867],[12.1262,59.8941],[12.0535,59.8859],[12.0333,59.889],[11.9865,59.8991],[11.9852,59.9006],[11.9294,59.8857],[11.921,59.8811],[11.9212,59.8745],[11.9153,59.8723],[11.8961,59.8711],[11.885,59.8719],[11.8815,59.8674],[11.8829,59.8632],[11.8879,59.8595],[11.8843,59.8562],[11.8703,59.8499],[11.8398,59.8406],[11.8537,59.83],[11.8758,59.8287],[11.8859,59.824],[11.8952,59.8159],[11.9042,59.8118],[11.9096,59.8023],[11.9263,59.7937],[11.9258,59.7857],[11.9328,59.7675],[11.9323,59.7635],[11.9291,59.7623],[11.9337,59.7602],[11.923,59.7499],[11.9335,59.7387],[11.9326,59.7302],[11.9377,59.7284],[11.9363,59.7131],[11.9336,59.7105],[11.9378,59.7079],[11.937,59.7005],[11.9459,59.7006],[11.9449,59.6982],[11.9399,59.6946],[11.8892,59.6932],[11.878,59.6828],[11.8703,59.6625],[11.8624,59.6527],[11.8557,59.6483],[11.7789,59.643],[11.7206,59.6255],[11.698,59.6088],[11.6911,59.5895],[11.7286,59.5112],[11.7469,59.4912],[11.7532,59.4794],[11.7599,59.4582],[11.7609,59.4286],[11.7741,59.4143],[11.7799,59.3865],[11.7921,59.3736],[11.7898,59.3711],[11.8162,59.3447],[11.8284,59.2392],[11.8876,59.2241],[11.9143,59.2217],[11.933,59.2342],[11.9456,59.2518],[12.0061,59.2127],[12.0253,59.211],[12.0352,59.2001],[12.078,59.1793],[12.0963,59.1925],[12.0837,59.2266],[12.0799,59.2556],[12.1178,59.2514],[12.1916,59.2506],[12.2067,59.2606],[12.2344,59.2574],[12.2521,59.2014],[12.2729,59.1906],[12.3,59.1976],[12.3132,59.1964],[12.3171,59.1818],[12.3436,59.1724],[12.418,59.1938],[12.4558,59.1901],[12.4564,59.178],[12.4186,59.1742],[12.4129,59.1667],[12.4545,59.1553],[12.4583,59.1459],[12.468,59.1452],[12.4583,59.1314],[12.5072,59.1282],[12.5239,59.1345],[12.5485,59.1232],[12.5875,59.1207],[12.5876,59.1307],[12.611,59.1433],[12.6122,59.1572],[12.6267,59.1654],[12.6242,59.1736],[12.6501,59.1862],[12.6526,59.1761],[12.6745,59.174],[12.7081,59.1496],[12.7529,59.1295],[12.7548,59.1055],[12.7667,59.0399],[12.8311,58.985],[12.8885,58.823],[13.1369,58.7643],[13.1711,58.7716],[13.2416,58.7321],[13.4151,58.7542],[13.3299,58.8154],[13.4144,58.9604],[13.5816,59.0582],[14.0291,59.0292],[14.0246,59.0409],[14.0661,59.0452],[14.1489,59.0456],[14.1654,59.0367],[14.2102,59.042],[14.2232,59.0279],[14.2595,59.0115],[14.3036,59.0115],[14.3289,59.0569],[14.3416,59.0727],[14.3437,59.0991],[14.3036,59.1192],[14.3068,59.1382],[14.293,59.154],[14.2994,59.1952],[14.293,59.2079],[14.293,59.229],[14.3099,59.2448],[14.311,59.2892],[14.3321,59.3282],[14.3606,59.3261],[14.3691,59.3399],[14.3659,59.3578],[14.3817,59.362],[14.3775,59.3779],[14.3997,59.3905],[14.4071,59.4064],[14.425,59.4117],[14.4715,59.4338],[14.4419,59.4539],[14.4293,59.4895],[14.3976,59.4961],[14.3923,59.5109],[14.444,59.5352],[14.4747,59.5194],[14.4673,59.5912],[14.4397,59.6542],[14.4293,59.6577],[14.4388,59.6767],[14.4124,59.7115],[14.4205,59.7273],[14.4039,59.7337],[14.4081,59.7538],[14.4398,59.7654],[14.4187,59.8245],[14.4261,59.8403],[14.4145,59.8878],[14.4306,59.902],[14.405,59.9153],[14.3824,59.906],[14.3617,59.9164],[14.371,59.9337],[14.3353,59.9523],[14.4641,59.9713],[14.443,60.0137],[14.2114,60.0895],[14.1929,60.1674],[14.1561,60.1878],[14.1479,60.2114],[14.0208,60.2124],[14.0251,60.2338],[13.9552,60.235],[14.0106,60.1858],[13.9593,60.1612],[13.8522,60.2341],[13.8259,60.2345],[13.733,60.3401],[13.6585,60.3907],[13.5505,60.3978],[13.4577,60.4426],[13.4416,60.4906],[13.2482,60.6505],[13.1983,60.6571],[13.1631,60.7404],[12.686,60.9805],[12.6514,61.0521]]]}},
    {"type":"Feature","properties":{"kod":"18","namn":"Örebro län"},"geometry":{"type":"Polygon","coordinates":[[[14.443,60.0137],[14.4641,59.9713],[14.3353,59.9523],[14.371,59.9337],[14.3617,59.9164],[14.3824,59.906],[14.405,59.9153],[14.4306,59.902],[14.4145,59.8878],[14.4261,59.8403],[14.4187,59.8245],[14.4398,59.7654],[14.4081,59.7538],[14.4039,59.7337],[14.4205,59.7273],[14.4124,59.7115],[14.4388,59.6767],[14.4293,59.6577],[14.4397,59.6542],[14.4673,59.5912],[14.4747,59.5194],[14.444,59.5352],[14.3923,59.5109],[14.3976,59.4961],[14.4293,59.4895],[14.4419,59.4539],[14.4715,59.4338],[14.425,59.4117],[14.4071,59.4064],[14.3997,59.3905],[14.3775,59.3779],[14.3817,59.362],[14.3659,59.3578],[14.3691,59.3399],[14.3606,59.3261],[14.3321,59.3282],[14.311,59.2892],[14.3099,59.2448],[14.293,59.229],[14.293,59.2079],[14.2994,59.1952],[14.293,59.154],[14.3068,59.1382],[14.3036,59.1192],[14.3437,59.0991],[14.3416,59.0727],[14.3289,59.0569],[14.3036,59.0115],[14.2888,58.9545],[14.3289,58.927],[14.33,58.9091],[14.3449,58.8973],[14.3621,58.9011],[14.3801,58.8849],[14.4028,58.8852],[14.3903,58.8755],[14.4006,58.8638],[14.3795,58.8655],[14.3657,58.8547],[14.374,58.8467],[14.3953,58.8464],[14.387,58.8317],[14.4222,58.7973],[14.4456,58.7978],[14.4737,58.7848],[14.4819,58.7424],[14.472,58.7216],[14.5057,58.7178],[14.5182,58.729],[14.5342,58.729],[14.5351,58.7212],[14.5515,58.7216],[14.5602,58.7065],[14.542,58.6914],[14.5394,58.6827],[14.6337,58.7009],[14.6251,58.7424],[14.6964,58.7446],[14.6912,58.7191],[14.7146,58.6996],[14.8062,58.6736],[14.9329,58.7053],[14.9804,58.6947],[15.0069,58.7018],[15.01,58.7108],[15.0385,58.7104],[15.051,58.729],[15.0506,58.7433],[15.0792,58.7697],[15.0952,58.7679],[15.1041,58.7738],[15.1198,58.7753],[15.1246,58.8008],[15.1349,58.822],[15.1656,58.8151],[15.2002,58.8194],[15.2229,58.835],[15.2221,58.8436],[15.2489,58.8436],[15.2622,58.8661],[15.2899,58.8602],[15.2929,58.8528],[15.3261,58.8616],[15.3272,58.8533],[15.3497,58.8323],[15.3843,58.8506],[15.4031,58.8456],[15.4136,58.8118],[15.4308,58.8254],[15.4543,58.8262],[15.4543,58.8436],[15.4427,58.8542],[15.4435,58.8672],[15.4822,58.8672],[15.4936,58.8702],[15.5179,58.8666],[15.542,58.876],[15.5545,58.8777],[15.5648,58.8938],[15.5858,58.8982],[15.592,58.909],[15.557,58.9441],[15.5561,58.9596],[15.5873,58.9595],[15.6254,58.9855],[15.6405,58.9772],[15.6816,58.9781],[15.6833,58.9828],[15.663,58.9862],[15.6508,58.9975],[15.6541,59.0116],[15.6303,59.0133],[15.622,59.0166],[15.6223,59.0258],[15.6361,59.0343],[15.6408,59.0543],[15.6707,59.0642],[15.6837,59.0645],[15.7017,59.0772],[15.7142,59.0806],[15.7167,59.0867],[15.7017,59.0922],[15.7064,59.1006],[15.7748,59.106],[15.8061,59.1157],[15.7616,59.1987],[15.7671,59.21],[15.8008,59.2391],[15.7307,59.2354],[15.6925,59.2782],[15.6425,59.2855],[15.6125,59.2946],[15.6388,59.3209],[15.6407,59.3437],[15.6152,59.3555],[15.6279,59.3628],[15.6043,59.3774],[15.6061,59.4037],[15.6288,59.401],[15.6352,59.4101],[15.6589,59.4083],[15.6745,59.4126],[15.6925,59.4103],[15.7036,59.4173],[15.7286,59.4138],[15.7403,59.4295],[15.7211,59.4556],[15.7181,59.4778],[15.6914,59.4813],[15.6937,59.4959],[15.7082,59.507],[15.7321,59.511],[15.7072,59.5392],[15.6797,59.5384],[15.6762,59.5302],[15.6349,59.5238],[15.6325,59.5745],[15.643,59.5809],[15.6384,59.5984],[15.6267,59.599],[15.629,59.6275],[15.6087,59.6321],[15.5598,59.6252],[15.5237,59.6327],[15.5155,59.6519],[15.5289,59.6624],[15.5312,59.6799],[15.5574,59.6968],[15.5534,59.7148],[15.5615,59.723],[15.5313,59.7528],[15.5359,59.7608],[15.5171,59.7771],[15.5184,59.7894],[15.5122,59.7938],[15.4315,59.7946],[15.4393,59.802],[15.4468,59.8035],[15.4487,59.8128],[15.4613,59.8162],[15.4532,59.8257],[15.4598,59.8326],[15.4475,59.8471],[15.4309,59.8516],[15.3851,59.8756],[15.3654,59.871],[15.361,59.8887],[15.236,59.9665],[15.2109,59.9935],[15.1329,59.9994],[15.0456,60.0405],[15.0331,60.026],[15.008,60.0516],[14.8938,60.0424],[14.8724,60.075],[14.8426,60.0731],[14.8543,60.1058],[14.8118,60.1038],[14.736,60.0751],[14.7544,59.9891],[14.443,60.0137]]]}},
    {"type":"Feature","properties":{"kod":"19","namn":"Västmanlands län"},"geometry":{"type":"Polygon","coordinates":[[[15.4309,59.8516],[15.4475,59.8471],[15.4598,59.8326],[15.4532,59.8257],[15.4613,59.8162],[15.4487,59.8128],[15.4468,59.8035],[15.4393,59.802],[15.4315,59.7946],[15.5122,59.7938],[15.5184,59.7894],[15.5171,59.7771],[15.5359,59.7608],[15.5313,59.7528],[15.5615,59.723],[15.5534,59.7148],[15.5574,59.6968],[15.5312,59.6799],[15.5289,59.6624],[15.5155,59.6519],[15.5237,59.6327],[15.5598,59.6252],[15.6087,59.6321],[15.629,59.6275],[15.6267,59.599],[15.6384,59.5984],[15.643,59.5809],[15.6325,59.5745],[15.6349,59.5238],[15.6762,59.5302],[15.6797,59.5384],[15.7072,59.5392],[15.7321,59.511],[15.7082,59.507],[15.6937,59.4959],[15.6914,59.4813],[15.7181,59.4778],[15.7211,59.4556],[15.7403,59.4295],[15.7286,59.4138],[15.7036,59.4173],[15.6925,59.4103],[15.6745,59.4126],[15.6589,59.4083],[15.6352,59.4101],[15.6288,59.401],[15.6061,59.4037],[15.6043,59.3774],[15.6279,59.3628],[15.6152,59.3555],[15.6407,59.3437],[15.6388,59.3209],[15.6125,59.2946],[15.6425,59.2855],[15.6925,59.2782],[15.7307,59.2354],[15.8008,59.2391],[15.7671,59.21],[15.894,59.2408],[15.8695,59.2903],[15.8847,59.2938],[15.8858,59.309],[15.9068,59.3043],[15.9155,59.3119],[15.9161,59.3235],[15.9417,59.3282],[15.9429,59.348],[15.9627,59.3579],[15.9848,59.3585],[15.9959,59.3649],[16.0386,59.3749],[16.0588,59.3693],[16.0732,59.3582],[16.1664,59.3526],[16.1776,59.3589],[16.1925,59.3589],[16.2157,59.3664],[16.2696,59.3672],[16.2771,59.3882],[16.2975,59.3981],[16.2474,59.4196],[16.2463,59.426],[16.2556,59.4522],[16.2632,59.4573],[16.2666,59.4557],[16.3022,59.4563],[16.3295,59.4534],[16.3762,59.4712],[16.4046,59.4598],[16.6233,59.4845],[16.649,59.486],[16.6661,59.4916],[16.7012,59.4864],[16.7209,59.4886],[16.7571,59.502],[16.8353,59.4979],[16.8871,59.4782],[16.9073,59.4785],[16.9177,59.4823],[16.9333,59.4841],[16.9535,59.492],[16.9826,59.5299],[16.9656,59.5339],[16.9223,59.5629],[16.9205,59.5827],[16.868,59.6541],[16.8611,59.6665],[16.8588,59.6767],[16.8473,59.6799],[16.8441,59.6891],[16.8256,59.6965],[16.8261,59.714],[16.7865,59.7264],[16.7877,59.75],[16.7326,59.782],[16.7662,59.7983],[16.7774,59.808],[16.7948,59.8139],[16.8113,59.8168],[16.8119,59.8354],[16.8163,59.8419],[16.8023,59.8501],[16.8405,59.8602],[16.8298,59.8724],[16.8045,59.8681],[16.8056,59.8838],[16.7719,59.8984],[16.7854,59.9052],[16.8068,59.9074],[16.8011,59.9378],[16.7886,59.9531],[16.764,59.9501],[16.7798,59.9704],[16.7438,59.9805],[16.7448,59.9976],[16.7303,59.9962],[16.7236,60.0086],[16.7427,60.0333],[16.7146,60.0479],[16.7213,60.0614],[16.7,60.0805],[16.7191,60.0895],[16.7135,60.1041],[16.7382,60.1053],[16.7359,60.1199],[16.7562,60.1311],[16.7404,60.1491],[16.7449,60.1637],[16.7083,60.1838],[16.6659,60.1854],[16.6594,60.1736],[16.6242,60.1728],[16.5932,60.167],[16.5771,60.1681],[16.5407,60.1672],[16.5305,60.1548],[16.5445,60.1441],[16.5369,60.1307],[16.4869,60.1273],[16.4424,60.1151],[16.4059,60.0837],[16.3892,60.0855],[16.3817,60.0737],[16.3153,60.0663],[16.2941,60.0597],[16.2839,60.0683],[16.2272,60.0702],[16.2087,60.0657],[16.1459,60.0888],[16.1663,60.1129],[16.1351,60.1296],[16.0563,60.1405],[16.0278,60.1707],[15.9473,60.1745],[15.9346,60.1639],[15.8909,60.1563],[15.8125,60.168],[15.8015,60.1635],[15.776,60.1395],[15.7293,60.137],[15.7273,60.1223],[15.7668,60.1192],[15.7696,60.1102],[15.7242,60.0906],[15.7162,60.0774],[15.7389,60.0732],[15.711,60.0438],[15.6827,60.0397],[15.6953,60.0262],[15.7339,60.0246],[15.735,60.0142],[15.7037,60.0086],[15.7162,59.9868],[15.7188,59.9599],[15.6802,59.94],[15.6273,59.9272],[15.6021,59.9398],[15.5291,59.9549],[15.5014,59.9238],[15.4837,59.9087],[15.488,59.8934],[15.4577,59.8861],[15.4309,59.8516]]]}},
    {"type":"Feature","properties":{"kod":"20","namn":"Dalarnas län"},"geometry":{"type":"Polygon","coordinates":[[[12.2994,62.2675],[12.1379,61.7237],[12.2712,61.6409],[12.3396,61.6139],[12.4197,61.5626],[12.4466,61.5669],[12.5683,61.5683],[12.8709,61.3565],[12.8336,61.2582],[12.7903,61.1971],[12.7073,61.1432],[12.6829,61.0611],[12.6686,61.0551],[12.6514,61.0521],[12.686,60.9805],[13.1631,60.7404],[13.1983,60.6571],[13.2482,60.6505],[13.4416,60.4906],[13.4577,60.4426],[13.5505,60.3978],[13.6585,60.3907],[13.733,60.3401],[13.8259,60.2345],[13.8522,60.2341],[13.9593,60.1612],[14.0106,60.1858],[13.9552,60.235],[14.0251,60.2338],[14.0208,60.2124],[14.1479,60.2114],[14.1561,60.1878],[14.1929,60.1674],[14.2114,60.0895],[14.443,60.0137],[14.7544,59.9891],[14.736,60.0751],[14.8118,60.1038],[14.8543,60.1058],[14.8426,60.0731],[14.8724,60.075],[14.8938,60.0424],[15.008,60.0516],[15.0331,60.026],[15.0456,60.0405],[15.1329,59.9994],[15.2109,59.9935],[15.236,59.9665],[15.361,59.8887],[15.3654,59.871],[15.3851,59.8756],[15.4309,59.8516],[15.4577,59.8861],[15.488,59.8934],[15.4837,59.9087],[15.5014,59.9238],[15.5291,59.9549],[15.6021,59.9398],[15.6273,59.9272],[15.6802,59.94],[15.7188,59.9599],[15.7162,59.9868],[15.7037,60.0086],[15.735,60.0142],[15.7339,60.0246],[15.6953,60.0262],[15.6827,60.0397],[15.711,60.0438],[15.7389,60.0732],[15.7162,60.0774],[15.7242,60.0906],[15.7696,60.1102],[15.7668,60.1192],[15.7273,60.1223],[15.7293,60.137],[15.776,60.1395],[15.8015,60.1635],[15.8125,60.168],[15.8909,60.1563],[15.9346,60.1639],[15.9473,60.1745],[16.0278,60.1707],[16.0563,60.1405],[16.1351,60.1296],[16.1663,60.1129],[16.1459,60.0888],[16.2087,60.0657],[16.2272,60.0702],[16.2839,60.0683],[16.2941,60.0597],[16.3153,60.0663],[16.3817,60.0737],[16.3892,60.0855],[16.4059,60.0837],[16.4424,60.1151],[16.4869,60.1273],[16.5369,60.1307],[16.5445,60.1441],[16.5305,60.1548],[16.5407,60.1672],[16.5771,60.1681],[16.5932,60.167],[16.6242,60.1728],[16.6594,60.1736],[16.6659,60.1854],[16.7083,60.1838],[16.7163,60.1902],[16.7094,60.2143],[16.6355,60.2383],[16.6269,60.2813],[16.5874,60.2951],[16.5358,60.3552],[16.4392,60.379],[16.4104,60.3707],[16.3433,60.4257],[16.2918,60.4822],[16.2591,60.4772],[16.2746,60.4944],[16.2024,60.5288],[16.1996,60.5548],[16.1749,60.5528],[16.1732,60.5735],[16.1457,60.6095],[16.2024,60.6044],[16.2368,60.6164],[16.3308,60.6818],[16.3188,60.7015],[16.3384,60.7211],[16.355,60.7226],[16.3943,60.7468],[16.3943,60.78],[16.2644,60.8555],[16.1452,60.9863],[15.9305,61.0032],[15.7676,61.0429],[15.6897,61.1114],[15.6613,61.2105],[15.4584,61.3214],[15.2106,61.5055],[15.1587,61.5881],[15.0926,61.489],[14.9061,61.5031],[14.7504,61.4937],[14.6885,61.4874],[14.6607,61.496],[14.6819,61.5362],[14.6678,61.5668],[14.6819,61.6046],[14.4729,61.6091],[14.4095,61.5577],[14.3395,61.5909],[13.5689,61.6535],[13.4951,61.6793],[13.5099,61.7199],[13.4435,61.7715],[13.3956,61.8342],[13.2223,61.9264],[13.3661,61.9964],[13.2774,62.0322],[13.1596,62.0186],[13.0752,62.0697],[12.9974,62.0628],[12.9633,62.1576],[12.9089,62.155],[12.8277,62.214],[12.5881,62.2029],[12.2994,62.2675]]]}},
    {"type":"Feature","properties":{"kod":"21","namn":"Gävleborgs län"},"geometry":{"type":"MultiPolygon","coordinates":[[[[17.319,60.6946],[17.3131,60.6943],[17.3159,60.6936],[17.3134,60.6917],[17.3153,60.692],[17.3149,60.6904],[17.3109,60.6899],[17.3115,60.6867],[17.3139,60.6864],[17.3102,60.6852],[17.3118,60.6835],[17.3091,60.6815],[17.3068,60.6814],[17.3082,60.6839],[17.3036,60.6831],[17.3027,60.6811],[17.2976,60.6807],[17.2966,60.6788],[17.2987,60.679],[17.2927,60.6737],[17.2957,60.6727],[17.2982,60.6741],[17.3055,60.6727],[17.3093,60.6734],[17.3083,60.6712],[17.3107,60.6746],[17.3133,60.6735],[17.318,60.675],[17.3171,60.6739],[17.3203,60.6744],[17.3224,60.6729],[17.3212,60.6748],[17.3291,60.6748],[17.3259,60.6775],[17.3338,60.6775],[17.3281,60.6798],[17.3314,60.6835],[17.3265,60.6842],[17.3285,60.6851],[17.3254,60.6873],[17.3254,60.6918],[17.3188,60.6929],[17.319,60.6946]]],[[[17.3391,60.7203],[17.3336,60.7165],[17.3374,60.7157],[17.3303,60.7104],[17.3331,60.7091],[17.347,60.7091],[17.3476,60.7111],[17.3668,60.7142],[17.366,60.7173],[17.3601,60.7182],[17.3417,60.7165],[17.3417,60.7182],[17.3377,60.718],[17.3391,60.7203]]],[[[17.4534,60.7495],[17.4471,60.7549],[17.4489,60.7489],[17.4465,60.7484],[17.4402,60.7509],[17.4343,60.749],[17.4322,60.7436],[17.4371,60.74],[17.4417,60.7396],[17.4465,60.7426],[17.4491,60.7405],[17.4528,60.7405],[17.4568,60.7474],[17.4534,60.7495]]],[[[17.3207,60.8109],[17.3215,60.8119],[17.3159,60.8086],[17.3168,60.8064],[17.3093,60.808],[17.3057,60.8064],[17.2967,60.7986],[17.2991,60.79],[17.2985,60.7864],[17.3009,60.7894],[17.3004,60.7864],[17.3047,60.7859],[17.3028,60.7854],[17.3048,60.7841],[17.3098,60.7864],[17.3094,60.7891],[17.3148,60.7926],[17.3158,60.7872],[17.3295,60.7861],[17.3381,60.789],[17.3418,60.7878],[17.3471,60.7924],[17.3477,60.7903],[17.3498,60.7924],[17.3515,60.7915],[17.3587,60.793],[17.358,60.7941],[17.3561,60.793],[17.3552,60.7968],[17.3461,60.7953],[17.3438,60.7979],[17.3338,60.7975],[17.3297,60.7989],[17.3309,60.8054],[17.3344,60.8041],[17.3367,60.8051],[17.3293,60.8074],[17.3344,60.8078],[17.3353,60.8088],[17.3325,60.8095],[17.3316,60.8079],[17.3284,60.8081],[17.3207,60.8109]]],[[[17.225,61.0464],[17.2227,61.0475],[17.2193,61.0455],[17.2053,61.0319],[17.2033,61.0279],[17.2073,61.025],[17.2051,61.0237],[17.2213,61.0207],[17.2435,61.0205],[17.2451,61.022],[17.2414,61.0242],[17.2464,61.025],[17.2459,61.0268],[17.2498,61.029],[17.2454,61.027],[17.2423,61.0298],[17.2452,61.0318],[17.2514,61.0316],[17.2459,61.034],[17.25,61.0335],[17.2494,61.0361],[17.2504,61.0347],[17.2531,61.0352],[17.251,61.0371],[17.2556,61.0403],[17.2538,61.0414],[17.2516,61.04],[17.2473,61.0412],[17.2457,61.0403],[17.2455,61.0438],[17.2389,61.0449],[17.2352,61.0439],[17.2315,61.046],[17.225,61.0464]]],[[[17.3278,61.1719],[17.3257,61.1729],[17.3147,61.1702],[17.304,61.1654],[17.3035,61.1636],[17.3045,61.1545],[17.3139,61.1472],[17.3127,61.1456],[17.3198,61.1421],[17.3225,61.1466],[17.3263,61.1463],[17.3238,61.1499],[17.3263,61.1556],[17.3282,61.1553],[17.3259,61.1616],[17.3277,61.1642],[17.3322,61.1672],[17.3338,61.1661],[17.3382,61.1672],[17.3353,61.1701],[17.3306,61.17],[17.3315,61.1711],[17.3278,61.1719]]],[[[17.3773,61.5617],[17.3657,61.5618],[17.3613,61.557],[17.362,61.5515],[17.3653,61.5492],[17.3644,61.5434],[17.3682,61.5413],[17.366,61.5402],[17.3724,61.5356],[17.3798,61.5377],[17.3844,61.5368],[17.3784,61.5426],[17.3841,61.5443],[17.387,61.5514],[17.3909,61.5535],[17.3925,61.5458],[17.3898,61.5384],[17.3923,61.537],[17.3981,61.5371],[17.3964,61.5355],[17.4154,61.5401],[17.429,61.5375],[17.4301,61.5397],[17.4412,61.5372],[17.4616,61.5372],[17.4655,61.5388],[17.4667,61.5439],[17.4563,61.551],[17.4504,61.5521],[17.4439,61.5512],[17.4304,61.5551],[17.4248,61.5537],[17.4042,61.5573],[17.3982,61.5557],[17.395,61.5581],[17.3914,61.5574],[17.3773,61.5617]]],[[[17.3237,61.5689],[17.3214,61.5683],[17.3273,61.5665],[17.3262,61.5651],[17.317,61.5677],[17.3129,61.5673],[17.3129,61.5652],[17.3173,61.5585],[17.3152,61.5583],[17.3154,61.5545],[17.3262,61.5477],[17.3345,61.5523],[17.334,61.5555],[17.3367,61.5567],[17.3318,61.56],[17.3343,61.5594],[17.3364,61.561],[17.3312,61.5631],[17.3328,61.5648],[17.3237,61.5689]]],[[[17.2748,61.5756],[17.2686,61.5762],[17.263,61.5738],[17.2681,61.5722],[17.2672,61.571],[17.2745,61.5663],[17.2713,61.5643],[17.2608,61.5677],[17.266,61.5627],[17.2626,61.559],[17.2656,61.5562],[17.2636,61.5543],[17.2807,61.5512],[17.2851,61.554],[17.2921,61.5528],[17.2979,61.5536],[17.2976,61.5553],[17.301,61.5551],[17.2993,61.5578],[17.3058,61.5572],[17.3093,61.5587],[17.3045,61.5596],[17.2939,61.5575],[17.2884,61.5628],[17.2992,61.5615],[17.3014,61.5691],[17.2939,61.5714],[17.297,61.5726],[17.2784,61.5738],[17.2748,61.5756]]],[[[17.1782,61.5816],[17.1745,61.58],[17.1643,61.5801],[17.1616,61.5788],[17.1642,61.577],[17.1686,61.5779],[17.1647,61.5769],[17.1688,61.5761],[17.1838,61.5753],[17.1879,61.5763],[17.2061,61.5743],[17.2057,61.5731],[17.2268,61.5723],[17.2149,61.574],[17.2058,61.5813],[17.1998,61.5807],[17.2029,61.5786],[17.1966,61.5771],[17.187,61.5787],[17.1978,61.5779],[17.1987,61.5789],[17.1782,61.5816]]],[[[17.1804,61.5978],[17.1769,61.5982],[17.163,61.5949],[17.1645,61.5927],[17.1685,61.5925],[17.1701,61.594],[17.1735,61.5925],[17.171,61.5902],[17.1762,61.5906],[17.1744,61.5868],[17.1767,61.5861],[17.1849,61.5868],[17.1846,61.5846],[17.189,61.5849],[17.1874,61.5876],[17.1782,61.5901],[17.1818,61.5914],[17.187,61.5902],[17.1932,61.5909],[17.195,61.5884],[17.1994,61.59],[17.1978,61.591],[17.2088,61.5897],[17.2157,61.5906],[17.2002,61.5955],[17.1793,61.5951],[17.1827,61.5965],[17.1804,61.5978]]],[[[17.3625,61.6225],[17.3561,61.6239],[17.3539,61.6229],[17.3601,61.6196],[17.3618,61.6217],[17.3684,61.6155],[17.3756,61.6123],[17.3847,61.6114],[17.3853,61.6157],[17.3884,61.6172],[17.3837,61.6191],[17.3855,61.6213],[17.3811,61.6206],[17.3685,61.6237],[17.3656,61.6209],[17.3625,61.6225]]],[[[17.366,61.6482],[17.3612,61.6481],[17.3625,61.6443],[17.3571,61.6438],[17.353,61.6365],[17.3546,61.6326],[17.3502,61.6317],[17.3641,61.6307],[17.3649,61.6285],[17.3726,61.6253],[17.3863,61.625],[17.3869,61.6262],[17.3806,61.6275],[17.385,61.6285],[17.3821,61.6369],[17.3758,61.6376],[17.3773,61.6407],[17.3681,61.6403],[17.3673,61.6434],[17.3656,61.6429],[17.3694,61.6459],[17.366,61.6482]]],[[[17.2249,61.6505],[17.2148,61.6504],[17.2152,61.6482],[17.2206,61.6468],[17.2105,61.6461],[17.2137,61.6437],[17.2049,61.645],[17.2066,61.6462],[17.1929,61.6477],[17.1852,61.6441],[17.1846,61.6429],[17.1894,61.6437],[17.1964,61.6415],[17.1943,61.6394],[17.191,61.6408],[17.1919,61.6389],[17.1992,61.6396],[17.1988,61.6322],[17.2034,61.6321],[17.207,61.6351],[17.2099,61.635],[17.2084,61.6365],[17.2113,61.6361],[17.2107,61.6375],[17.2202,61.6374],[17.2167,61.6428],[17.2267,61.6405],[17.2303,61.6415],[17.2363,61.6406],[17.2377,61.6417],[17.2316,61.6448],[17.2325,61.647],[17.2421,61.6468],[17.245,61.6453],[17.2487,61.6462],[17.2249,61.6505]]],[[[17.5357,61.7345],[17.5178,61.7287],[17.5156,61.7245],[17.5213,61.7223],[17.5193,61.7195],[17.5166,61.7198],[17.5187,61.7181],[17.5225,61.7192],[17.5235,61.7166],[17.5282,61.7168],[17.5283,61.7142],[17.5314,61.7144],[17.5305,61.7131],[17.5338,61.712],[17.539,61.7134],[17.5352,61.7135],[17.5385,61.7156],[17.539,61.7204],[17.5438,61.7212],[17.54,61.7228],[17.5508,61.7217],[17.5495,61.7244],[17.5559,61.7213],[17.5573,61.7223],[17.5539,61.724],[17.5547,61.7321],[17.5479,61.7331],[17.5485,61.734],[17.5398,61.7326],[17.5357,61.7345]]],[[[17.48,61.9595],[17.4759,61.9598],[17.4764,61.9583],[17.4697,61.9547],[17.4735,61.944],[17.4767,61.9425],[17.4839,61.9456],[17.4925,61.9459],[17.4901,61.9484],[17.4925,61.9522],[17.4898,61.9532],[17.494,61.9552],[17.493,61.9587],[17.4885,61.957],[17.48,61.9581],[17.48,61.9595]]],[[[17.497,61.964],[17.4932,61.9628],[17.4931,61.9585],[17.4989,61.9527],[17.5063,61.9503],[17.5082,61.9518],[17.5077,61.9502],[17.5144,61.9512],[17.5196,61.9456],[17.5221,61.9467],[17.5233,61.9454],[17.533,61.9459],[17.5384,61.9527],[17.5322,61.9545],[17.5357,61.9554],[17.5329,61.9578],[17.5257,61.9587],[17.5227,61.9568],[17.5064,61.9587],[17.497,61.964]]],[[[15.3316,62.2705],[15.3719,62.1919],[15.442,62.1624],[15.4161,62.096],[15.1175,61.9817],[15.0917,61.8748],[14.9479,61.8268],[14.852,61.7789],[14.7045,61.8969],[14.5423,61.7973],[14.5151,61.6434],[14.4729,61.6091],[14.6819,61.6046],[14.6678,61.5668],[14.6819,61.5362],[14.6607,61.496],[14.6885,61.4874],[14.7504,61.4937],[14.9061,61.5031],[15.0926,61.489],[15.1587,61.5881],[15.2106,61.5055],[15.4584,61.3214],[15.6613,61.2105],[15.6897,61.1114],[15.7676,61.0429],[15.9305,61.0032],[16.1452,60.9863],[16.2644,60.8555],[16.3943,60.78],[16.3943,60.7468],[16.355,60.7226],[16.3384,60.7211],[16.3188,60.7015],[16.3308,60.6818],[16.2368,60.6164],[16.2024,60.6044],[16.1457,60.6095],[16.1732,60.5735],[16.1749,60.5528],[16.1996,60.5548],[16.2024,60.5288],[16.2746,60.4944],[16.2591,60.4772],[16.2918,60.4822],[16.3433,60.4257],[16.4104,60.3707],[16.4392,60.379],[16.5358,60.3552],[16.5874,60.2951],[16.6269,60.2813],[16.6355,60.2383],[16.7094,60.2143],[16.7163,60.1902],[16.7373,60.2048],[16.7592,60.1868],[16.8022,60.1971],[16.8186,60.21],[16.8511,60.2177],[16.8599,60.2276],[16.9171,60.2364],[16.8951,60.2529],[16.9303,60.2661],[16.927,60.2848],[16.9698,60.2837],[16.9858,60.298],[17.0204,60.2639],[17.06,60.2705],[17.0985,60.2529],[17.1216,60.2628],[17.1161,60.2848],[17.1667,60.2815],[17.2085,60.2969],[17.2008,60.3398],[17.2214,60.3547],[17.2011,60.3769],[17.2321,60.4242],[17.2784,60.4185],[17.3113,60.4484],[17.3142,60.5016],[17.3848,60.6331],[17.3803,60.6527],[17.3938,60.6543],[17.3782,60.6531],[17.3658,60.655],[17.3653,60.6582],[17.3596,60.6559],[17.3541,60.6557],[17.354,60.6544],[17.35,60.6557],[17.3427,60.6527],[17.343,60.6565],[17.337,60.6564],[17.3358,60.6552],[17.334,60.6569],[17.3265,60.6568],[17.3246,60.6601],[17.3205,60.6588],[17.3143,60.6599],[17.3121,60.6585],[17.3062,60.6601],[17.3009,60.658],[17.3004,60.6625],[17.2978,60.6632],[17.3038,60.6659],[17.3028,60.6676],[17.2961,60.6679],[17.2917,60.6702],[17.2892,60.6695],[17.289,60.6715],[17.2838,60.6723],[17.2855,60.6742],[17.2821,60.6731],[17.2786,60.6749],[17.2752,60.6736],[17.2757,60.675],[17.2724,60.6753],[17.2832,60.6754],[17.2892,60.6781],[17.2917,60.6733],[17.2921,60.676],[17.2954,60.6769],[17.2906,60.6775],[17.2983,60.6815],[17.2957,60.6811],[17.2966,60.6837],[17.291,60.6851],[17.2966,60.6849],[17.2987,60.6865],[17.2925,60.6858],[17.2842,60.6873],[17.2832,60.6906],[17.2832,60.6886],[17.2779,60.6873],[17.2751,60.6839],[17.2747,60.6864],[17.2736,60.6846],[17.2704,60.6851],[17.2637,60.6893],[17.268,60.6896],[17.2603,60.6911],[17.2393,60.6905],[17.2281,60.6871],[17.2262,60.689],[17.2196,60.6879],[17.2188,60.6863],[17.2152,60.686],[17.2158,60.681],[17.2131,60.68],[17.2122,60.6844],[17.2128,60.68],[17.2048,60.6756],[17.2028,60.6774],[17.198,60.6768],[17.1961,60.6797],[17.188,60.6777],[17.1867,60.6805],[17.1642,60.678],[17.1827,60.6811],[17.1714,60.6807],[17.1708,60.6822],[17.1759,60.6831],[17.1744,60.684],[17.1775,60.6853],[17.167,60.6857],[17.1601,60.6881],[17.1567,60.6915],[17.1681,60.6878],[17.186,60.6911],[17.1908,60.6871],[17.1781,60.6855],[17.19,60.6867],[17.192,60.6842],[17.1981,60.685],[17.1994,60.6876],[17.2141,60.6881],[17.2102,60.6888],[17.2105,60.6901],[17.2202,60.6905],[17.2173,60.6958],[17.2238,60.6912],[17.2263,60.6914],[17.2291,60.6931],[17.2252,60.6946],[17.2318,60.6966],[17.2296,60.6983],[17.2223,60.6993],[17.233,60.7005],[17.2388,60.7039],[17.2474,60.7052],[17.2511,60.7091],[17.2659,60.7163],[17.2649,60.7179],[17.2682,60.718],[17.2662,60.7191],[17.27,60.7202],[17.2699,60.7219],[17.2745,60.7218],[17.2735,60.723],[17.2823,60.7282],[17.285,60.7267],[17.2873,60.7306],[17.2908,60.7297],[17.289,60.727],[17.2914,60.7265],[17.2925,60.7279],[17.2988,60.7267],[17.2995,60.7295],[17.304,60.7285],[17.3063,60.7316],[17.307,60.7283],[17.317,60.7305],[17.3175,60.7353],[17.3066,60.7343],[17.3045,60.7367],[17.3122,60.7366],[17.3137,60.739],[17.3191,60.7382],[17.3202,60.7394],[17.3142,60.7399],[17.318,60.7418],[17.3347,60.7463],[17.3382,60.7489],[17.345,60.7487],[17.3538,60.7529],[17.349,60.7553],[17.3479,60.7576],[17.3499,60.7579],[17.3476,60.7578],[17.3512,60.7614],[17.349,60.7622],[17.3454,60.7611],[17.3495,60.7672],[17.3444,60.7648],[17.3448,60.7664],[17.344,60.7648],[17.3413,60.7663],[17.3373,60.7656],[17.3372,60.7639],[17.3336,60.765],[17.3298,60.763],[17.3284,60.7642],[17.3288,60.7625],[17.3271,60.7649],[17.3226,60.7651],[17.3263,60.7666],[17.3246,60.77],[17.3286,60.7711],[17.3261,60.7717],[17.3258,60.7751],[17.3196,60.7716],[17.3201,60.7699],[17.3152,60.77],[17.307,60.7672],[17.3053,60.7706],[17.2997,60.7705],[17.2993,60.7731],[17.2891,60.7747],[17.2944,60.7755],[17.2915,60.7756],[17.2947,60.7778],[17.2938,60.7809],[17.2893,60.7806],[17.2889,60.7789],[17.2831,60.7754],[17.2761,60.776],[17.2816,60.777],[17.2843,60.7794],[17.288,60.7793],[17.2853,60.7805],[17.2873,60.7838],[17.2894,60.7844],[17.2896,60.7826],[17.2916,60.7854],[17.291,60.7918],[17.2956,60.7909],[17.292,60.7883],[17.2929,60.7864],[17.2983,60.7891],[17.2972,60.793],[17.2915,60.793],[17.2971,60.8073],[17.2854,60.8064],[17.2811,60.8077],[17.2714,60.8049],[17.2659,60.8057],[17.2623,60.8092],[17.2576,60.8096],[17.2514,60.8053],[17.2463,60.8058],[17.2478,60.8079],[17.2413,60.8088],[17.2398,60.8127],[17.2433,60.8165],[17.2408,60.8186],[17.2465,60.8199],[17.2425,60.8218],[17.2516,60.8258],[17.25,60.8281],[17.2546,60.8288],[17.2525,60.8296],[17.2615,60.8313],[17.2638,60.8307],[17.262,60.8294],[17.2723,60.8319],[17.2847,60.8324],[17.2914,60.8357],[17.2975,60.8365],[17.2919,60.8377],[17.2811,60.835],[17.2872,60.8369],[17.2871,60.8398],[17.2932,60.8422],[17.29,60.8422],[17.2896,60.8438],[17.2933,60.8449],[17.288,60.846],[17.2911,60.8482],[17.2871,60.8479],[17.2791,60.851],[17.2812,60.8527],[17.2693,60.8529],[17.2736,60.8552],[17.2722,60.8573],[17.2702,60.8569],[17.2758,60.86],[17.2718,60.8617],[17.2712,60.8654],[17.2683,60.863],[17.2706,60.8601],[17.2651,60.8609],[17.2677,60.8624],[17.2659,60.8654],[17.2605,60.8655],[17.2635,60.8701],[17.2611,60.8725],[17.2679,60.8721],[17.2686,60.8698],[17.2799,60.8656],[17.2912,60.8683],[17.2978,60.8664],[17.299,60.8678],[17.3152,60.8677],[17.3279,60.8733],[17.3329,60.883],[17.331,60.8859],[17.3217,60.8847],[17.3176,60.8856],[17.3124,60.8838],[17.3081,60.8855],[17.3044,60.8807],[17.2998,60.8812],[17.3008,60.8787],[17.2913,60.8755],[17.275,60.8782],[17.2726,60.8802],[17.2793,60.8817],[17.2781,60.8829],[17.2725,60.8815],[17.2632,60.8826],[17.2655,60.8805],[17.2577,60.8774],[17.253,60.8799],[17.2551,60.8809],[17.2518,60.8833],[17.2443,60.8827],[17.2456,60.8841],[17.2415,60.8863],[17.2448,60.8879],[17.2428,60.8904],[17.2349,60.89],[17.2363,60.8915],[17.2327,60.8933],[17.2332,60.8918],[17.2298,60.8908],[17.2248,60.891],[17.222,60.8896],[17.2161,60.8906],[17.2262,60.892],[17.2308,60.8942],[17.2268,60.8946],[17.2266,60.8988],[17.2239,60.8992],[17.2258,60.9],[17.211,60.9039],[17.2102,60.9104],[17.1989,60.9115],[17.2035,60.9096],[17.199,60.9086],[17.1994,60.9052],[17.1959,60.9063],[17.1939,60.9115],[17.1976,60.9134],[17.1928,60.9135],[17.1952,60.9152],[17.19,60.917],[17.1982,60.9181],[17.2012,60.9208],[17.2071,60.9219],[17.2072,60.9255],[17.2096,60.926],[17.1908,60.9278],[17.1578,60.9267],[17.1518,60.9283],[17.1584,60.9286],[17.154,60.9301],[17.1585,60.9306],[17.162,60.9342],[17.1674,60.9352],[17.1653,60.9359],[17.1743,60.9372],[17.1755,60.9385],[17.1728,60.9384],[17.1797,60.9398],[17.1793,60.941],[17.1754,60.9408],[17.1754,60.9426],[17.1685,60.9394],[17.1702,60.9419],[17.164,60.9378],[17.1625,60.939],[17.1603,60.9368],[17.1507,60.9345],[17.1466,60.93],[17.1454,60.9309],[17.1459,60.9341],[17.1538,60.9384],[17.1509,60.9388],[17.1532,60.9409],[17.1404,60.9436],[17.1578,60.9436],[17.1533,60.9409],[17.1585,60.9398],[17.1699,60.9478],[17.1671,60.9472],[17.1682,60.9503],[17.1647,60.9511],[17.1614,60.9486],[17.1626,60.9467],[17.1578,60.9438],[17.1425,60.9439],[17.1395,60.9455],[17.1406,60.9501],[17.1374,60.951],[17.1394,60.9528],[17.1374,60.9562],[17.1444,60.9589],[17.1484,60.9578],[17.1596,60.9682],[17.164,60.969],[17.1647,60.9741],[17.158,60.9761],[17.1567,60.9785],[17.1656,60.9792],[17.1685,60.9774],[17.171,60.9807],[17.1767,60.978],[17.1793,60.9801],[17.1831,60.9795],[17.1802,60.9806],[17.185,60.9811],[17.1865,60.9817],[17.1839,60.9812],[17.1841,60.984],[17.1785,60.9843],[17.1699,60.9821],[17.1669,60.9868],[17.1738,60.989],[17.1814,60.9875],[17.1855,60.9888],[17.1899,60.9881],[17.1902,60.9894],[17.1938,60.9886],[17.1943,60.9901],[17.2003,60.9881],[17.2016,60.9929],[17.2084,60.9935],[17.2118,60.9963],[17.217,60.9965],[17.2165,60.995],[17.2193,60.995],[17.218,60.9977],[17.2228,60.9979],[17.2233,61.0008],[17.232,60.9935],[17.2327,61.0009],[17.2285,61.0029],[17.2341,61.002],[17.235,60.9991],[17.2352,61.0008],[17.2388,61.0005],[17.2417,61.0034],[17.2454,61.0026],[17.245,61.0052],[17.2435,61.0042],[17.2419,61.0055],[17.2429,61.0039],[17.2351,61.0025],[17.2369,61.0051],[17.2409,61.0052],[17.244,61.0076],[17.2482,61.0064],[17.2449,61.0076],[17.2477,61.0083],[17.2473,61.0102],[17.2433,61.0078],[17.2351,61.0106],[17.238,61.0125],[17.2305,61.0138],[17.2204,61.0125],[17.2075,61.0082],[17.1865,61.0097],[17.1902,61.011],[17.1881,61.0122],[17.1878,61.011],[17.183,61.0106],[17.1863,61.0088],[17.173,61.0068],[17.1656,61.0024],[17.1591,61.0044],[17.1358,61],[17.1434,61.003],[17.1532,61.0118],[17.16,61.0135],[17.1683,61.0117],[17.1667,61.0153],[17.1637,61.0159],[17.1781,61.0196],[17.182,61.0186],[17.1873,61.0195],[17.1819,61.0232],[17.1869,61.0227],[17.1857,61.0249],[17.1823,61.0245],[17.1832,61.026],[17.1848,61.0251],[17.1851,61.0286],[17.1786,61.0323],[17.1782,61.0312],[17.1736,61.0318],[17.1728,61.0353],[17.1634,61.033],[17.1686,61.0364],[17.1642,61.0401],[17.1648,61.0424],[17.1614,61.0432],[17.1612,61.0463],[17.1568,61.0453],[17.1552,61.0464],[17.1602,61.0471],[17.1597,61.0492],[17.1509,61.0486],[17.153,61.0506],[17.1597,61.0515],[17.1603,61.0531],[17.167,61.0538],[17.1601,61.0554],[17.1647,61.0574],[17.1629,61.0584],[17.1662,61.0577],[17.1649,61.0596],[17.1573,61.0599],[17.1556,61.0627],[17.1615,61.0627],[17.1667,61.06],[17.1751,61.061],[17.1745,61.0653],[17.1775,61.0678],[17.181,61.0675],[17.1774,61.0661],[17.1792,61.065],[17.1826,61.0668],[17.182,61.0695],[17.1851,61.0697],[17.186,61.0716],[17.1891,61.0711],[17.1902,61.0734],[17.1862,61.0728],[17.1691,61.0784],[17.1654,61.0809],[17.1674,61.0827],[17.1635,61.0833],[17.1628,61.0855],[17.1669,61.0863],[17.1702,61.0839],[17.1704,61.0786],[17.1777,61.0768],[17.1814,61.0791],[17.1772,61.0804],[17.1775,61.0794],[17.1745,61.0809],[17.1793,61.0814],[17.1809,61.0801],[17.1803,61.0814],[17.1779,61.0821],[17.1805,61.0817],[17.183,61.0833],[17.191,61.0806],[17.1941,61.0825],[17.1999,61.0812],[17.1984,61.0833],[17.2007,61.0834],[17.1942,61.0866],[17.2052,61.0836],[17.1976,61.0898],[17.2004,61.0908],[17.1994,61.0922],[17.1962,61.0915],[17.1983,61.0927],[17.1955,61.0929],[17.1985,61.0937],[17.1926,61.0949],[17.1893,61.0993],[17.1727,61.0979],[17.1714,61.0989],[17.1772,61.0992],[17.1784,61.1011],[17.1832,61.1017],[17.1771,61.1045],[17.1709,61.1032],[17.1666,61.1048],[17.1682,61.1059],[17.1636,61.1062],[17.1633,61.1089],[17.1675,61.1079],[17.1675,61.1099],[17.1618,61.1107],[17.159,61.1087],[17.1538,61.111],[17.1639,61.1116],[17.1608,61.1125],[17.1636,61.1138],[17.1689,61.1137],[17.1638,61.1129],[17.1711,61.1118],[17.1782,61.1126],[17.1705,61.113],[17.1712,61.1153],[17.1798,61.1147],[17.1769,61.1167],[17.1851,61.117],[17.1783,61.1182],[17.1804,61.1226],[17.1867,61.1251],[17.1783,61.1264],[17.1829,61.1262],[17.1833,61.128],[17.1796,61.1295],[17.1849,61.1308],[17.1834,61.1338],[17.178,61.1372],[17.1796,61.133],[17.1697,61.1418],[17.1513,61.1499],[17.1516,61.1543],[17.1484,61.1565],[17.1542,61.1556],[17.1532,61.1581],[17.1553,61.1585],[17.1649,61.1545],[17.1621,61.1546],[17.162,61.1533],[17.1687,61.1523],[17.1625,61.159],[17.1739,61.1567],[17.1681,61.1693],[17.1746,61.1709],[17.1715,61.175],[17.1763,61.1777],[17.1748,61.1789],[17.1816,61.1791],[17.1801,61.1775],[17.183,61.1787],[17.1916,61.1777],[17.1862,61.1828],[17.1871,61.1872],[17.1757,61.1943],[17.1738,61.1943],[17.1734,61.1934],[17.1747,61.1942],[17.1759,61.1915],[17.18,61.1908],[17.1792,61.1892],[17.1721,61.1913],[17.1713,61.1901],[17.1621,61.1912],[17.1605,61.1928],[17.1525,61.1931],[17.1514,61.1946],[17.1437,61.1948],[17.1474,61.1958],[17.1457,61.1992],[17.1427,61.199],[17.1446,61.197],[17.1409,61.1972],[17.1334,61.1994],[17.1268,61.2047],[17.1131,61.2076],[17.1324,61.2059],[17.1281,61.2073],[17.1432,61.2074],[17.1402,61.211],[17.1436,61.2113],[17.1469,61.2086],[17.1494,61.209],[17.1481,61.2123],[17.1535,61.2122],[17.1525,61.2092],[17.1567,61.2114],[17.1638,61.2105],[17.1641,61.2117],[17.1579,61.2134],[17.1612,61.2144],[17.1587,61.2178],[17.1691,61.219],[17.1652,61.2216],[17.1648,61.2196],[17.1607,61.2197],[17.1703,61.2268],[17.1749,61.2229],[17.1825,61.222],[17.1832,61.2235],[17.1879,61.2235],[17.1891,61.2219],[17.1821,61.219],[17.1849,61.2171],[17.1964,61.2215],[17.1931,61.2245],[17.1961,61.2223],[17.1958,61.2238],[17.1994,61.223],[17.2014,61.2202],[17.2037,61.2269],[17.2075,61.2263],[17.2104,61.2291],[17.2105,61.2261],[17.2142,61.2259],[17.2189,61.2289],[17.2072,61.2319],[17.2039,61.2294],[17.1918,61.2312],[17.2009,61.236],[17.1901,61.2378],[17.1925,61.2394],[17.1914,61.2423],[17.1875,61.2425],[17.1881,61.2439],[17.185,61.2426],[17.1755,61.2511],[17.1781,61.2491],[17.1893,61.2487],[17.2023,61.246],[17.2026,61.2473],[17.2081,61.245],[17.2141,61.2477],[17.1945,61.252],[17.1882,61.2561],[17.1665,61.2628],[17.1634,61.2618],[17.1553,61.2633],[17.1596,61.2665],[17.1609,61.2634],[17.1672,61.2644],[17.1657,61.2686],[17.1597,61.27],[17.1618,61.2754],[17.1575,61.2763],[17.1548,61.2812],[17.1519,61.2791],[17.1484,61.2808],[17.1484,61.2834],[17.1376,61.2865],[17.1322,61.2911],[17.1313,61.296],[17.1253,61.2967],[17.1272,61.2987],[17.1041,61.3089],[17.0989,61.3079],[17.0938,61.3093],[17.0766,61.3097],[17.0871,61.3117],[17.0856,61.3133],[17.088,61.3146],[17.0905,61.3128],[17.1068,61.3099],[17.108,61.3076],[17.1114,61.3081],[17.1177,61.3062],[17.1209,61.3089],[17.1185,61.305],[17.1215,61.304],[17.1248,61.3058],[17.1262,61.3011],[17.13,61.3021],[17.1336,61.2992],[17.1384,61.2992],[17.1462,61.2905],[17.1488,61.2894],[17.1509,61.2902],[17.1522,61.2877],[17.1751,61.2761],[17.18,61.2793],[17.1834,61.2753],[17.1914,61.2783],[17.2003,61.2758],[17.2057,61.2766],[17.2024,61.2806],[17.2096,61.2803],[17.209,61.2816],[17.2169,61.2799],[17.2202,61.276],[17.2248,61.2785],[17.2231,61.2804],[17.2284,61.2808],[17.2261,61.2773],[17.2293,61.2775],[17.2306,61.2759],[17.2341,61.2805],[17.2302,61.2824],[17.2342,61.2816],[17.2343,61.2844],[17.2443,61.281],[17.2489,61.2773],[17.2515,61.2792],[17.2563,61.278],[17.2637,61.2788],[17.2657,61.2761],[17.2716,61.2788],[17.2764,61.2757],[17.2805,61.2758],[17.277,61.2762],[17.2739,61.2803],[17.2695,61.2811],[17.2605,61.2822],[17.251,61.281],[17.2517,61.2821],[17.2425,61.2844],[17.2403,61.2862],[17.2426,61.2874],[17.239,61.2866],[17.2286,61.2905],[17.2251,61.2904],[17.226,61.287],[17.2232,61.2882],[17.2216,61.2872],[17.2195,61.2883],[17.2234,61.2908],[17.2129,61.2911],[17.2107,61.2937],[17.2026,61.2964],[17.1975,61.2936],[17.1941,61.2943],[17.1805,61.3004],[17.17,61.3022],[17.1714,61.3041],[17.1772,61.3048],[17.1741,61.3051],[17.1766,61.3061],[17.1743,61.3089],[17.1672,61.3097],[17.1692,61.3087],[17.1669,61.3076],[17.1697,61.3079],[17.1722,61.306],[17.1617,61.3033],[17.1559,61.3066],[17.1468,61.307],[17.1499,61.3089],[17.1481,61.3098],[17.1408,61.3097],[17.1398,61.3112],[17.1445,61.3125],[17.1427,61.3138],[17.1344,61.3139],[17.1381,61.319],[17.1426,61.3193],[17.1461,61.3275],[17.149,61.3279],[17.1497,61.3202],[17.1551,61.3177],[17.1549,61.3154],[17.1592,61.3136],[17.1577,61.3114],[17.1623,61.3087],[17.1666,61.3106],[17.177,61.3113],[17.1802,61.3089],[17.1838,61.3111],[17.1869,61.3078],[17.1849,61.3062],[17.1891,61.3068],[17.1909,61.3037],[17.1962,61.303],[17.1964,61.3088],[17.2097,61.3066],[17.2154,61.3083],[17.2175,61.3053],[17.2211,61.3051],[17.2224,61.2998],[17.2264,61.2984],[17.2328,61.2994],[17.2386,61.2976],[17.241,61.2995],[17.2433,61.2978],[17.2467,61.3018],[17.2532,61.3019],[17.2581,61.305],[17.2503,61.3049],[17.2452,61.307],[17.246,61.309],[17.2411,61.3096],[17.2423,61.3131],[17.2391,61.3134],[17.242,61.3149],[17.2383,61.3154],[17.237,61.3196],[17.2335,61.3198],[17.2301,61.3234],[17.2204,61.3233],[17.2159,61.3215],[17.2157,61.3228],[17.2078,61.3244],[17.2039,61.3234],[17.1966,61.3244],[17.1903,61.3271],[17.1929,61.3283],[17.1903,61.3305],[17.192,61.3316],[17.1939,61.3307],[17.1945,61.3324],[17.1894,61.3364],[17.1927,61.3347],[17.1954,61.3353],[17.1914,61.3379],[17.1973,61.3388],[17.2069,61.3373],[17.2067,61.3352],[17.2013,61.3344],[17.1995,61.3364],[17.1997,61.3342],[17.2045,61.3332],[17.2094,61.3359],[17.2132,61.335],[17.2078,61.3388],[17.2116,61.3403],[17.2056,61.3409],[17.2097,61.3419],[17.206,61.3426],[17.2108,61.3435],[17.2082,61.3445],[17.2039,61.3436],[17.2045,61.346],[17.1873,61.3426],[17.1901,61.3416],[17.188,61.3399],[17.183,61.342],[17.1763,61.3417],[17.1805,61.3432],[17.1746,61.347],[17.1684,61.3461],[17.1696,61.3448],[17.1582,61.3434],[17.1532,61.3448],[17.1548,61.3476],[17.1516,61.3485],[17.1462,61.3466],[17.1476,61.3505],[17.1504,61.3509],[17.1466,61.3524],[17.1481,61.3535],[17.1362,61.3512],[17.1351,61.3544],[17.1378,61.3567],[17.1426,61.356],[17.1385,61.3584],[17.133,61.3577],[17.1377,61.3596],[17.1313,61.3622],[17.136,61.3636],[17.1239,61.3614],[17.119,61.3643],[17.1286,61.366],[17.1242,61.3633],[17.1309,61.363],[17.1289,61.3647],[17.1345,61.3658],[17.1356,61.3675],[17.1289,61.3662],[17.1243,61.3692],[17.1328,61.3678],[17.1372,61.3686],[17.1341,61.3711],[17.1385,61.3734],[17.1295,61.3741],[17.123,61.3722],[17.122,61.3694],[17.1209,61.373],[17.1149,61.3773],[17.1168,61.3781],[17.1044,61.3744],[17.1043,61.3781],[17.1091,61.3794],[17.1104,61.3777],[17.1171,61.3822],[17.1128,61.3816],[17.1127,61.3846],[17.1053,61.3799],[17.1062,61.3818],[17.1022,61.383],[17.1074,61.3833],[17.1037,61.3862],[17.1078,61.3869],[17.1031,61.3872],[17.1001,61.3924],[17.0944,61.3934],[17.0968,61.394],[17.0888,61.3987],[17.0921,61.399],[17.0883,61.4034],[17.0934,61.401],[17.0961,61.4021],[17.0902,61.4059],[17.0984,61.4057],[17.1011,61.4079],[17.0977,61.409],[17.0925,61.4066],[17.0949,61.408],[17.0854,61.4116],[17.0849,61.4149],[17.0913,61.4181],[17.0903,61.4205],[17.1024,61.4145],[17.1075,61.4138],[17.1194,61.4149],[17.1164,61.4171],[17.1243,61.4158],[17.1247,61.4185],[17.1342,61.4172],[17.1278,61.4221],[17.1221,61.4195],[17.1186,61.4201],[17.1194,61.4226],[17.1236,61.4232],[17.1254,61.4256],[17.1251,61.4313],[17.1264,61.4281],[17.1342,61.4259],[17.1333,61.4242],[17.1371,61.425],[17.1379,61.4187],[17.1413,61.4174],[17.1518,61.4174],[17.1555,61.4149],[17.1665,61.4159],[17.1692,61.4203],[17.1798,61.4189],[17.177,61.4205],[17.18,61.4197],[17.1815,61.4213],[17.1781,61.4231],[17.189,61.42],[17.2133,61.4208],[17.2235,61.4241],[17.2092,61.4267],[17.208,61.4299],[17.2052,61.4291],[17.2079,61.4271],[17.2063,61.4261],[17.1967,61.4296],[17.2017,61.4291],[17.1962,61.4339],[17.2017,61.4352],[17.2108,61.4337],[17.2176,61.4359],[17.2108,61.4391],[17.2086,61.4428],[17.2118,61.4421],[17.2115,61.4432],[17.2032,61.4467],[17.2019,61.4448],[17.1993,61.4489],[17.1969,61.4469],[17.1947,61.4491],[17.1921,61.4462],[17.1994,61.4436],[17.2002,61.4416],[17.1911,61.4459],[17.1815,61.4458],[17.1832,61.4435],[17.1788,61.4427],[17.1838,61.441],[17.1795,61.441],[17.1817,61.4381],[17.1761,61.4402],[17.1733,61.4444],[17.1755,61.4442],[17.1694,61.4469],[17.1698,61.449],[17.1656,61.4491],[17.1681,61.4477],[17.1665,61.4453],[17.1604,61.4462],[17.1716,61.438],[17.17,61.4367],[17.1776,61.4383],[17.1801,61.4369],[17.1876,61.437],[17.1905,61.4355],[17.188,61.4347],[17.1878,61.4365],[17.1824,61.4365],[17.1857,61.4324],[17.1741,61.4326],[17.1721,61.4296],[17.1658,61.4285],[17.162,61.4308],[17.1621,61.4325],[17.165,61.4326],[17.1633,61.4378],[17.157,61.4382],[17.1582,61.4401],[17.156,61.4398],[17.155,61.4438],[17.1527,61.4437],[17.1549,61.4447],[17.1516,61.4462],[17.154,61.4472],[17.1506,61.4473],[17.15,61.4459],[17.1481,61.4477],[17.144,61.4445],[17.1487,61.4492],[17.1454,61.4496],[17.1468,61.4514],[17.1426,61.4492],[17.1396,61.4498],[17.1404,61.4517],[17.1369,61.4504],[17.1345,61.4516],[17.1365,61.4546],[17.1381,61.4525],[17.1431,61.4545],[17.1444,61.4523],[17.1479,61.4549],[17.1399,61.4586],[17.1363,61.4574],[17.1339,61.4586],[17.1314,61.4566],[17.1306,61.46],[17.1357,61.4602],[17.1321,61.4608],[17.132,61.4644],[17.1278,61.4658],[17.1318,61.4667],[17.1314,61.4681],[17.1337,61.4671],[17.133,61.4684],[17.1398,61.4673],[17.1437,61.4682],[17.1439,61.4711],[17.1478,61.4716],[17.1448,61.4744],[17.1481,61.4755],[17.1484,61.4778],[17.1519,61.4741],[17.1604,61.4738],[17.1665,61.477],[17.1663,61.4787],[17.1684,61.4779],[17.1745,61.4792],[17.176,61.483],[17.1729,61.4874],[17.1546,61.4943],[17.1548,61.4928],[17.1511,61.4942],[17.147,61.4937],[17.1405,61.4971],[17.1416,61.4982],[17.1203,61.5067],[17.1116,61.5138],[17.102,61.5177],[17.1126,61.5171],[17.1204,61.5138],[17.1214,61.5158],[17.1278,61.5153],[17.136,61.5169],[17.1294,61.5125],[17.1434,61.509],[17.1515,61.5141],[17.1615,61.5117],[17.1595,61.5143],[17.1516,61.5174],[17.1572,61.5158],[17.1577,61.517],[17.1532,61.5193],[17.1413,61.5191],[17.1423,61.5231],[17.1367,61.5234],[17.1282,61.5268],[17.1284,61.5278],[17.1341,61.5274],[17.1276,61.5305],[17.1178,61.5305],[17.0961,61.5337],[17.0973,61.5352],[17.105,61.5364],[17.102,61.5396],[17.0982,61.5399],[17.0932,61.5379],[17.0881,61.5385],[17.0891,61.5408],[17.0847,61.5423],[17.0803,61.5417],[17.0741,61.5445],[17.0644,61.546],[17.0556,61.5455],[17.0478,61.5483],[17.0634,61.5501],[17.0688,61.5497],[17.0673,61.5481],[17.0727,61.5467],[17.0765,61.5475],[17.0743,61.5494],[17.0794,61.5502],[17.0843,61.5496],[17.0834,61.5482],[17.0884,61.5461],[17.1055,61.5475],[17.1052,61.549],[17.0962,61.5509],[17.0941,61.5537],[17.1141,61.5506],[17.1331,61.5507],[17.1441,61.5479],[17.1433,61.5492],[17.1468,61.5478],[17.1602,61.5474],[17.1732,61.5489],[17.1841,61.5475],[17.1929,61.5484],[17.1886,61.5467],[17.1979,61.5464],[17.1956,61.5489],[17.2133,61.5486],[17.223,61.552],[17.2196,61.553],[17.2144,61.552],[17.2135,61.5535],[17.2047,61.5522],[17.2016,61.5539],[17.1919,61.5532],[17.1762,61.555],[17.1689,61.5587],[17.1672,61.5566],[17.1713,61.5556],[17.1637,61.5552],[17.1561,61.5573],[17.1409,61.5572],[17.1306,61.5602],[17.1266,61.5584],[17.1177,61.5596],[17.1141,61.5587],[17.1097,61.5649],[17.1019,61.5645],[17.1031,61.5635],[17.0994,61.5625],[17.0849,61.5635],[17.0921,61.5661],[17.0982,61.565],[17.0965,61.567],[17.1003,61.5673],[17.1239,61.5636],[17.1276,61.5647],[17.1239,61.5658],[17.1316,61.5661],[17.1302,61.5674],[17.1327,61.5685],[17.1354,61.5674],[17.1353,61.5711],[17.131,61.5724],[17.1288,61.5714],[17.1152,61.5719],[17.1109,61.5737],[17.0987,61.5711],[17.0956,61.5726],[17.0881,61.5717],[17.0848,61.5686],[17.0813,61.5699],[17.0652,61.5699],[17.0655,61.5715],[17.0755,61.5712],[17.0762,61.5728],[17.0701,61.5722],[17.0698,61.5745],[17.0545,61.575],[17.0429,61.5735],[17.0382,61.5751],[17.0434,61.5785],[17.0564,61.5778],[17.0701,61.5805],[17.0726,61.5798],[17.0778,61.5818],[17.0801,61.58],[17.0839,61.5826],[17.1287,61.5843],[17.1326,61.5825],[17.1372,61.5842],[17.1427,61.5834],[17.1362,61.5871],[17.1267,61.5902],[17.1229,61.5895],[17.1234,61.5905],[17.1325,61.5902],[17.1424,61.588],[17.1518,61.59],[17.1476,61.5936],[17.1443,61.5932],[17.1443,61.5906],[17.1373,61.592],[17.134,61.591],[17.136,61.6012],[17.1333,61.6023],[17.139,61.6041],[17.1167,61.6054],[17.1119,61.6045],[17.1001,61.6073],[17.0951,61.6057],[17.0773,61.607],[17.0742,61.6054],[17.0653,61.6057],[17.0602,61.61],[17.0623,61.6118],[17.0604,61.6144],[17.0884,61.6106],[17.1124,61.6097],[17.1132,61.6113],[17.1194,61.6093],[17.1261,61.6095],[17.1245,61.6123],[17.1273,61.6134],[17.1408,61.6133],[17.1467,61.6113],[17.155,61.6114],[17.1544,61.6105],[17.1787,61.6122],[17.1658,61.6095],[17.164,61.6077],[17.1815,61.604],[17.1924,61.6045],[17.1972,61.6001],[17.1971,61.6013],[17.2037,61.6025],[17.2074,61.6002],[17.21,61.6006],[17.2055,61.5984],[17.2056,61.5964],[17.2117,61.5951],[17.2144,61.5962],[17.2188,61.593],[17.2217,61.593],[17.2211,61.5953],[17.2279,61.5953],[17.235,61.5932],[17.2327,61.5951],[17.2352,61.5956],[17.2315,61.5968],[17.2386,61.5982],[17.2249,61.602],[17.2206,61.5995],[17.2154,61.5998],[17.2195,61.602],[17.2154,61.6025],[17.222,61.603],[17.2337,61.6015],[17.2345,61.6027],[17.2323,61.6025],[17.2353,61.6031],[17.2328,61.6038],[17.2353,61.6047],[17.2329,61.6043],[17.2333,61.6055],[17.2441,61.6035],[17.2355,61.6129],[17.2158,61.6144],[17.2118,61.6133],[17.2069,61.6143],[17.209,61.6148],[17.2023,61.6195],[17.1938,61.6204],[17.191,61.6186],[17.191,61.6199],[17.1818,61.6228],[17.1751,61.6223],[17.1676,61.6191],[17.1464,61.6179],[17.1489,61.6147],[17.1261,61.6165],[17.1252,61.6149],[17.1109,61.6191],[17.0981,61.6203],[17.1007,61.6234],[17.1059,61.6241],[17.1323,61.6226],[17.127,61.6258],[17.127,61.6282],[17.1015,61.6332],[17.0987,61.6352],[17.1006,61.6433],[17.1047,61.6452],[17.1022,61.6474],[17.1151,61.6528],[17.1203,61.6534],[17.1244,61.65],[17.1177,61.6491],[17.1186,61.6457],[17.1047,61.6398],[17.1018,61.6368],[17.1309,61.6308],[17.1404,61.6306],[17.1442,61.6295],[17.143,61.628],[17.1325,61.6271],[17.1363,61.6255],[17.1412,61.6267],[17.145,61.6247],[17.1461,61.6262],[17.1431,61.6274],[17.1508,61.6296],[17.1477,61.6311],[17.1525,61.6325],[17.1496,61.6328],[17.1561,61.6327],[17.1643,61.6294],[17.1691,61.6297],[17.1708,61.6308],[17.1645,61.6338],[17.1665,61.634],[17.1611,61.6353],[17.1635,61.6357],[17.1621,61.6373],[17.1694,61.637],[17.1703,61.6398],[17.1735,61.6405],[17.1759,61.6366],[17.1789,61.6395],[17.189,61.6409],[17.1852,61.6424],[17.1817,61.641],[17.1716,61.6419],[17.1549,61.6488],[17.1374,61.6489],[17.1634,61.6514],[17.1721,61.6537],[17.172,61.6549],[17.1771,61.654],[17.1788,61.6528],[17.1766,61.6522],[17.1864,61.6525],[17.1914,61.6505],[17.1903,61.6484],[17.1954,61.6484],[17.1919,61.6512],[17.2109,61.652],[17.2336,61.6511],[17.2351,61.65],[17.2408,61.6511],[17.2532,61.6487],[17.2448,61.6542],[17.2391,61.6531],[17.2319,61.6566],[17.2191,61.6588],[17.2134,61.6564],[17.1933,61.658],[17.1847,61.657],[17.1916,61.6588],[17.213,61.6597],[17.2163,61.6616],[17.2558,61.6554],[17.2571,61.6566],[17.2445,61.6608],[17.2558,61.6592],[17.2506,61.6623],[17.2504,61.665],[17.254,61.6647],[17.2534,61.6659],[17.2397,61.669],[17.2518,61.6686],[17.2535,61.6673],[17.2572,61.6726],[17.2514,61.6753],[17.2454,61.6735],[17.2358,61.6769],[17.235,61.6782],[17.2435,61.6757],[17.2508,61.6771],[17.2458,61.6811],[17.2381,61.6816],[17.2362,61.6846],[17.2333,61.6855],[17.2345,61.6841],[17.2308,61.6841],[17.233,61.6856],[17.2279,61.6874],[17.2272,61.6895],[17.2113,61.691],[17.2102,61.6959],[17.2033,61.6958],[17.191,61.7014],[17.1744,61.7046],[17.1622,61.7017],[17.15,61.7037],[17.1494,61.7058],[17.1417,61.7055],[17.1424,61.7069],[17.139,61.7062],[17.1321,61.7091],[17.1241,61.7071],[17.0957,61.7095],[17.0965,61.7133],[17.1144,61.7252],[17.1082,61.7269],[17.1201,61.7266],[17.1201,61.7238],[17.1257,61.7217],[17.1433,61.719],[17.1578,61.7199],[17.1641,61.7182],[17.1722,61.7185],[17.183,61.7148],[17.1847,61.7169],[17.1874,61.7166],[17.1917,61.7221],[17.2108,61.7209],[17.2138,61.7232],[17.2173,61.723],[17.2151,61.7247],[17.221,61.7224],[17.2234,61.7242],[17.2335,61.7248],[17.2414,61.7279],[17.2517,61.7185],[17.2497,61.7169],[17.253,61.7149],[17.2534,61.7106],[17.2508,61.7102],[17.2436,61.7157],[17.2403,61.7143],[17.2493,61.7071],[17.2785,61.7013],[17.2672,61.7123],[17.2676,61.7204],[17.2698,61.7142],[17.2785,61.707],[17.276,61.7055],[17.2789,61.7043],[17.2798,61.7014],[17.278,61.7009],[17.2882,61.6991],[17.2941,61.7],[17.3056,61.6988],[17.2974,61.6947],[17.291,61.6964],[17.2904,61.6945],[17.28,61.6925],[17.282,61.6907],[17.28,61.6893],[17.2722,61.6884],[17.2721,61.6873],[17.2781,61.6866],[17.2747,61.6837],[17.2777,61.6768],[17.2858,61.6745],[17.2905,61.6765],[17.2988,61.6766],[17.3007,61.6798],[17.3055,61.676],[17.3158,61.678],[17.3237,61.6749],[17.3181,61.6752],[17.317,61.6729],[17.3134,61.6723],[17.317,61.6692],[17.3139,61.6684],[17.3045,61.6716],[17.3029,61.6688],[17.3142,61.667],[17.3165,61.6647],[17.3231,61.665],[17.3231,61.6689],[17.3289,61.6677],[17.3311,61.6648],[17.3364,61.6653],[17.3358,61.6674],[17.3392,61.6662],[17.3372,61.6652],[17.3444,61.6654],[17.3459,61.6668],[17.3415,61.6728],[17.3449,61.6745],[17.3433,61.6764],[17.3405,61.6759],[17.3385,61.679],[17.3337,61.6764],[17.332,61.6848],[17.3244,61.682],[17.3251,61.6871],[17.3167,61.6956],[17.3195,61.6986],[17.3077,61.6984],[17.3105,61.6996],[17.3105,61.7027],[17.3124,61.7009],[17.3351,61.7015],[17.3296,61.7021],[17.3344,61.7065],[17.3159,61.7182],[17.3126,61.7242],[17.3249,61.7153],[17.3564,61.7031],[17.3503,61.7003],[17.3629,61.6895],[17.3738,61.6844],[17.3716,61.6828],[17.3731,61.6735],[17.3873,61.6574],[17.4065,61.6441],[17.4155,61.6408],[17.4147,61.639],[17.4073,61.6396],[17.4074,61.6377],[17.4232,61.6341],[17.4328,61.6301],[17.4315,61.6283],[17.4376,61.6254],[17.4347,61.626],[17.4352,61.6236],[17.4429,61.6189],[17.4464,61.6193],[17.4443,61.622],[17.4497,61.6235],[17.4547,61.6224],[17.4558,61.6235],[17.4616,61.6189],[17.4614,61.6206],[17.4678,61.6219],[17.4837,61.6198],[17.4887,61.6211],[17.4914,61.6446],[17.4952,61.6451],[17.4964,61.6486],[17.5014,61.6499],[17.5037,61.6527],[17.508,61.6747],[17.5112,61.677],[17.5103,61.6841],[17.5142,61.6862],[17.5167,61.6915],[17.5139,61.6984],[17.5076,61.702],[17.5064,61.7048],[17.5087,61.7051],[17.5051,61.7077],[17.507,61.7093],[17.504,61.7101],[17.5094,61.7108],[17.5059,61.7109],[17.5069,61.7141],[17.5026,61.7188],[17.4961,61.7147],[17.4922,61.7153],[17.4871,61.7133],[17.4873,61.717],[17.4795,61.7225],[17.4764,61.7213],[17.4756,61.7237],[17.4684,61.7262],[17.464,61.7242],[17.4654,61.7259],[17.4612,61.7288],[17.4655,61.7286],[17.4564,61.7333],[17.4503,61.7336],[17.4492,61.7317],[17.4465,61.7326],[17.4441,61.7307],[17.4261,61.7287],[17.3952,61.7194],[17.3905,61.7124],[17.3835,61.7076],[17.3836,61.7031],[17.3807,61.7093],[17.3822,61.7142],[17.3914,61.7255],[17.3996,61.7267],[17.4019,61.7287],[17.3996,61.7312],[17.3944,61.7299],[17.3848,61.7342],[17.3799,61.7339],[17.381,61.7367],[17.3775,61.7372],[17.3748,61.741],[17.3849,61.7441],[17.3807,61.7481],[17.3842,61.7475],[17.3845,61.7503],[17.3742,61.7527],[17.3736,61.7578],[17.3848,61.7634],[17.3816,61.7689],[17.3867,61.7691],[17.3875,61.7706],[17.3791,61.7762],[17.3584,61.7786],[17.3602,61.7811],[17.3505,61.7817],[17.353,61.7833],[17.3622,61.7816],[17.376,61.7819],[17.3771,61.7827],[17.3716,61.7836],[17.3739,61.7857],[17.3744,61.7842],[17.3767,61.7854],[17.3769,61.7839],[17.3828,61.7845],[17.3849,61.7821],[17.3879,61.7848],[17.3861,61.7887],[17.3712,61.7922],[17.3725,61.7941],[17.3691,61.7941],[17.369,61.7964],[17.3745,61.7973],[17.3775,61.7953],[17.38,61.7968],[17.3824,61.7943],[17.393,61.7936],[17.3945,61.7946],[17.3967,61.792],[17.4007,61.7931],[17.3985,61.7919],[17.4024,61.7918],[17.4019,61.7946],[17.3951,61.7968],[17.3924,61.7999],[17.3948,61.8008],[17.3905,61.8027],[17.3945,61.803],[17.3959,61.8063],[17.3884,61.8062],[17.3866,61.8089],[17.3897,61.8099],[17.3943,61.8082],[17.3942,61.8063],[17.3975,61.8077],[17.3978,61.8059],[17.411,61.8034],[17.4144,61.8066],[17.4193,61.8075],[17.4192,61.815],[17.4129,61.8155],[17.4099,61.8142],[17.4108,61.8155],[17.4082,61.8153],[17.4063,61.8129],[17.4055,61.8167],[17.4004,61.8181],[17.3997,61.817],[17.3986,61.8188],[17.3938,61.8196],[17.3888,61.8187],[17.3907,61.8155],[17.3867,61.816],[17.3869,61.8201],[17.3816,61.8188],[17.3863,61.8122],[17.3822,61.8157],[17.3745,61.8152],[17.3716,61.817],[17.3654,61.8137],[17.3599,61.816],[17.3557,61.8127],[17.3543,61.8153],[17.3493,61.8148],[17.3538,61.817],[17.3487,61.8177],[17.3549,61.8198],[17.3469,61.821],[17.3466,61.8242],[17.344,61.823],[17.3446,61.8186],[17.3373,61.8192],[17.3398,61.8208],[17.3356,61.8224],[17.335,61.8205],[17.327,61.8196],[17.3232,61.8176],[17.3247,61.8218],[17.3331,61.8233],[17.3321,61.8257],[17.3348,61.8272],[17.3386,61.8266],[17.3367,61.8287],[17.3421,61.8275],[17.3423,61.8312],[17.3388,61.833],[17.3448,61.8334],[17.3434,61.8365],[17.3502,61.8364],[17.3495,61.8382],[17.3516,61.8381],[17.3462,61.8392],[17.3426,61.842],[17.3418,61.8443],[17.3464,61.8438],[17.3462,61.8451],[17.3373,61.8455],[17.3413,61.8416],[17.3341,61.8425],[17.3341,61.8405],[17.3332,61.8433],[17.3354,61.8436],[17.3322,61.8442],[17.331,61.8423],[17.3287,61.8432],[17.3235,61.8422],[17.3235,61.8452],[17.3124,61.8429],[17.3187,61.8453],[17.322,61.85],[17.3174,61.8509],[17.3143,61.8494],[17.3137,61.8514],[17.3084,61.8511],[17.3064,61.8528],[17.3139,61.8549],[17.311,61.8569],[17.3137,61.8591],[17.3161,61.8587],[17.3148,61.8554],[17.3175,61.8554],[17.3195,61.8585],[17.3374,61.86],[17.3368,61.8638],[17.3412,61.8605],[17.3435,61.8616],[17.3403,61.8618],[17.3413,61.8627],[17.3508,61.8626],[17.3424,61.8662],[17.3514,61.8671],[17.3521,61.8647],[17.3595,61.866],[17.3591,61.8676],[17.3606,61.8669],[17.3628,61.8683],[17.3527,61.8728],[17.3516,61.8757],[17.3554,61.8726],[17.3564,61.8744],[17.366,61.8725],[17.3662,61.8758],[17.362,61.8744],[17.3637,61.8782],[17.3598,61.8775],[17.3589,61.8788],[17.3619,61.8798],[17.3577,61.8854],[17.3636,61.8838],[17.3607,61.8866],[17.3661,61.8843],[17.3645,61.8887],[17.3613,61.8889],[17.3583,61.8867],[17.347,61.8954],[17.3319,61.8948],[17.3331,61.8967],[17.3476,61.897],[17.3549,61.8992],[17.3405,61.908],[17.3354,61.908],[17.3415,61.9103],[17.3365,61.9124],[17.3396,61.9142],[17.3368,61.9165],[17.3451,61.9179],[17.3444,61.9202],[17.3238,61.9285],[17.3307,61.929],[17.3349,61.9272],[17.3388,61.9288],[17.3397,61.9273],[17.3454,61.9268],[17.3468,61.9283],[17.3437,61.9277],[17.3411,61.9307],[17.3479,61.9319],[17.3411,61.9354],[17.3513,61.9341],[17.3428,61.9387],[17.3547,61.9401],[17.3391,61.9537],[17.3389,61.9563],[17.3558,61.9573],[17.3641,61.9501],[17.3607,61.9502],[17.3772,61.9476],[17.3785,61.9506],[17.3838,61.9525],[17.3752,61.9637],[17.3825,61.9662],[17.3869,61.9703],[17.3902,61.981],[17.3999,61.982],[17.4018,61.9835],[17.3848,61.9858],[17.3849,61.9903],[17.3919,61.9907],[17.3894,61.9896],[17.3948,61.9893],[17.3918,61.9941],[17.3993,61.9962],[17.41,61.9905],[17.4161,61.9911],[17.4339,61.9886],[17.432,61.9921],[17.4368,61.9922],[17.4359,61.9939],[17.4421,61.9953],[17.4445,61.9981],[17.4564,61.999],[17.4605,62.0017],[17.4587,62.0052],[17.4501,62.0079],[17.4444,62.0074],[17.4476,62.0114],[17.4444,62.0102],[17.4377,62.0135],[17.4274,62.015],[17.4254,62.0174],[17.4168,62.0171],[17.4139,62.0191],[17.4152,62.0219],[17.4182,62.0218],[17.4272,62.0284],[17.4376,62.0275],[17.4384,62.0287],[17.431,62.0303],[17.4336,62.0313],[17.4399,62.0294],[17.4456,62.0297],[17.4472,62.0283],[17.4509,62.03],[17.452,62.0281],[17.4561,62.029],[17.4555,62.0327],[17.4597,62.0306],[17.4626,62.0321],[17.4589,62.034],[17.4627,62.0365],[17.4617,62.0393],[17.4654,62.0405],[17.466,62.0453],[17.458,62.0532],[17.4526,62.0538],[17.4578,62.0552],[17.456,62.0569],[17.4515,62.0564],[17.4444,62.0589],[17.4383,62.0577],[17.4336,62.0585],[17.4315,62.0607],[17.4389,62.062],[17.4341,62.0619],[17.4307,62.0652],[17.4359,62.0658],[17.4335,62.0676],[17.4397,62.0698],[17.4412,62.0682],[17.4444,62.0692],[17.4555,62.0684],[17.4635,62.0715],[17.4596,62.0716],[17.4623,62.074],[17.4578,62.0775],[17.462,62.0799],[17.4579,62.082],[17.4599,62.0834],[17.4685,62.0839],[17.4711,62.0887],[17.4635,62.0984],[17.4654,62.0994],[17.4751,62.0984],[17.4678,62.1],[17.4668,62.1026],[17.4724,62.1046],[17.4679,62.108],[17.4699,62.1106],[17.4749,62.1106],[17.4765,62.1146],[17.4758,62.1188],[17.4717,62.1181],[17.4739,62.1202],[17.4719,62.1236],[17.4842,62.1333],[17.4884,62.1331],[17.4873,62.1364],[17.4945,62.1368],[17.493,62.1401],[17.4948,62.1392],[17.4963,62.141],[17.4992,62.1404],[17.4982,62.1444],[17.5014,62.1444],[17.5013,62.1417],[17.5062,62.1413],[17.5068,62.1428],[17.5133,62.1419],[17.5038,62.1474],[17.5097,62.1474],[17.5107,62.1497],[17.5077,62.1509],[17.2289,62.1501],[17.1912,62.1666],[17.1274,62.1525],[17.0755,62.1666],[16.9811,62.1619],[16.8608,62.1782],[16.7994,62.2115],[16.6177,62.2186],[16.5155,62.2319],[16.2449,62.2327],[15.603,62.3483],[15.5086,62.3342],[15.3718,62.3012],[15.3316,62.2705]]]]}},
    {"type":"Feature","properties":{"kod":"22","namn":"Västernorrlands län"},"geometry":{"type":"Polygon","coordinates":[[[18.4802,63.8363],[18.4765,63.8732],[18.4396,63.8843],[18.4249,63.9101],[18.4101,63.9212],[18.4138,63.9359],[18.4655,63.9396],[18.4839,63.9617],[18.388,64.0023],[17.7317,63.8843],[16.8689,63.9507],[16.8106,63.8463],[16.809,63.8473],[16.8034,63.8376],[16.8014,63.8274],[16.7048,63.7697],[16.6085,63.8267],[16.5919,63.7159],[16.5079,63.7103],[16.4599,63.7002],[16.3131,63.6808],[16.2503,63.678],[16.1783,63.6928],[15.9282,63.6882],[15.8238,63.6716],[15.8663,63.6273],[15.8921,63.6236],[15.9678,63.5682],[15.9891,63.4952],[16.1423,63.3475],[16.2254,63.3032],[16.2522,63.3032],[16.2993,63.2728],[16.3251,63.27],[16.3888,63.2358],[16.4063,63.234],[16.4414,63.2146],[16.4617,63.2146],[16.4885,63.1952],[16.5393,63.1777],[16.6205,63.1371],[16.8024,63.0281],[16.939,62.9367],[16.9953,62.9109],[17.0341,62.8795],[16.9805,62.8693],[16.9399,62.8666],[16.8222,62.8763],[16.74,62.8604],[16.541,62.7666],[16.5208,62.7465],[16.489,62.7248],[16.4313,62.6613],[16.2789,62.645],[16.1423,62.6432],[16.1303,62.6533],[16.1119,62.6533],[16.0694,62.6792],[16.0112,62.6755],[15.9134,62.6543],[15.6878,62.6161],[15.4649,62.6065],[15.3856,62.6051],[15.2875,62.5964],[15.175,62.5661],[15.1288,62.5705],[15.0452,62.5993],[14.9298,62.6008],[14.8764,62.6051],[14.7985,62.5878],[14.8644,62.3837],[14.9446,62.3082],[15.1476,62.2422],[15.2699,62.293],[15.3316,62.2705],[15.3718,62.3012],[15.5086,62.3342],[15.603,62.3483],[16.2449,62.2327],[16.5155,62.2319],[16.6177,62.2186],[16.7994,62.2115],[16.8608,62.1782],[16.9811,62.1619],[17.0755,62.1666],[17.1274,62.1525],[17.1912,62.1666],[17.2289,62.1501],[17.5146,62.1503],[17.5083,62.1561],[17.5149,62.1552],[17.5132,62.157],[17.5036,62.1595],[17.5042,62.1605],[17.5102,62.1592],[17.5059,62.1618],[17.5106,62.1654],[17.513,62.164],[17.5136,62.1662],[17.5122,62.17],[17.5012,62.1777],[17.5036,62.179],[17.5023,62.1823],[17.5051,62.1827],[17.5096,62.1805],[17.5053,62.1796],[17.5103,62.1772],[17.5067,62.1757],[17.5141,62.175],[17.5151,62.1763],[17.5263,62.1732],[17.5236,62.1693],[17.5197,62.1687],[17.5171,62.171],[17.5138,62.1707],[17.5258,62.1641],[17.5314,62.1632],[17.5356,62.1653],[17.5319,62.1654],[17.5336,62.1671],[17.5308,62.1707],[17.5373,62.1701],[17.539,62.1686],[17.5425,62.1721],[17.5364,62.1781],[17.5365,62.1805],[17.5393,62.181],[17.5341,62.1832],[17.5371,62.1846],[17.5333,62.1879],[17.5211,62.1894],[17.5199,62.1857],[17.5232,62.186],[17.5207,62.1854],[17.5139,62.1879],[17.5068,62.1867],[17.5039,62.1902],[17.5114,62.1918],[17.5046,62.1975],[17.5109,62.1943],[17.5144,62.1983],[17.5044,62.2035],[17.4979,62.2029],[17.4961,62.2047],[17.4981,62.208],[17.5011,62.2079],[17.5013,62.2114],[17.5044,62.212],[17.4983,62.2145],[17.5021,62.2178],[17.4944,62.2199],[17.4963,62.2217],[17.5027,62.221],[17.4976,62.2247],[17.5007,62.2282],[17.5076,62.2287],[17.5107,62.2307],[17.5187,62.2278],[17.5234,62.2285],[17.5227,62.2268],[17.5264,62.2264],[17.5273,62.2284],[17.5241,62.2299],[17.5304,62.2308],[17.5413,62.2303],[17.5399,62.2277],[17.543,62.227],[17.5513,62.2275],[17.5578,62.2259],[17.5609,62.2318],[17.5614,62.2281],[17.5657,62.226],[17.5647,62.2234],[17.5771,62.2243],[17.579,62.2183],[17.5703,62.2108],[17.5641,62.2132],[17.5563,62.21],[17.5441,62.2125],[17.5415,62.212],[17.5419,62.21],[17.5358,62.2113],[17.5348,62.2084],[17.5286,62.2099],[17.5293,62.2042],[17.5255,62.2047],[17.519,62.2015],[17.5219,62.1972],[17.5185,62.1956],[17.5216,62.1961],[17.525,62.1933],[17.524,62.1962],[17.5339,62.1926],[17.536,62.19],[17.5417,62.191],[17.5457,62.189],[17.5457,62.1862],[17.5512,62.1861],[17.5524,62.1844],[17.5567,62.1879],[17.5559,62.1905],[17.5608,62.1889],[17.5616,62.1907],[17.5678,62.1898],[17.5707,62.1874],[17.5711,62.1893],[17.5771,62.1904],[17.5755,62.1954],[17.5777,62.1974],[17.5813,62.1974],[17.5796,62.1994],[17.5831,62.1995],[17.58,62.2017],[17.5846,62.2013],[17.5885,62.203],[17.5979,62.1992],[17.6062,62.1992],[17.609,62.2005],[17.6035,62.2027],[17.6082,62.2009],[17.6096,62.2032],[17.6097,62.2008],[17.6155,62.2031],[17.614,62.2059],[17.6101,62.2054],[17.612,62.2065],[17.6074,62.2108],[17.6,62.2111],[17.6018,62.2126],[17.5991,62.214],[17.5969,62.2125],[17.5976,62.214],[17.6155,62.217],[17.6166,62.2155],[17.6113,62.2117],[17.6149,62.2098],[17.6209,62.2101],[17.6247,62.2086],[17.6249,62.2118],[17.6296,62.2106],[17.6326,62.2125],[17.6301,62.2141],[17.6362,62.2133],[17.6322,62.2162],[17.6437,62.2164],[17.6417,62.2175],[17.6476,62.2193],[17.6464,62.2222],[17.6509,62.2223],[17.6458,62.2236],[17.6511,62.2267],[17.6516,62.2296],[17.6612,62.2313],[17.6594,62.2363],[17.6415,62.2414],[17.6384,62.2389],[17.6318,62.2404],[17.6283,62.2396],[17.6249,62.2423],[17.6192,62.2427],[17.6099,62.2392],[17.6114,62.2404],[17.6074,62.2403],[17.6027,62.244],[17.5862,62.2465],[17.5789,62.2507],[17.5604,62.2506],[17.5549,62.2552],[17.5403,62.2551],[17.537,62.2528],[17.5279,62.2508],[17.5298,62.2462],[17.5239,62.2459],[17.5102,62.2579],[17.4998,62.2597],[17.4839,62.2594],[17.4769,62.2617],[17.4585,62.2637],[17.4557,62.2684],[17.4641,62.2748],[17.4706,62.2754],[17.4772,62.2684],[17.4949,62.271],[17.484,62.2771],[17.485,62.2797],[17.4764,62.2848],[17.4746,62.2843],[17.4779,62.2807],[17.4737,62.2806],[17.4723,62.2784],[17.4671,62.2864],[17.4562,62.2905],[17.4522,62.2897],[17.4511,62.2875],[17.447,62.2892],[17.4469,62.2951],[17.4624,62.2961],[17.4686,62.2951],[17.4663,62.2959],[17.468,62.3022],[17.4649,62.3057],[17.4594,62.3069],[17.4563,62.3058],[17.4572,62.3091],[17.4537,62.309],[17.4473,62.3119],[17.4444,62.3219],[17.4379,62.3234],[17.428,62.3314],[17.4196,62.3326],[17.4118,62.3365],[17.4076,62.3362],[17.4073,62.3294],[17.3978,62.3265],[17.399,62.3298],[17.3941,62.3355],[17.3884,62.3328],[17.3926,62.3294],[17.3915,62.3273],[17.3972,62.3261],[17.3911,62.3211],[17.3908,62.3128],[17.3838,62.3084],[17.3851,62.3011],[17.383,62.3005],[17.3765,62.3044],[17.3759,62.3142],[17.3729,62.315],[17.3748,62.3179],[17.3708,62.3191],[17.3724,62.3291],[17.3672,62.3324],[17.3713,62.3382],[17.3668,62.3459],[17.3732,62.3493],[17.3758,62.3541],[17.3723,62.3598],[17.3755,62.3601],[17.3709,62.3618],[17.3745,62.372],[17.3668,62.377],[17.372,62.3772],[17.3674,62.3779],[17.3558,62.3853],[17.3387,62.3841],[17.3268,62.3884],[17.319,62.3889],[17.3206,62.3906],[17.3147,62.3917],[17.3138,62.3933],[17.3367,62.3932],[17.339,62.3942],[17.344,62.3931],[17.3491,62.393],[17.3514,62.394],[17.3474,62.3931],[17.3474,62.3943],[17.3579,62.3985],[17.3629,62.3969],[17.3568,62.3953],[17.3554,62.3919],[17.3617,62.3906],[17.3691,62.3921],[17.3745,62.3956],[17.3875,62.3951],[17.3947,62.4007],[17.3987,62.4],[17.3975,62.4039],[17.3904,62.4088],[17.3904,62.4139],[17.3855,62.417],[17.3824,62.4234],[17.3861,62.4265],[17.3922,62.4275],[17.3881,62.4292],[17.3918,62.4307],[17.3928,62.4349],[17.3859,62.4444],[17.377,62.4488],[17.3603,62.4632],[17.3529,62.4664],[17.3452,62.4665],[17.337,62.4695],[17.319,62.4713],[17.3233,62.4731],[17.3305,62.4722],[17.3429,62.4744],[17.3316,62.4834],[17.3353,62.4879],[17.344,62.4908],[17.3575,62.4906],[17.3552,62.491],[17.3569,62.4921],[17.3615,62.4909],[17.358,62.4884],[17.3618,62.4868],[17.3657,62.4883],[17.3747,62.4875],[17.3828,62.4912],[17.3733,62.4904],[17.369,62.4885],[17.3584,62.4923],[17.367,62.4971],[17.3849,62.4972],[17.3865,62.4957],[17.3888,62.4981],[17.3978,62.4977],[17.3976,62.4988],[17.4032,62.4989],[17.4025,62.5005],[17.4038,62.499],[17.4082,62.4989],[17.4064,62.5001],[17.4093,62.5004],[17.4091,62.499],[17.4192,62.5021],[17.4149,62.5019],[17.4208,62.5024],[17.4234,62.5048],[17.4212,62.5067],[17.4244,62.506],[17.4245,62.5028],[17.4444,62.5037],[17.486,62.5107],[17.4919,62.504],[17.4952,62.5042],[17.4979,62.5022],[17.4968,62.499],[17.4983,62.5006],[17.5004,62.4986],[17.497,62.4985],[17.5029,62.498],[17.5069,62.4933],[17.5046,62.4928],[17.5175,62.4847],[17.5213,62.4772],[17.5219,62.4618],[17.5284,62.4588],[17.5299,62.4535],[17.5342,62.4518],[17.5351,62.4491],[17.5536,62.4434],[17.554,62.4456],[17.5571,62.4457],[17.5654,62.4424],[17.5771,62.4415],[17.5815,62.4432],[17.5879,62.4381],[17.5997,62.4361],[17.605,62.4366],[17.6037,62.4393],[17.6122,62.4384],[17.6124,62.4405],[17.6175,62.4406],[17.6194,62.4387],[17.617,62.4355],[17.6338,62.4289],[17.6362,62.4429],[17.6587,62.4388],[17.6755,62.4332],[17.7057,62.4297],[17.6973,62.4318],[17.6996,62.4334],[17.7111,62.4329],[17.7082,62.4368],[17.7128,62.4362],[17.7108,62.4416],[17.7158,62.442],[17.7149,62.4436],[17.7065,62.4431],[17.7041,62.4463],[17.6944,62.449],[17.6883,62.4432],[17.6694,62.4537],[17.6655,62.4602],[17.6574,62.4653],[17.663,62.4768],[17.6719,62.4756],[17.6713,62.478],[17.6672,62.4791],[17.678,62.4794],[17.6756,62.4835],[17.6802,62.4852],[17.6835,62.4941],[17.6937,62.4974],[17.6981,62.4961],[17.7002,62.5015],[17.7032,62.5012],[17.7009,62.4963],[17.7153,62.4973],[17.7181,62.5037],[17.7209,62.5041],[17.7189,62.5065],[17.7273,62.5038],[17.7238,62.5082],[17.7199,62.509],[17.7237,62.5102],[17.7258,62.5084],[17.7303,62.5093],[17.7328,62.5062],[17.7393,62.5052],[17.7467,62.5072],[17.7474,62.5092],[17.7519,62.5094],[17.7522,62.5068],[17.7495,62.5077],[17.7483,62.5062],[17.7574,62.5034],[17.7561,62.5014],[17.7589,62.5011],[17.7643,62.5028],[17.7638,62.5062],[17.7727,62.5073],[17.7825,62.505],[17.7826,62.5065],[17.7859,62.5062],[17.7832,62.5037],[17.7844,62.5018],[17.7878,62.5023],[17.7864,62.4995],[17.7902,62.4992],[17.7884,62.4969],[17.8001,62.4923],[17.7986,62.4878],[17.8035,62.4928],[17.8022,62.4974],[17.8116,62.4967],[17.8061,62.4853],[17.812,62.4836],[17.8102,62.4816],[17.8183,62.4799],[17.8212,62.484],[17.8183,62.4858],[17.819,62.4927],[17.8312,62.4935],[17.8414,62.4898],[17.8475,62.4903],[17.8516,62.4951],[17.8435,62.4948],[17.8456,62.4993],[17.8477,62.4985],[17.8469,62.5016],[17.8541,62.5017],[17.8555,62.5045],[17.8591,62.5016],[17.8615,62.5035],[17.867,62.5035],[17.8685,62.5071],[17.8752,62.508],[17.8871,62.5167],[17.8892,62.5275],[17.8856,62.5307],[17.8792,62.5324],[17.8834,62.5333],[17.8812,62.5359],[17.884,62.5378],[17.8726,62.5437],[17.8653,62.5508],[17.8662,62.5534],[17.883,62.5465],[17.8839,62.5425],[17.8967,62.5401],[17.8888,62.5437],[17.8923,62.5433],[17.8932,62.5452],[17.8979,62.5442],[17.9071,62.549],[17.9113,62.5594],[17.9164,62.5638],[17.9113,62.5752],[17.9163,62.579],[17.9131,62.5813],[17.9084,62.5791],[17.9136,62.5833],[17.9082,62.5837],[17.9125,62.5868],[17.91,62.5891],[17.9123,62.5921],[17.9195,62.5885],[17.92,62.5861],[17.9258,62.5851],[17.9277,62.5902],[17.9246,62.61],[17.9126,62.6083],[17.9158,62.6054],[17.9124,62.6027],[17.9057,62.6049],[17.8989,62.6108],[17.9027,62.6113],[17.9,62.6132],[17.9043,62.6113],[17.9145,62.6138],[17.92,62.6222],[17.9267,62.6223],[17.9375,62.625],[17.9349,62.6302],[17.9295,62.6325],[17.9362,62.6341],[17.9395,62.6375],[17.936,62.6386],[17.9383,62.6431],[17.9339,62.6486],[17.9343,62.6529],[17.9231,62.6572],[17.9115,62.6588],[17.903,62.6628],[17.8892,62.6641],[17.871,62.6601],[17.8653,62.6648],[17.8565,62.6636],[17.8454,62.6697],[17.8455,62.674],[17.8524,62.6796],[17.8606,62.6787],[17.8682,62.6768],[17.8678,62.6727],[17.8777,62.6712],[17.8796,62.6676],[17.889,62.6672],[17.8909,62.6693],[17.9025,62.6684],[17.8998,62.6756],[17.9164,62.6741],[17.9192,62.6745],[17.9201,62.6773],[17.9267,62.6769],[17.9287,62.6745],[17.9461,62.6708],[17.942,62.6686],[17.9409,62.6632],[17.9518,62.6607],[17.9673,62.6542],[17.9791,62.6553],[17.9888,62.6661],[17.9817,62.6701],[17.9772,62.6697],[17.9821,62.6685],[17.9792,62.6674],[17.97,62.6672],[17.97,62.6698],[17.9734,62.671],[17.9709,62.6734],[17.9787,62.6748],[17.9764,62.6761],[17.9711,62.6753],[17.9669,62.6782],[17.9691,62.6805],[17.9737,62.6807],[17.979,62.6873],[17.9877,62.6881],[17.9877,62.6907],[17.9834,62.6928],[17.9888,62.6994],[17.9885,62.7045],[17.9783,62.7139],[17.9795,62.7198],[17.9641,62.7224],[17.9455,62.7312],[17.9476,62.7333],[17.959,62.7349],[17.9644,62.7399],[17.9725,62.7405],[17.9734,62.7428],[17.9671,62.7481],[17.958,62.7485],[17.9614,62.7516],[17.9593,62.7551],[17.9452,62.765],[17.9384,62.766],[17.9324,62.7706],[17.9397,62.7772],[17.9325,62.7859],[17.933,62.7917],[17.9501,62.7991],[17.9625,62.7988],[17.9694,62.8023],[17.9716,62.817],[17.9604,62.8174],[17.9598,62.8161],[17.9656,62.8145],[17.959,62.8121],[17.958,62.8174],[17.9695,62.8203],[17.9733,62.8197],[17.9696,62.8275],[17.9724,62.8333],[17.976,62.8321],[17.9772,62.8347],[17.9874,62.832],[17.9995,62.832],[18.0008,62.8408],[18.0122,62.8453],[18.0159,62.8442],[18.0208,62.8449],[18.017,62.8431],[18.0149,62.8444],[18.0117,62.8437],[18.0115,62.8405],[18.0146,62.8428],[18.0286,62.842],[18.0238,62.851],[18.0179,62.8506],[18.0167,62.8532],[18.0267,62.8536],[18.0319,62.8566],[18.0405,62.8564],[18.049,62.8604],[18.0453,62.8586],[18.0441,62.8528],[18.0409,62.8539],[18.0369,62.8529],[18.0348,62.8497],[18.0392,62.8472],[18.042,62.8474],[18.0459,62.8515],[18.0537,62.8515],[18.0537,62.8447],[18.0566,62.8448],[18.0653,62.8402],[18.0678,62.84],[18.0676,62.8426],[18.0706,62.8435],[18.0784,62.8424],[18.0867,62.8386],[18.0983,62.8379],[18.1019,62.8349],[18.1111,62.8326],[18.1135,62.8297],[18.1116,62.8251],[18.1167,62.8237],[18.116,62.8202],[18.1208,62.8204],[18.1285,62.8242],[18.1276,62.8254],[18.1243,62.8246],[18.122,62.8276],[18.1243,62.8304],[18.1275,62.8293],[18.1289,62.8232],[18.134,62.823],[18.1359,62.8202],[18.1313,62.8217],[18.1304,62.8188],[18.1439,62.8184],[18.1487,62.8155],[18.1549,62.8149],[18.1623,62.8187],[18.1621,62.8159],[18.1585,62.8153],[18.1536,62.8109],[18.141,62.8133],[18.1339,62.8117],[18.1171,62.8123],[18.1061,62.8107],[18.0964,62.812],[18.0938,62.8104],[18.0858,62.8172],[18.0699,62.8196],[18.0659,62.8175],[18.0644,62.8129],[18.0712,62.8099],[18.0682,62.8083],[18.0592,62.8122],[18.0606,62.8151],[18.0578,62.8176],[18.051,62.8182],[18.0599,62.8187],[18.0544,62.8232],[18.0542,62.8206],[18.0445,62.8219],[18.0447,62.8199],[18.0406,62.819],[18.0428,62.8165],[18.0349,62.8171],[18.0331,62.8127],[18.026,62.811],[18.0186,62.8129],[18.0175,62.8229],[17.9989,62.8274],[17.9961,62.8253],[17.9908,62.826],[17.9889,62.8219],[17.9811,62.8193],[17.9828,62.8086],[17.9884,62.8077],[17.9924,62.8035],[17.9989,62.8018],[18.0012,62.8016],[18.0003,62.8054],[18.0037,62.8047],[18.0085,62.8017],[18.0171,62.8001],[18.0219,62.7962],[18.0242,62.7959],[18.0251,62.798],[18.0291,62.797],[18.0322,62.7999],[18.0502,62.799],[18.051,62.802],[18.0713,62.8005],[18.0688,62.7974],[18.0853,62.7944],[18.0868,62.7906],[18.0844,62.7892],[18.086,62.787],[18.0763,62.7896],[18.0691,62.7887],[18.0675,62.7853],[18.0709,62.782],[18.0793,62.7812],[18.0801,62.7843],[18.0829,62.7846],[18.0902,62.7786],[18.1051,62.7745],[18.1086,62.7677],[18.118,62.7684],[18.1205,62.7718],[18.1332,62.7736],[18.1475,62.7811],[18.1397,62.7868],[18.1554,62.7861],[18.1566,62.7884],[18.1509,62.7952],[18.1545,62.8017],[18.1621,62.8036],[18.1683,62.8155],[18.1784,62.8208],[18.1794,62.8274],[18.1848,62.8269],[18.1881,62.8098],[18.1766,62.796],[18.1779,62.7911],[18.1824,62.7903],[18.1999,62.7959],[18.2102,62.795],[18.2268,62.7978],[18.2345,62.8014],[18.2261,62.8064],[18.2337,62.8114],[18.2324,62.8131],[18.24,62.8135],[18.2366,62.8096],[18.2442,62.8076],[18.2524,62.8127],[18.2644,62.8166],[18.2783,62.8276],[18.2766,62.8386],[18.2869,62.8516],[18.2794,62.854],[18.2655,62.8492],[18.2563,62.8512],[18.238,62.851],[18.2277,62.8421],[18.2241,62.8297],[18.206,62.8286],[18.2108,62.8322],[18.2018,62.8402],[18.2094,62.8428],[18.2114,62.846],[18.2059,62.8505],[18.2076,62.8573],[18.2005,62.8632],[18.2028,62.8656],[18.1999,62.8683],[18.2008,62.8695],[18.2065,62.8693],[18.2068,62.8711],[18.2025,62.8751],[18.1909,62.8747],[18.203,62.8756],[18.2022,62.8779],[18.2166,62.8758],[18.2092,62.8846],[18.202,62.8863],[18.2012,62.8883],[18.2231,62.8846],[18.2238,62.8859],[18.2285,62.8858],[18.2308,62.891],[18.2358,62.8913],[18.2399,62.8902],[18.2389,62.8861],[18.2426,62.882],[18.2544,62.8806],[18.2471,62.8917],[18.2365,62.8952],[18.2336,62.8981],[18.2398,62.8975],[18.2436,62.9001],[18.2482,62.8981],[18.2531,62.9004],[18.2514,62.9014],[18.2642,62.9017],[18.2708,62.8978],[18.2774,62.8997],[18.2793,62.8966],[18.2871,62.8947],[18.2915,62.9027],[18.2845,62.91],[18.2931,62.91],[18.2947,62.9091],[18.2905,62.9094],[18.2887,62.9079],[18.2931,62.9063],[18.2969,62.9075],[18.2916,62.8997],[18.2962,62.8862],[18.2895,62.8759],[18.3049,62.8691],[18.3077,62.8634],[18.3125,62.8615],[18.3267,62.8734],[18.3293,62.8788],[18.3414,62.8868],[18.333,62.876],[18.3326,62.8716],[18.3208,62.8673],[18.3194,62.8654],[18.3232,62.8648],[18.3237,62.8619],[18.317,62.859],[18.3156,62.8564],[18.3195,62.8535],[18.3178,62.8448],[18.32,62.8407],[18.3258,62.8404],[18.343,62.8487],[18.3339,62.8406],[18.3384,62.8396],[18.338,62.8361],[18.3457,62.8349],[18.364,62.8416],[18.3756,62.8436],[18.3782,62.8459],[18.401,62.854],[18.4023,62.8607],[18.3966,62.8637],[18.4045,62.8667],[18.4061,62.8728],[18.4143,62.867],[18.4192,62.8657],[18.4271,62.8662],[18.4465,62.87],[18.4571,62.8764],[18.4526,62.8803],[18.4487,62.8793],[18.451,62.8808],[18.4483,62.8852],[18.4595,62.8886],[18.4569,62.8945],[18.4468,62.895],[18.4197,62.9046],[18.4121,62.9044],[18.4046,62.9118],[18.3901,62.914],[18.3887,62.9163],[18.4021,62.9164],[18.4114,62.9092],[18.4121,62.9118],[18.4174,62.9115],[18.4226,62.9134],[18.4275,62.9093],[18.435,62.9091],[18.437,62.9076],[18.4451,62.9078],[18.4525,62.9114],[18.4544,62.9086],[18.4499,62.9061],[18.4541,62.9037],[18.4564,62.9139],[18.4606,62.9157],[18.4636,62.9107],[18.4607,62.9034],[18.467,62.8997],[18.4699,62.9015],[18.4734,62.901],[18.4713,62.9027],[18.4737,62.9054],[18.4851,62.9072],[18.5035,62.9239],[18.5096,62.9268],[18.5072,62.9297],[18.5111,62.9315],[18.511,62.9338],[18.5079,62.9374],[18.4844,62.9451],[18.4756,62.9434],[18.473,62.9418],[18.475,62.94],[18.47,62.9384],[18.463,62.9408],[18.4588,62.9392],[18.4507,62.9341],[18.448,62.9271],[18.4453,62.9298],[18.4449,62.9278],[18.4399,62.926],[18.4416,62.9326],[18.4393,62.9349],[18.4333,62.9357],[18.4414,62.9379],[18.4429,62.9406],[18.4391,62.943],[18.4452,62.9429],[18.4448,62.9459],[18.4388,62.9474],[18.434,62.9454],[18.4124,62.947],[18.4202,62.9492],[18.4192,62.9508],[18.4053,62.9562],[18.3915,62.9591],[18.3814,62.9544],[18.3827,62.9517],[18.3771,62.9486],[18.38,62.9458],[18.3899,62.9443],[18.3884,62.9417],[18.3824,62.9389],[18.379,62.9424],[18.3696,62.9427],[18.3827,62.9589],[18.3991,62.9628],[18.4103,62.9598],[18.4138,62.9608],[18.4089,62.9651],[18.4127,62.9704],[18.4126,62.9776],[18.4171,62.9812],[18.4208,62.9726],[18.4186,62.9691],[18.4224,62.9668],[18.4263,62.9712],[18.4307,62.9702],[18.4283,62.9668],[18.4395,62.9649],[18.4432,62.9669],[18.4541,62.9647],[18.4576,62.9706],[18.4621,62.971],[18.4734,62.9685],[18.4708,62.9649],[18.4808,62.9608],[18.488,62.9609],[18.5028,62.9661],[18.5067,62.9626],[18.5037,62.9606],[18.4986,62.9614],[18.4987,62.9586],[18.5049,62.9559],[18.5129,62.9561],[18.5218,62.958],[18.5171,62.9735],[18.5124,62.9765],[18.5148,62.9774],[18.5239,62.9742],[18.519,62.9716],[18.525,62.9652],[18.5375,62.9595],[18.5434,62.9583],[18.5506,62.9602],[18.5542,62.9592],[18.5569,62.9615],[18.5557,62.9669],[18.5416,62.9718],[18.5432,62.9851],[18.5393,62.9882],[18.5321,62.9914],[18.5289,62.99],[18.5239,62.9907],[18.5097,62.9965],[18.4948,62.9966],[18.4752,63.0009],[18.463,63.0005],[18.4501,63.0021],[18.4449,63.001],[18.4356,63.004],[18.418,63.0061],[18.4001,63.0053],[18.3427,62.9978],[18.3349,62.9909],[18.3241,62.9885],[18.316,62.9797],[18.3097,62.989],[18.2998,62.9921],[18.3068,62.9921],[18.3034,62.9982],[18.3012,62.9969],[18.2905,62.9966],[18.2923,62.9928],[18.2864,62.9902],[18.278,62.9945],[18.2853,62.9939],[18.2806,62.9968],[18.2776,62.9947],[18.2684,62.9979],[18.262,62.9968],[18.2489,62.9998],[18.2421,62.9986],[18.2284,63.0009],[18.2237,63.0002],[18.2098,63.0089],[18.201,63.0111],[18.2012,63.0136],[18.2122,63.0127],[18.2209,63.0106],[18.2315,63.0052],[18.2441,63.0034],[18.2654,63.0049],[18.2719,63.0074],[18.2867,63.0068],[18.2912,63.0094],[18.291,63.0138],[18.2948,63.0178],[18.3036,63.0195],[18.3259,63.0142],[18.3332,63.0143],[18.3366,63.0231],[18.3298,63.027],[18.3187,63.0295],[18.322,63.0319],[18.3299,63.0319],[18.3304,63.0419],[18.327,63.0443],[18.3264,63.0496],[18.3285,63.053],[18.3321,63.0537],[18.3341,63.0513],[18.3475,63.0467],[18.3492,63.0404],[18.3699,63.0215],[18.3829,63.0199],[18.4105,63.022],[18.4331,63.0201],[18.4371,63.0222],[18.4326,63.0255],[18.4145,63.0271],[18.407,63.0318],[18.399,63.0327],[18.3904,63.0498],[18.3814,63.0528],[18.3657,63.0538],[18.3602,63.0586],[18.3674,63.0664],[18.4044,63.0594],[18.4134,63.0611],[18.4184,63.0653],[18.4257,63.0663],[18.4332,63.0587],[18.4314,63.0551],[18.4386,63.0483],[18.4559,63.0409],[18.4484,63.0401],[18.445,63.0342],[18.4597,63.0256],[18.4682,63.0231],[18.4703,63.0321],[18.4674,63.0385],[18.4722,63.0382],[18.4756,63.0403],[18.4834,63.0521],[18.4925,63.0553],[18.4933,63.058],[18.4878,63.0595],[18.4886,63.0627],[18.4964,63.0641],[18.5114,63.073],[18.5207,63.0756],[18.5134,63.0846],[18.4956,63.0843],[18.4953,63.0868],[18.5231,63.0905],[18.5329,63.0977],[18.5328,63.101],[18.5369,63.1021],[18.5306,63.1117],[18.537,63.1098],[18.5428,63.1047],[18.5437,63.1099],[18.5474,63.1093],[18.5456,63.1128],[18.5437,63.1102],[18.5383,63.1128],[18.5364,63.111],[18.5298,63.113],[18.5294,63.1214],[18.5252,63.1284],[18.5357,63.1275],[18.533,63.1335],[18.5253,63.1375],[18.5283,63.1424],[18.5326,63.1428],[18.5344,63.147],[18.5265,63.1483],[18.5287,63.154],[18.5255,63.1514],[18.5142,63.1515],[18.5138,63.1531],[18.5215,63.1549],[18.5173,63.1559],[18.5181,63.157],[18.5259,63.1592],[18.5369,63.1596],[18.5444,63.1566],[18.5484,63.1599],[18.5518,63.1593],[18.5479,63.1466],[18.5584,63.1372],[18.5532,63.1371],[18.5519,63.1335],[18.561,63.1299],[18.5628,63.1337],[18.5654,63.133],[18.5744,63.1214],[18.5887,63.1155],[18.5975,63.1196],[18.6011,63.1305],[18.6007,63.1336],[18.5941,63.1345],[18.5899,63.1376],[18.6012,63.1385],[18.6039,63.1495],[18.5981,63.1578],[18.5894,63.1634],[18.5931,63.1632],[18.591,63.1649],[18.594,63.1654],[18.6096,63.1625],[18.6051,63.1663],[18.5989,63.1673],[18.5879,63.1736],[18.586,63.1727],[18.5865,63.1748],[18.5791,63.1775],[18.5995,63.181],[18.6066,63.1792],[18.6182,63.1796],[18.6422,63.1865],[18.6448,63.1804],[18.6513,63.1769],[18.658,63.1765],[18.6573,63.1724],[18.6634,63.1682],[18.6755,63.168],[18.6968,63.1741],[18.6981,63.167],[18.7164,63.1607],[18.7256,63.1609],[18.7189,63.1746],[18.7101,63.1776],[18.702,63.177],[18.7035,63.1821],[18.6971,63.184],[18.7056,63.1896],[18.702,63.1983],[18.7075,63.2014],[18.702,63.2027],[18.6998,63.2091],[18.6914,63.2115],[18.6927,63.2144],[18.6989,63.2169],[18.6951,63.2198],[18.6954,63.2239],[18.6784,63.2304],[18.6558,63.2326],[18.6611,63.2354],[18.6571,63.2381],[18.6585,63.2421],[18.6647,63.2432],[18.6763,63.242],[18.6804,63.2453],[18.6805,63.2502],[18.6876,63.2507],[18.6992,63.2481],[18.7026,63.2439],[18.7007,63.2402],[18.7121,63.2372],[18.7196,63.2367],[18.7292,63.2385],[18.7372,63.2376],[18.7672,63.2309],[18.7698,63.2271],[18.7756,63.2246],[18.7851,63.2264],[18.7975,63.2215],[18.8077,63.222],[18.8071,63.2205],[18.7975,63.2214],[18.7826,63.2192],[18.7714,63.2223],[18.7638,63.2221],[18.7586,63.2192],[18.7532,63.2204],[18.7489,63.2261],[18.7394,63.2295],[18.7173,63.2265],[18.7118,63.222],[18.7142,63.2093],[18.7106,63.201],[18.7217,63.1964],[18.7231,63.1928],[18.7184,63.191],[18.7183,63.1883],[18.7258,63.1874],[18.7381,63.1896],[18.7419,63.1883],[18.7412,63.1866],[18.7292,63.1828],[18.7367,63.178],[18.7524,63.1765],[18.7529,63.1825],[18.7508,63.1863],[18.7463,63.1873],[18.7474,63.1886],[18.759,63.1886],[18.7723,63.1914],[18.7772,63.1886],[18.7812,63.1895],[18.7775,63.1981],[18.7627,63.1985],[18.7584,63.2001],[18.7572,63.1989],[18.7477,63.2018],[18.7547,63.2029],[18.7501,63.2083],[18.7516,63.2113],[18.766,63.2043],[18.7731,63.202],[18.775,63.2031],[18.7781,63.2024],[18.7824,63.1998],[18.7821,63.196],[18.7878,63.1943],[18.7931,63.1959],[18.7921,63.1979],[18.7947,63.1987],[18.7997,63.1959],[18.8073,63.1949],[18.8094,63.2066],[18.8162,63.2079],[18.8196,63.2124],[18.8255,63.2149],[18.8323,63.2149],[18.8404,63.2086],[18.8489,63.2055],[18.8547,63.2055],[18.861,63.2018],[18.8698,63.2036],[18.8831,63.2036],[18.8845,63.2075],[18.8807,63.2097],[18.8848,63.2104],[18.8821,63.2131],[18.8842,63.2227],[18.9016,63.231],[18.8833,63.2341],[18.8718,63.2325],[18.8557,63.2366],[18.8407,63.2365],[18.8132,63.2422],[18.7833,63.2452],[18.7577,63.2576],[18.7449,63.2615],[18.7333,63.2628],[18.729,63.2648],[18.7154,63.2629],[18.7101,63.2639],[18.7129,63.2639],[18.7101,63.2643],[18.713,63.2649],[18.7103,63.2675],[18.7149,63.2688],[18.7174,63.2749],[18.7084,63.2873],[18.7137,63.2872],[18.7237,63.2829],[18.7286,63.2853],[18.7319,63.2837],[18.7293,63.2828],[18.7327,63.2829],[18.7491,63.2759],[18.7493,63.2731],[18.7676,63.2677],[18.7624,63.2603],[18.7643,63.258],[18.7732,63.2561],[18.784,63.2576],[18.7847,63.2615],[18.7913,63.2668],[18.8049,63.2702],[18.8097,63.2694],[18.8119,63.2731],[18.8179,63.2736],[18.8209,63.2761],[18.8173,63.281],[18.8242,63.2758],[18.8401,63.2788],[18.844,63.2782],[18.8317,63.2765],[18.8206,63.271],[18.8275,63.2671],[18.8365,63.2569],[18.8465,63.2544],[18.8572,63.2594],[18.8582,63.2658],[18.8621,63.2672],[18.8636,63.2713],[18.8605,63.2723],[18.8571,63.2698],[18.8539,63.2704],[18.853,63.2743],[18.8566,63.2769],[18.8536,63.2795],[18.854,63.2841],[18.8471,63.2865],[18.8477,63.2904],[18.851,63.2911],[18.861,63.2895],[18.865,63.294],[18.87,63.2942],[18.8792,63.29],[18.8827,63.29],[18.8758,63.2891],[18.8748,63.2869],[18.8878,63.2801],[18.8923,63.2751],[18.893,63.2718],[18.8888,63.2673],[18.8925,63.2633],[18.9227,63.2477],[18.9378,63.2358],[18.948,63.2395],[18.962,63.2415],[18.9615,63.2398],[18.9461,63.234],[18.9388,63.2341],[18.9499,63.224],[18.9476,63.2235],[18.9498,63.2219],[18.9454,63.2183],[18.9464,63.2161],[18.948,63.2154],[18.9566,63.2208],[18.9608,63.2205],[18.965,63.2172],[18.9582,63.2152],[18.9583,63.2119],[18.9741,63.2081],[18.9756,63.2141],[18.9819,63.2149],[18.9823,63.2138],[18.9777,63.2134],[18.9782,63.2118],[18.9879,63.2108],[18.9891,63.2084],[18.9944,63.2069],[18.988,63.2036],[18.9933,63.2011],[18.9909,63.1968],[18.9985,63.1995],[19.0011,63.1951],[19.0041,63.1948],[19.0105,63.1976],[19.0079,63.1961],[19.01,63.1925],[19.0054,63.193],[19.0033,63.1899],[19.0053,63.1891],[19.0167,63.1913],[19.0082,63.1878],[19.0199,63.1863],[19.0322,63.188],[19.0325,63.1899],[19.0394,63.1917],[19.0379,63.1931],[19.0437,63.1959],[19.0334,63.1968],[19.0392,63.1975],[19.0389,63.1987],[19.0356,63.198],[19.0325,63.2003],[19.0388,63.1996],[19.0411,63.2017],[19.0368,63.2047],[19.0322,63.2046],[19.0338,63.2062],[19.0374,63.2059],[19.0365,63.2082],[19.0291,63.2089],[19.0203,63.2052],[19.0211,63.2096],[19.0335,63.2113],[19.0313,63.2162],[19.0354,63.2162],[19.045,63.2085],[19.0603,63.2083],[19.0759,63.2129],[19.0764,63.2144],[19.0809,63.214],[19.0791,63.2162],[19.0843,63.215],[19.0886,63.2174],[19.0874,63.2192],[19.0914,63.2185],[19.0921,63.2208],[19.0839,63.2205],[19.0821,63.2224],[19.0881,63.2264],[19.091,63.2251],[19.0908,63.2282],[19.0829,63.2278],[19.0828,63.2291],[19.0946,63.23],[19.0943,63.231],[19.0724,63.232],[19.0694,63.2334],[19.0644,63.232],[19.0468,63.2331],[19.046,63.2393],[19.0394,63.2409],[19.0342,63.2382],[19.0385,63.2336],[19.0354,63.2338],[19.0347,63.2318],[19.0395,63.2318],[19.039,63.2305],[19.0331,63.2294],[19.0294,63.222],[19.0249,63.2206],[19.0278,63.2322],[19.0245,63.2347],[19.0189,63.2338],[19.0217,63.2347],[19.0204,63.2362],[19.027,63.2358],[19.0232,63.2428],[19.016,63.2439],[19.0082,63.2396],[19.0013,63.2381],[18.999,63.2402],[19.0154,63.2446],[19.0141,63.2471],[19.0069,63.2476],[19.0018,63.2454],[18.9824,63.2457],[18.9929,63.2484],[19.0017,63.2475],[19.0065,63.2493],[19.0168,63.2493],[19.0258,63.2535],[19.0252,63.2588],[19.0316,63.2558],[19.0346,63.262],[19.0402,63.2637],[19.045,63.2588],[19.0441,63.2552],[19.0475,63.2552],[19.0501,63.2514],[19.0524,63.2509],[19.053,63.258],[19.0587,63.2582],[19.0611,63.2569],[19.0613,63.2536],[19.0567,63.2538],[19.0568,63.2525],[19.0684,63.2527],[19.0632,63.2503],[19.0612,63.2457],[19.0602,63.2477],[19.0554,63.2488],[19.047,63.2463],[19.0498,63.2466],[19.0539,63.2442],[19.0607,63.2449],[19.0655,63.242],[19.0826,63.2459],[19.0903,63.2389],[19.0874,63.2361],[19.0986,63.2388],[19.0989,63.2426],[19.1147,63.2487],[19.1108,63.2517],[19.1051,63.2524],[19.1101,63.2532],[19.1111,63.2563],[19.1149,63.2582],[19.1252,63.2544],[19.1314,63.2561],[19.1297,63.258],[19.1174,63.2584],[19.1151,63.2598],[19.1172,63.2617],[19.1115,63.2642],[19.1168,63.263],[19.1185,63.2669],[19.1126,63.2667],[19.1078,63.2633],[19.0989,63.2707],[19.1089,63.2698],[19.1134,63.2712],[19.1108,63.2747],[19.1165,63.2734],[19.118,63.2822],[19.1221,63.2831],[19.1239,63.2861],[19.1213,63.2875],[19.1215,63.2936],[19.1237,63.2965],[19.1268,63.295],[19.128,63.2963],[19.1245,63.301],[19.1291,63.3017],[19.1332,63.2981],[19.1363,63.2995],[19.1358,63.3071],[19.1292,63.3037],[19.1279,63.3094],[19.1142,63.3163],[19.116,63.3191],[19.1262,63.314],[19.1293,63.3185],[19.1268,63.3228],[19.1296,63.3252],[19.1366,63.3267],[19.1343,63.3297],[19.1268,63.3315],[19.131,63.332],[19.1308,63.3355],[19.1332,63.3357],[19.14,63.3295],[19.1518,63.3265],[19.1571,63.3297],[19.1547,63.3245],[19.1568,63.3185],[19.1543,63.3181],[19.1672,63.316],[19.1714,63.3217],[19.1753,63.3228],[19.1868,63.3222],[19.1853,63.3258],[19.1809,63.3271],[19.1783,63.3262],[19.178,63.3316],[19.1824,63.3302],[19.1845,63.3321],[19.1941,63.3305],[19.196,63.3322],[19.2018,63.3297],[19.2064,63.3305],[19.2057,63.3371],[19.2105,63.3467],[19.2068,63.3507],[19.2103,63.3495],[19.2128,63.3559],[19.2167,63.357],[19.2123,63.35],[19.2153,63.3436],[19.2097,63.3364],[19.2151,63.3286],[19.227,63.3277],[19.2281,63.3297],[19.2379,63.3269],[19.247,63.3274],[19.2554,63.3339],[19.2546,63.3426],[19.249,63.3415],[19.2466,63.3425],[19.2548,63.3485],[19.2508,63.3484],[19.2533,63.3503],[19.2517,63.3525],[19.2545,63.3533],[19.2486,63.3574],[19.2513,63.3643],[19.2469,63.3704],[19.25,63.3717],[19.2501,63.3793],[19.2535,63.382],[19.25,63.3894],[19.2579,63.3969],[19.26,63.4047],[19.2585,63.4114],[19.254,63.4153],[19.2612,63.4162],[19.2585,63.4189],[19.2629,63.4224],[19.2635,63.4283],[19.2619,63.4346],[19.2543,63.4368],[19.2592,63.438],[19.2634,63.4421],[19.2649,63.4501],[19.2596,63.4554],[19.2698,63.4592],[19.2779,63.4584],[19.2776,63.4658],[19.2871,63.4707],[19.1992,63.5598],[19.1771,63.6077],[18.989,63.7405],[18.9411,63.7331],[18.9522,63.7626],[18.8932,63.7958],[18.8157,63.7737],[18.7641,63.8032],[18.7051,63.7995],[18.6719,63.8216],[18.6019,63.8253],[18.4802,63.8363]]]}},
    {"type":"Feature","properties":{"kod":"23","namn":"Jämtlands län"},"geometry":{"type":"Polygon","coordinates":[[[16.809,63.8473],[16.7365,63.8923],[16.7379,63.901],[16.6341,63.9472],[16.6283,63.9601],[16.523,64.0178],[16.5158,64.0294],[16.36,64.1073],[16.3542,64.1188],[16.2778,64.1563],[16.1566,64.1477],[16.1033,64.1563],[16.0888,64.2227],[16.0643,64.2429],[15.972,64.276],[15.91,64.2847],[15.8494,64.3207],[15.7903,64.3424],[15.7513,64.3597],[15.7167,64.364],[15.6994,64.3784],[15.6749,64.3741],[15.5941,64.4736],[15.5508,64.501],[15.5032,64.5371],[15.4758,64.5443],[15.4253,64.5703],[15.3705,64.6323],[15.2162,64.7073],[15.1585,64.7145],[15.0907,64.752],[15.0777,64.7895],[14.9969,64.8256],[14.9868,64.8443],[14.8685,64.8977],[14.8671,64.9093],[14.7575,64.9626],[14.6652,65.0117],[14.6378,65.0073],[14.5512,65.0506],[14.5195,65.0708],[14.4978,65.0708],[14.4127,65.1141],[14.3612,65.1482],[14.3293,65.1275],[14.3258,65.119],[14.1082,64.9623],[13.7051,64.6397],[13.6541,64.5799],[13.8924,64.507],[14.086,64.4781],[14.1142,64.4619],[14.1206,64.4528],[14.1579,64.1861],[14.0411,64.0783],[13.9817,64.0131],[13.8665,64.0238],[13.7151,64.0453],[13.5333,64.0651],[13.2914,64.0867],[13.2109,64.0952],[12.9268,64.0578],[12.7919,64.0123],[12.6861,63.9739],[12.4798,63.8197],[12.3685,63.7418],[12.34,63.727],[12.3188,63.6955],[12.2976,63.6732],[12.275,63.6574],[12.2273,63.6309],[12.1498,63.5939],[12.2129,63.4786],[12.0841,63.3556],[11.9746,63.2692],[12.2182,63.0003],[12.0747,62.9025],[12.1364,62.7479],[12.0561,62.6119],[12.2547,62.331],[12.2885,62.2907],[12.2994,62.2675],[12.5881,62.2029],[12.8277,62.214],[12.9089,62.155],[12.9633,62.1576],[12.9974,62.0628],[13.0752,62.0697],[13.1596,62.0186],[13.2774,62.0322],[13.3661,61.9964],[13.2223,61.9264],[13.3956,61.8342],[13.4435,61.7715],[13.5099,61.7199],[13.4951,61.6793],[13.5689,61.6535],[14.3395,61.5909],[14.4095,61.5577],[14.5151,61.6434],[14.5423,61.7973],[14.7045,61.8969],[14.852,61.7789],[14.9479,61.8268],[15.0917,61.8748],[15.1175,61.9817],[15.4161,62.096],[15.442,62.1624],[15.3719,62.1919],[15.3316,62.2705],[15.2699,62.293],[15.1476,62.2422],[14.9446,62.3082],[14.8644,62.3837],[14.7985,62.5878],[14.8764,62.6051],[14.9298,62.6008],[15.0452,62.5993],[15.1288,62.5705],[15.175,62.5661],[15.2875,62.5964],[15.3856,62.6051],[15.4649,62.6065],[15.6878,62.6161],[15.9134,62.6543],[16.0112,62.6755],[16.0694,62.6792],[16.1119,62.6533],[16.1303,62.6533],[16.1423,62.6432],[16.2789,62.645],[16.4313,62.6613],[16.489,62.7248],[16.5208,62.7465],[16.541,62.7666],[16.74,62.8604],[16.8222,62.8763],[16.9399,62.8666],[16.9805,62.8693],[17.0341,62.8795],[16.9953,62.9109],[16.939,62.9367],[16.8024,63.0281],[16.6205,63.1371],[16.5393,63.1777],[16.4885,63.1952],[16.4617,63.2146],[16.4414,63.2146],[16.4063,63.234],[16.3888,63.2358],[16.3251,63.27],[16.2993,63.2728],[16.2522,63.3032],[16.2254,63.3032],[16.1423,63.3475],[15.9891,63.4952],[15.9678,63.5682],[15.8921,63.6236],[15.8663,63.6273],[15.8238,63.6716],[15.9282,63.6882],[16.1783,63.6928],[16.2503,63.678],[16.3131,63.6808],[16.4599,63.7002],[16.5079,63.7103],[16.5919,63.7159],[16.6085,63.8267],[16.7048,63.7697],[16.8014,63.8274],[16.809,63.8473]]]}},
    {"type":"Feature","properties":{"kod":"24","namn":"Västerbottens län"},"geometry":{"type":"MultiPolygon","coordinates":[[[[19.1992,63.5598],[19.2875,63.4709],[19.2968,63.4776],[19.3033,63.4796],[19.3069,63.4784],[19.3032,63.4751],[19.3053,63.4737],[19.3028,63.4595],[19.3082,63.4596],[19.3078,63.4606],[19.3159,63.4539],[19.3217,63.452],[19.3243,63.4535],[19.3325,63.4532],[19.3289,63.457],[19.3326,63.4595],[19.3346,63.459],[19.3348,63.4622],[19.3391,63.4597],[19.3445,63.4607],[19.3464,63.4583],[19.34,63.4566],[19.3348,63.449],[19.3477,63.443],[19.3448,63.4398],[19.3474,63.4383],[19.3545,63.4381],[19.3604,63.4409],[19.3641,63.4497],[19.3592,63.4525],[19.3544,63.4638],[19.3495,63.466],[19.3573,63.4759],[19.3567,63.4804],[19.3528,63.4832],[19.3447,63.4847],[19.3417,63.4837],[19.3359,63.4865],[19.3307,63.4824],[19.321,63.4819],[19.3202,63.48],[19.315,63.4793],[19.3212,63.4822],[19.3271,63.4958],[19.3339,63.4964],[19.3324,63.4914],[19.3359,63.4889],[19.3417,63.4902],[19.3469,63.5002],[19.3554,63.5008],[19.3482,63.4938],[19.3627,63.4825],[19.3691,63.4826],[19.3651,63.4819],[19.3628,63.477],[19.3651,63.4737],[19.3711,63.4765],[19.3729,63.4798],[19.3789,63.4789],[19.3673,63.4738],[19.3643,63.4708],[19.3678,63.468],[19.36,63.467],[19.361,63.4652],[19.3579,63.4638],[19.3614,63.4578],[19.3648,63.4581],[19.3726,63.4553],[19.3773,63.4575],[19.3749,63.4617],[19.3669,63.4625],[19.3701,63.4666],[19.368,63.468],[19.3732,63.469],[19.3788,63.4658],[19.3763,63.4622],[19.381,63.4566],[19.3848,63.4575],[19.3837,63.4606],[19.3876,63.4593],[19.3884,63.4668],[19.3904,63.4658],[19.3963,63.4666],[19.392,63.4658],[19.3941,63.4631],[19.3885,63.4628],[19.395,63.4573],[19.4036,63.4607],[19.4057,63.4649],[19.412,63.461],[19.4169,63.465],[19.4277,63.4573],[19.4407,63.4559],[19.4426,63.4526],[19.4392,63.4539],[19.4377,63.4511],[19.4448,63.4522],[19.4532,63.4485],[19.4531,63.4469],[19.4489,63.4472],[19.447,63.4433],[19.4418,63.4437],[19.4411,63.446],[19.4372,63.4456],[19.4328,63.4425],[19.4328,63.4374],[19.4299,63.4366],[19.4358,63.435],[19.4361,63.4367],[19.4407,63.4371],[19.4421,63.4352],[19.4466,63.4354],[19.4449,63.4339],[19.4487,63.427],[19.4498,63.4282],[19.4531,63.427],[19.4569,63.4301],[19.4584,63.4293],[19.4582,63.4314],[19.4647,63.4337],[19.465,63.4323],[19.4621,63.4322],[19.4638,63.4292],[19.4503,63.4247],[19.4551,63.419],[19.4583,63.418],[19.4555,63.4217],[19.4604,63.4237],[19.4659,63.4198],[19.463,63.4207],[19.4626,63.4189],[19.4683,63.4172],[19.4701,63.419],[19.4671,63.4208],[19.4727,63.4231],[19.4743,63.4207],[19.4799,63.419],[19.4822,63.4204],[19.4853,63.4178],[19.4872,63.4194],[19.4888,63.412],[19.4911,63.4173],[19.4933,63.4159],[19.4937,63.4201],[19.4966,63.4207],[19.4977,63.4158],[19.493,63.4153],[19.4966,63.407],[19.5023,63.4067],[19.5041,63.4084],[19.5094,63.4059],[19.511,63.4094],[19.5083,63.411],[19.5135,63.4104],[19.5085,63.4124],[19.5082,63.4112],[19.507,63.4141],[19.5067,63.4116],[19.5036,63.4247],[19.498,63.427],[19.4923,63.4357],[19.5075,63.4327],[19.5122,63.4286],[19.5138,63.4314],[19.5201,63.4283],[19.5201,63.4329],[19.5148,63.436],[19.4988,63.4371],[19.4998,63.4396],[19.4954,63.4418],[19.4898,63.4411],[19.4844,63.4505],[19.4888,63.4545],[19.4831,63.4544],[19.4822,63.4567],[19.476,63.4554],[19.4724,63.4604],[19.4674,63.4611],[19.4637,63.4726],[19.4684,63.4671],[19.4694,63.4743],[19.4764,63.4756],[19.4838,63.4746],[19.4839,63.4801],[19.4922,63.4817],[19.496,63.481],[19.5067,63.4855],[19.5104,63.4849],[19.5131,63.4876],[19.5077,63.489],[19.5051,63.4968],[19.4975,63.4968],[19.4939,63.4954],[19.4867,63.497],[19.4861,63.4936],[19.4805,63.4913],[19.4697,63.4931],[19.466,63.4955],[19.4672,63.503],[19.4639,63.501],[19.4591,63.5049],[19.4529,63.5046],[19.4478,63.5064],[19.4494,63.5092],[19.4467,63.5085],[19.4452,63.511],[19.4483,63.5152],[19.4343,63.521],[19.4253,63.5217],[19.4327,63.5287],[19.4394,63.5291],[19.4398,63.5271],[19.4471,63.5347],[19.4499,63.5346],[19.4554,63.5274],[19.458,63.5341],[19.4584,63.5363],[19.4494,63.5392],[19.4364,63.5487],[19.4383,63.5509],[19.4453,63.5524],[19.4493,63.5511],[19.4533,63.5514],[19.4478,63.5518],[19.4437,63.5544],[19.4436,63.5603],[19.4373,63.5648],[19.4369,63.5679],[19.4443,63.5717],[19.4551,63.573],[19.4581,63.5698],[19.4639,63.5682],[19.4651,63.5696],[19.4778,63.5703],[19.4833,63.5679],[19.4831,63.5647],[19.492,63.5625],[19.495,63.557],[19.4965,63.5595],[19.5046,63.5589],[19.5264,63.5326],[19.5284,63.5365],[19.5327,63.5377],[19.5405,63.5293],[19.5466,63.5286],[19.5474,63.5262],[19.5496,63.5316],[19.553,63.5327],[19.5574,63.5321],[19.5588,63.5302],[19.5593,63.5319],[19.5665,63.5308],[19.573,63.5262],[19.575,63.5278],[19.5817,63.5263],[19.5863,63.5179],[19.5825,63.5164],[19.5864,63.5068],[19.5827,63.5067],[19.5848,63.5032],[19.5869,63.5039],[19.5859,63.5024],[19.5906,63.5003],[19.5976,63.5078],[19.6049,63.502],[19.5965,63.5018],[19.5937,63.4929],[19.6043,63.4826],[19.6046,63.4769],[19.6097,63.4758],[19.6077,63.4748],[19.6134,63.4753],[19.619,63.4737],[19.6188,63.4686],[19.622,63.4661],[19.6171,63.4678],[19.6143,63.4657],[19.6206,63.4484],[19.6264,63.4443],[19.6299,63.4519],[19.6375,63.4525],[19.6454,63.4498],[19.6437,63.4389],[19.646,63.4372],[19.6499,63.4372],[19.6462,63.4315],[19.6489,63.4298],[19.6586,63.4303],[19.6655,63.4355],[19.6696,63.4359],[19.6705,63.4331],[19.6757,63.4355],[19.6672,63.4386],[19.671,63.4446],[19.6741,63.4442],[19.6748,63.4386],[19.6773,63.4387],[19.6815,63.4342],[19.6847,63.4369],[19.6815,63.4391],[19.6859,63.4397],[19.6855,63.443],[19.6905,63.4436],[19.6927,63.4392],[19.6936,63.4414],[19.6956,63.4398],[19.6978,63.4418],[19.7002,63.4414],[19.6998,63.4444],[19.7029,63.4433],[19.7068,63.4452],[19.7043,63.4493],[19.6989,63.4504],[19.7022,63.4577],[19.7042,63.45],[19.7053,63.4511],[19.7078,63.4503],[19.7113,63.458],[19.7125,63.4501],[19.7204,63.4602],[19.7261,63.462],[19.7279,63.4566],[19.7338,63.4641],[19.737,63.4587],[19.7291,63.4572],[19.7325,63.4557],[19.7353,63.4564],[19.738,63.453],[19.7395,63.4545],[19.7407,63.4487],[19.7452,63.4582],[19.7416,63.4583],[19.7408,63.4627],[19.7483,63.4657],[19.7519,63.4614],[19.7559,63.4647],[19.7592,63.4621],[19.7638,63.4665],[19.7655,63.4657],[19.7681,63.4674],[19.7661,63.4696],[19.7625,63.4694],[19.7592,63.4738],[19.7593,63.486],[19.7523,63.4915],[19.7487,63.4998],[19.7441,63.5029],[19.7439,63.4999],[19.7336,63.5055],[19.7313,63.5044],[19.7254,63.5071],[19.7235,63.5184],[19.7288,63.5222],[19.7254,63.5339],[19.7276,63.5339],[19.732,63.5256],[19.7362,63.5239],[19.7508,63.5256],[19.7487,63.5369],[19.7534,63.5395],[19.7513,63.5402],[19.762,63.5398],[19.7662,63.5339],[19.7698,63.5339],[19.7705,63.5408],[19.7741,63.5427],[19.777,63.5397],[19.7785,63.5462],[19.7812,63.547],[19.7801,63.5413],[19.7825,63.5383],[19.7856,63.5389],[19.7858,63.5499],[19.7821,63.5538],[19.786,63.5543],[19.7893,63.5477],[19.7901,63.5546],[19.794,63.554],[19.7945,63.5591],[19.7981,63.5481],[19.7993,63.5503],[19.8015,63.5476],[19.8022,63.5502],[19.8062,63.5492],[19.8102,63.5562],[19.8158,63.552],[19.8189,63.5528],[19.8178,63.557],[19.825,63.5504],[19.825,63.5644],[19.8309,63.5619],[19.8337,63.5647],[19.833,63.5663],[19.8305,63.5653],[19.8313,63.5669],[19.8397,63.5673],[19.8398,63.578],[19.8446,63.5749],[19.8453,63.5776],[19.8501,63.5779],[19.8508,63.575],[19.8523,63.5787],[19.8554,63.5787],[19.8567,63.5989],[19.861,63.6003],[19.8578,63.5989],[19.8579,63.5958],[19.8632,63.5871],[19.8725,63.5897],[19.8723,63.5914],[19.8678,63.5917],[19.8694,63.5957],[19.8655,63.596],[19.8661,63.6009],[19.8726,63.5938],[19.8709,63.6024],[19.8754,63.6015],[19.8785,63.591],[19.8808,63.5923],[19.8829,63.5915],[19.8787,63.5968],[19.8815,63.5986],[19.8794,63.6041],[19.8871,63.606],[19.8889,63.5994],[19.889,63.6067],[19.8923,63.6058],[19.8931,63.6145],[19.8983,63.6174],[19.9042,63.6172],[19.9037,63.6086],[19.8991,63.6093],[19.9037,63.6084],[19.902,63.6053],[19.9053,63.6006],[19.9073,63.6027],[19.9129,63.6008],[19.9128,63.6038],[19.9131,63.6008],[19.916,63.6012],[19.9112,63.6093],[19.9182,63.6115],[19.9197,63.6101],[19.9225,63.6112],[19.9207,63.6195],[19.9237,63.6184],[19.9244,63.6144],[19.9242,63.6192],[19.921,63.6196],[19.9255,63.6225],[19.9263,63.6161],[19.9286,63.6164],[19.9301,63.6224],[19.9433,63.6221],[19.9466,63.6165],[19.9504,63.6154],[19.9501,63.6097],[19.9508,63.6153],[19.9579,63.6133],[19.9607,63.6154],[19.9636,63.6151],[19.9684,63.6108],[19.9721,63.6103],[19.972,63.606],[19.9807,63.6099],[19.981,63.6117],[19.9863,63.6084],[19.9911,63.6173],[19.9954,63.6094],[20,63.6095],[19.9999,63.612],[19.9961,63.6135],[19.9968,63.6174],[20.0059,63.6044],[20.0088,63.6044],[20.0122,63.6121],[20.0083,63.6172],[20.0055,63.6144],[20.0035,63.6291],[19.9997,63.6301],[19.998,63.6281],[19.9939,63.6311],[19.9981,63.6342],[19.9955,63.6508],[20.0038,63.6534],[20.0022,63.6562],[20.0005,63.6552],[19.9991,63.6612],[20.0022,63.6636],[20.0094,63.6621],[20.0139,63.6682],[20.0282,63.6698],[20.034,63.6686],[20.0443,63.6715],[20.048,63.6705],[20.0617,63.6752],[20.0628,63.6731],[20.0669,63.6737],[20.067,63.6704],[20.0699,63.6709],[20.0717,63.6686],[20.074,63.6699],[20.0786,63.6689],[20.084,63.6626],[20.0938,63.6619],[20.0981,63.6547],[20.1108,63.651],[20.1123,63.6527],[20.1169,63.6514],[20.1191,63.6552],[20.1232,63.6537],[20.1249,63.6552],[20.1266,63.6542],[20.1293,63.6574],[20.1414,63.6505],[20.1414,63.6544],[20.1497,63.6552],[20.148,63.6569],[20.1511,63.6588],[20.1524,63.6569],[20.154,63.6582],[20.156,63.6574],[20.1591,63.6538],[20.1619,63.6541],[20.1602,63.6564],[20.165,63.6621],[20.1702,63.6632],[20.1732,63.6568],[20.1772,63.6578],[20.1841,63.6566],[20.1846,63.6589],[20.1932,63.6625],[20.1937,63.6587],[20.1986,63.6557],[20.1994,63.6627],[20.2042,63.661],[20.2062,63.6633],[20.2078,63.6615],[20.2119,63.6614],[20.2068,63.661],[20.2099,63.6566],[20.2147,63.6564],[20.2188,63.6583],[20.2215,63.6554],[20.2226,63.658],[20.2241,63.6572],[20.2261,63.6584],[20.2267,63.6547],[20.232,63.6544],[20.2344,63.6604],[20.2291,63.6642],[20.2315,63.6691],[20.2338,63.6662],[20.2362,63.6682],[20.237,63.6718],[20.2336,63.6724],[20.2411,63.6902],[20.2365,63.6883],[20.23,63.6745],[20.2272,63.6867],[20.2418,63.6984],[20.2462,63.7142],[20.2544,63.7233],[20.2581,63.7222],[20.2546,63.7119],[20.26,63.7178],[20.2632,63.717],[20.2628,63.7205],[20.2665,63.7212],[20.2677,63.7247],[20.2626,63.7258],[20.2604,63.7247],[20.2597,63.7259],[20.2645,63.7294],[20.269,63.7389],[20.2662,63.7295],[20.2695,63.7289],[20.268,63.7251],[20.2724,63.7261],[20.2717,63.7435],[20.276,63.7446],[20.278,63.7437],[20.2825,63.7489],[20.2848,63.7487],[20.2852,63.7433],[20.2832,63.7421],[20.2809,63.7435],[20.2799,63.7391],[20.2853,63.7427],[20.2884,63.7489],[20.2998,63.7523],[20.3006,63.7539],[20.3005,63.7525],[20.3111,63.755],[20.3129,63.7577],[20.3314,63.7585],[20.3377,63.7499],[20.3373,63.7484],[20.3318,63.7532],[20.3325,63.7475],[20.3359,63.7485],[20.3366,63.746],[20.3442,63.7459],[20.3446,63.7497],[20.3479,63.7447],[20.3503,63.7464],[20.3554,63.7453],[20.3618,63.7353],[20.3645,63.7341],[20.3664,63.7361],[20.3717,63.7344],[20.3744,63.726],[20.3788,63.7229],[20.3773,63.7209],[20.3834,63.7253],[20.387,63.7216],[20.385,63.7174],[20.3801,63.7195],[20.3731,63.7154],[20.3673,63.7218],[20.362,63.7226],[20.3636,63.7176],[20.3558,63.7118],[20.3552,63.7076],[20.3478,63.7057],[20.3467,63.6994],[20.344,63.6983],[20.3476,63.6953],[20.3317,63.6877],[20.3354,63.6842],[20.3328,63.6824],[20.334,63.6734],[20.3382,63.6734],[20.3412,63.6716],[20.3387,63.6797],[20.3441,63.6795],[20.3413,63.6799],[20.3408,63.6841],[20.3462,63.6923],[20.3531,63.6929],[20.3582,63.6996],[20.3604,63.6943],[20.3597,63.6929],[20.3552,63.6933],[20.3618,63.6927],[20.369,63.6946],[20.3699,63.6893],[20.3725,63.6921],[20.3734,63.6909],[20.3728,63.6855],[20.3843,63.6908],[20.381,63.6879],[20.3825,63.6801],[20.388,63.6768],[20.3916,63.6773],[20.3866,63.6696],[20.3899,63.6727],[20.3903,63.6703],[20.3963,63.6717],[20.4062,63.6826],[20.4037,63.6855],[20.3977,63.686],[20.3949,63.6928],[20.402,63.7055],[20.4061,63.7071],[20.4043,63.6999],[20.4095,63.6873],[20.4155,63.6897],[20.4151,63.6911],[20.4188,63.6896],[20.4178,63.6911],[20.4236,63.6956],[20.4249,63.6999],[20.4199,63.7054],[20.4244,63.7077],[20.4257,63.7124],[20.4269,63.7133],[20.4289,63.7119],[20.4281,63.7053],[20.4338,63.7151],[20.4388,63.7161],[20.436,63.7173],[20.4395,63.7298],[20.4369,63.7308],[20.4364,63.7402],[20.4344,63.741],[20.4319,63.7375],[20.4297,63.7438],[20.4325,63.7438],[20.4323,63.7495],[20.4402,63.7567],[20.4415,63.7649],[20.4444,63.7662],[20.445,63.7608],[20.4475,63.7618],[20.4503,63.7593],[20.4498,63.7557],[20.4513,63.7607],[20.4564,63.7576],[20.4605,63.7713],[20.4686,63.7799],[20.4674,63.7687],[20.4706,63.7706],[20.4717,63.7853],[20.4777,63.7847],[20.4779,63.7742],[20.492,63.7926],[20.4938,63.7994],[20.491,63.8107],[20.4984,63.8248],[20.49,63.8259],[20.4887,63.832],[20.4943,63.8338],[20.486,63.8348],[20.4884,63.8352],[20.4954,63.8342],[20.4971,63.8362],[20.5008,63.8347],[20.5008,63.8304],[20.5072,63.8244],[20.5085,63.816],[20.518,63.8133],[20.5186,63.8167],[20.5238,63.8167],[20.5255,63.8012],[20.5209,63.7918],[20.5211,63.7901],[20.5276,63.7944],[20.5269,63.7851],[20.5202,63.7756],[20.5224,63.7712],[20.5183,63.7636],[20.5214,63.7675],[20.5251,63.7675],[20.5342,63.7724],[20.5333,63.7687],[20.5305,63.7696],[20.5277,63.7661],[20.5312,63.766],[20.5291,63.7569],[20.5322,63.7569],[20.5293,63.7378],[20.5332,63.7428],[20.5363,63.7343],[20.5417,63.7352],[20.547,63.738],[20.5511,63.7377],[20.5572,63.745],[20.5594,63.7453],[20.5622,63.7421],[20.5645,63.7449],[20.5622,63.7394],[20.5577,63.7394],[20.5538,63.736],[20.5537,63.7374],[20.5509,63.7372],[20.5541,63.7315],[20.5497,63.7324],[20.5463,63.7294],[20.5462,63.7318],[20.5455,63.7276],[20.5476,63.7245],[20.5505,63.7242],[20.5501,63.7287],[20.5518,63.7273],[20.5594,63.7344],[20.5593,63.7301],[20.5588,63.7311],[20.5546,63.7294],[20.5579,63.7264],[20.5656,63.7352],[20.5615,63.7244],[20.5701,63.7288],[20.5738,63.7217],[20.5764,63.7239],[20.5729,63.7352],[20.575,63.7382],[20.5719,63.7402],[20.569,63.739],[20.5686,63.7418],[20.5746,63.7476],[20.5724,63.7462],[20.5676,63.7468],[20.5689,63.7506],[20.5715,63.7494],[20.5729,63.7506],[20.572,63.7527],[20.5687,63.751],[20.567,63.7565],[20.5683,63.7613],[20.569,63.76],[20.5728,63.7645],[20.5721,63.7655],[20.5693,63.7623],[20.5604,63.761],[20.562,63.7659],[20.5592,63.7644],[20.5578,63.7749],[20.5608,63.7813],[20.5588,63.7841],[20.556,63.7839],[20.5566,63.7908],[20.56,63.7906],[20.5588,63.7879],[20.5612,63.7906],[20.5617,63.7972],[20.5605,63.7942],[20.557,63.794],[20.5585,63.7983],[20.5647,63.7994],[20.5676,63.7927],[20.57,63.7938],[20.565,63.8069],[20.5671,63.8036],[20.5715,63.8097],[20.5716,63.8002],[20.5738,63.8001],[20.5753,63.8036],[20.5784,63.8018],[20.5741,63.7962],[20.5768,63.7933],[20.5853,63.8088],[20.5913,63.8068],[20.5982,63.8157],[20.5955,63.8018],[20.6014,63.8091],[20.6042,63.8188],[20.6066,63.8124],[20.6101,63.819],[20.6122,63.8146],[20.6158,63.8166],[20.6193,63.8109],[20.6175,63.8027],[20.6203,63.8039],[20.6197,63.8077],[20.6284,63.8083],[20.6309,63.8107],[20.6369,63.7986],[20.6421,63.7979],[20.6402,63.7998],[20.6429,63.8013],[20.643,63.7973],[20.6473,63.7973],[20.6463,63.7925],[20.653,63.7929],[20.6522,63.7902],[20.6547,63.7895],[20.6574,63.7944],[20.658,63.7916],[20.6628,63.7918],[20.6698,63.7978],[20.6754,63.7985],[20.6765,63.8002],[20.6707,63.8033],[20.6786,63.8101],[20.6715,63.8131],[20.6727,63.8151],[20.6781,63.8171],[20.6821,63.8162],[20.6817,63.813],[20.685,63.8144],[20.6855,63.8178],[20.6882,63.818],[20.6884,63.8141],[20.6925,63.8132],[20.6972,63.819],[20.7067,63.8247],[20.7041,63.8241],[20.7039,63.8257],[20.7,63.8262],[20.6955,63.8247],[20.6934,63.8292],[20.6915,63.8275],[20.6877,63.8282],[20.6832,63.8262],[20.6804,63.8267],[20.6801,63.8282],[20.6832,63.8275],[20.6881,63.8309],[20.6859,63.8345],[20.6842,63.8322],[20.6817,63.8329],[20.6782,63.8312],[20.6772,63.8277],[20.6674,63.8218],[20.6698,63.8244],[20.6633,63.8239],[20.665,63.8285],[20.66,63.8266],[20.662,63.8297],[20.6543,63.8301],[20.6562,63.8451],[20.6599,63.845],[20.6641,63.8497],[20.6682,63.8497],[20.6724,63.8524],[20.6793,63.8517],[20.6821,63.8567],[20.6869,63.8546],[20.6902,63.857],[20.6921,63.8546],[20.7012,63.8544],[20.7035,63.8517],[20.7016,63.848],[20.7056,63.8442],[20.7136,63.849],[20.7115,63.8426],[20.7152,63.8361],[20.7138,63.8302],[20.7219,63.8404],[20.7167,63.84],[20.7167,63.8418],[20.7202,63.8427],[20.7264,63.8402],[20.7226,63.8393],[20.7225,63.8374],[20.731,63.838],[20.7344,63.8418],[20.7321,63.8421],[20.7326,63.8462],[20.7283,63.8469],[20.7227,63.8546],[20.7186,63.8558],[20.7267,63.8587],[20.7291,63.8561],[20.7361,63.8564],[20.7391,63.8508],[20.7477,63.8513],[20.7431,63.8513],[20.7474,63.8546],[20.7436,63.8554],[20.7407,63.859],[20.7323,63.8597],[20.7311,63.8635],[20.7356,63.864],[20.7371,63.862],[20.7396,63.8628],[20.7428,63.8689],[20.7456,63.8625],[20.7509,63.8647],[20.7496,63.8663],[20.7553,63.8633],[20.7656,63.8667],[20.7668,63.8687],[20.7627,63.8679],[20.7638,63.8704],[20.7662,63.8719],[20.766,63.8697],[20.7686,63.8694],[20.7724,63.8728],[20.778,63.8807],[20.7755,63.882],[20.7824,63.8902],[20.781,63.8925],[20.7885,63.8954],[20.7913,63.9043],[20.7971,63.9025],[20.8041,63.9074],[20.804,63.9117],[20.8006,63.9122],[20.7978,63.9105],[20.7977,63.9146],[20.794,63.9171],[20.7969,63.9214],[20.7971,63.928],[20.7935,63.9326],[20.7968,63.9447],[20.7971,63.9403],[20.803,63.942],[20.7999,63.9457],[20.8044,63.9467],[20.8138,63.9414],[20.8238,63.9387],[20.828,63.9438],[20.8315,63.9453],[20.8356,63.9446],[20.8375,63.9512],[20.8439,63.9499],[20.8422,63.9474],[20.8451,63.9466],[20.8468,63.9499],[20.8541,63.9527],[20.8555,63.957],[20.8524,63.9569],[20.8462,63.9678],[20.849,63.9675],[20.8498,63.9696],[20.8508,63.9664],[20.8556,63.9684],[20.8592,63.967],[20.8581,63.9703],[20.8635,63.9731],[20.8591,63.9739],[20.8584,63.9791],[20.8644,63.9814],[20.8686,63.9789],[20.8676,63.983],[20.8772,63.9799],[20.8857,63.9742],[20.8933,63.9751],[20.8908,63.9775],[20.8948,63.9822],[20.8907,63.984],[20.8948,63.9838],[20.8964,63.9852],[20.8892,63.9877],[20.8892,63.9892],[20.8944,63.9976],[20.9007,63.9993],[20.8962,64.0028],[20.9055,64.0046],[20.9136,64.0095],[20.9171,64.0097],[20.918,64.0151],[20.9127,64.0179],[20.9145,64.0207],[20.9077,64.031],[20.9056,64.031],[20.9083,64.0271],[20.901,64.0298],[20.9028,64.027],[20.8949,64.0332],[20.8962,64.0345],[20.9008,64.0318],[20.9037,64.0334],[20.9055,64.0325],[20.9,64.0369],[20.9052,64.038],[20.9012,64.0416],[20.9067,64.0394],[20.9041,64.0427],[20.8999,64.0445],[20.8969,64.0428],[20.8989,64.0447],[20.8935,64.0461],[20.8737,64.0482],[20.8931,64.047],[20.9088,64.0441],[20.9163,64.0411],[20.9173,64.0478],[20.921,64.04],[20.9219,64.0442],[20.927,64.0438],[20.9224,64.0486],[20.9327,64.0478],[20.9287,64.053],[20.9316,64.0548],[20.9348,64.0545],[20.9351,64.056],[20.9384,64.0548],[20.9378,64.0515],[20.9424,64.0502],[20.9391,64.0612],[20.9446,64.0627],[20.9424,64.0661],[20.9338,64.0699],[20.9341,64.083],[20.9447,64.0824],[20.9461,64.08],[20.9464,64.0822],[20.9495,64.0826],[20.956,64.0782],[20.9612,64.0779],[20.9591,64.0806],[20.9538,64.0807],[20.951,64.0887],[20.9586,64.089],[20.9621,64.0906],[20.9595,64.0934],[20.9642,64.0926],[20.9608,64.0956],[20.96,64.0943],[20.9562,64.0952],[20.9647,64.104],[20.9542,64.1093],[20.9575,64.1099],[20.9571,64.1128],[20.9615,64.1122],[20.964,64.1157],[20.9679,64.115],[20.9621,64.1254],[20.9561,64.124],[20.9565,64.1224],[20.9528,64.1247],[20.9532,64.1225],[20.9482,64.1211],[20.9448,64.1262],[20.9517,64.1278],[20.9545,64.1306],[20.9568,64.1298],[20.9586,64.1393],[20.9624,64.1376],[20.9647,64.1382],[20.9637,64.145],[20.9698,64.1424],[20.975,64.1428],[20.9769,64.1477],[20.9698,64.1537],[20.9725,64.1552],[20.9779,64.1552],[20.975,64.1583],[20.9771,64.1592],[20.9736,64.1591],[20.9721,64.1619],[20.9801,64.1616],[20.9833,64.1585],[20.9835,64.1508],[20.9857,64.1499],[20.9864,64.1514],[20.9926,64.1491],[20.9882,64.1545],[20.9887,64.1575],[20.99,64.1545],[20.9974,64.1528],[20.991,64.1572],[20.9989,64.1569],[21.0002,64.16],[21.0171,64.1563],[21.0158,64.1593],[21.0218,64.1587],[21.025,64.1604],[21.0208,64.1648],[21.028,64.1649],[21.0262,64.1686],[21.0334,64.168],[21.0399,64.1701],[21.0368,64.1768],[21.043,64.1771],[21.0407,64.1806],[21.0486,64.1803],[21.0478,64.1818],[21.0519,64.1807],[21.0471,64.1853],[21.0496,64.1968],[21.056,64.1987],[21.0624,64.1968],[21.0655,64.1982],[21.0705,64.1968],[21.069,64.1988],[21.0714,64.1984],[21.0758,64.2016],[21.0753,64.2039],[21.0796,64.2044],[21.078,64.2156],[21.0804,64.217],[21.0759,64.2188],[21.0738,64.2244],[21.0833,64.2212],[21.0861,64.2226],[21.0887,64.2194],[21.0922,64.22],[21.0914,64.2158],[21.1094,64.201],[21.1105,64.2027],[21.1147,64.2016],[21.1129,64.204],[21.1188,64.2009],[21.1271,64.1998],[21.1316,64.2021],[21.1307,64.2036],[21.1342,64.2034],[21.1309,64.2066],[21.1325,64.208],[21.1383,64.2067],[21.1407,64.2154],[21.146,64.2144],[21.136,64.2245],[21.1601,64.2187],[21.1612,64.2304],[21.1659,64.23],[21.1707,64.2267],[21.167,64.2318],[21.1742,64.2279],[21.1707,64.2324],[21.173,64.2348],[21.1784,64.2357],[21.1784,64.2377],[21.1725,64.2408],[21.1712,64.2387],[21.1659,64.239],[21.1675,64.242],[21.1706,64.2414],[21.168,64.2438],[21.172,64.2427],[21.175,64.2494],[21.1779,64.2496],[21.1743,64.2542],[21.1821,64.2535],[21.1832,64.2519],[21.1862,64.2538],[21.198,64.2529],[21.1986,64.2547],[21.205,64.255],[21.2044,64.256],[21.2097,64.2542],[21.208,64.2573],[21.2136,64.2634],[21.2016,64.2644],[21.1998,64.2721],[21.2028,64.2721],[21.2034,64.2752],[21.2093,64.2762],[21.2134,64.2728],[21.2093,64.2716],[21.2128,64.272],[21.2163,64.2703],[21.2172,64.2739],[21.2136,64.2766],[21.2193,64.2764],[21.2143,64.279],[21.2182,64.2823],[21.2264,64.2841],[21.2282,64.2872],[21.2406,64.2853],[21.2418,64.2917],[21.253,64.2922],[21.2498,64.2961],[21.2522,64.3042],[21.2472,64.3048],[21.2458,64.3101],[21.2497,64.3153],[21.2538,64.3154],[21.2567,64.3135],[21.2595,64.2994],[21.2684,64.2978],[21.2683,64.296],[21.2654,64.2971],[21.2626,64.2911],[21.2721,64.2848],[21.2875,64.2872],[21.2829,64.29],[21.2908,64.2912],[21.2897,64.2941],[21.2943,64.2983],[21.3005,64.2988],[21.3042,64.2946],[21.3103,64.2932],[21.309,64.3007],[21.3129,64.3001],[21.3146,64.3045],[21.3187,64.3056],[21.3249,64.301],[21.3251,64.2928],[21.3419,64.2947],[21.3419,64.2993],[21.3367,64.3018],[21.3449,64.3043],[21.341,64.3089],[21.3439,64.311],[21.3408,64.3146],[21.3444,64.3185],[21.35,64.3166],[21.3571,64.3191],[21.3626,64.3177],[21.3673,64.3194],[21.3682,64.3247],[21.3729,64.3234],[21.3738,64.3244],[21.3718,64.3269],[21.365,64.3277],[21.3596,64.3333],[21.3769,64.3252],[21.3824,64.3247],[21.3824,64.3226],[21.3883,64.3234],[21.3894,64.3216],[21.3982,64.3206],[21.3995,64.3226],[21.3927,64.3262],[21.3925,64.329],[21.3995,64.3282],[21.4077,64.3244],[21.4101,64.3261],[21.4172,64.3243],[21.4146,64.3269],[21.4072,64.3287],[21.4084,64.3297],[21.4143,64.3287],[21.4091,64.3343],[21.4103,64.3359],[21.4129,64.3356],[21.4098,64.3464],[21.411,64.3479],[21.4178,64.3486],[21.4176,64.3522],[21.4111,64.353],[21.4111,64.3548],[21.4147,64.3548],[21.4141,64.3576],[21.4236,64.3565],[21.4276,64.3527],[21.43,64.3559],[21.4347,64.3534],[21.4365,64.3556],[21.4442,64.3552],[21.4394,64.352],[21.4335,64.3527],[21.4376,64.3482],[21.44,64.348],[21.4406,64.3501],[21.4477,64.3506],[21.4465,64.3538],[21.4577,64.3518],[21.4594,64.349],[21.4631,64.3536],[21.4666,64.3531],[21.4673,64.3615],[21.4727,64.3636],[21.4675,64.3728],[21.4717,64.3738],[21.4752,64.3717],[21.4688,64.3812],[21.4771,64.3825],[21.4812,64.3799],[21.4848,64.3799],[21.4836,64.3829],[21.4884,64.3829],[21.4866,64.386],[21.4926,64.3873],[21.4928,64.3821],[21.4995,64.378],[21.4967,64.3872],[21.5003,64.3877],[21.5015,64.3905],[21.498,64.3905],[21.4913,64.3975],[21.4987,64.3996],[21.5073,64.3973],[21.5041,64.403],[21.5074,64.403],[21.5087,64.4094],[21.5116,64.4091],[21.5101,64.4147],[21.5131,64.4144],[21.5152,64.4106],[21.5229,64.4083],[21.5261,64.4195],[21.5299,64.4198],[21.5358,64.4157],[21.5347,64.4206],[21.5382,64.4205],[21.5441,64.4181],[21.5506,64.4185],[21.557,64.4146],[21.5537,64.4228],[21.5577,64.4241],[21.558,64.4296],[21.5663,64.4303],[21.5763,64.4267],[21.5736,64.4324],[21.5794,64.4338],[21.5835,64.4328],[21.5791,64.4351],[21.5818,64.4373],[21.5883,64.4379],[21.593,64.434],[21.5988,64.4355],[21.6071,64.4342],[21.6065,64.437],[21.6101,64.437],[21.6147,64.4326],[21.6116,64.4398],[21.6155,64.4415],[21.6165,64.4472],[21.6084,64.4569],[21.5973,64.4613],[21.5866,64.4708],[21.5813,64.4827],[21.573,64.4822],[21.5695,64.4796],[21.5795,64.4696],[21.5771,64.468],[21.5825,64.4611],[21.5801,64.4571],[21.5731,64.457],[21.5655,64.4602],[21.5639,64.4558],[21.5587,64.4558],[21.5581,64.4604],[21.5522,64.4622],[21.5453,64.473],[21.5323,64.4732],[21.5269,64.4683],[21.5177,64.4688],[21.5173,64.4631],[21.5161,64.4621],[21.5137,64.4629],[21.5172,64.4572],[21.5115,64.4555],[21.5162,64.4496],[21.5076,64.4486],[21.5062,64.4444],[21.5059,64.4454],[21.4997,64.4452],[21.4995,64.448],[21.4959,64.4475],[21.4971,64.4454],[21.4911,64.4448],[21.4853,64.4509],[21.4851,64.4494],[21.4806,64.451],[21.4758,64.4494],[21.4717,64.4537],[21.4739,64.456],[21.4672,64.4585],[21.4635,64.4643],[21.4636,64.4676],[21.4754,64.4668],[21.4742,64.4683],[21.4778,64.4673],[21.479,64.4701],[21.4711,64.4765],[21.4714,64.4778],[21.4759,64.4775],[21.4727,64.4803],[21.4762,64.4808],[21.4726,64.4923],[21.4758,64.4952],[21.4682,64.5018],[21.4698,64.5049],[21.4727,64.5052],[21.4709,64.5079],[21.4758,64.5082],[21.4749,64.5095],[21.4681,64.5123],[21.4687,64.5103],[21.4651,64.5107],[21.4526,64.5173],[21.4449,64.5172],[21.4419,64.52],[21.439,64.52],[21.444,64.5169],[21.4412,64.5129],[21.437,64.5139],[21.4378,64.5122],[21.4348,64.5118],[21.4278,64.5149],[21.4312,64.5119],[21.4253,64.513],[21.4259,64.5107],[21.4205,64.5107],[21.4174,64.5086],[21.4137,64.5099],[21.4111,64.5179],[21.4132,64.5184],[21.4085,64.5199],[21.4053,64.5261],[21.4077,64.5266],[21.4106,64.5226],[21.4195,64.5245],[21.4219,64.5224],[21.426,64.5222],[21.4273,64.525],[21.4135,64.5332],[21.4162,64.5338],[21.4286,64.53],[21.4301,64.5313],[21.4263,64.5334],[21.4329,64.5372],[21.4388,64.5379],[21.4459,64.5356],[21.4385,64.5397],[21.4407,64.5423],[21.4545,64.5365],[21.4497,64.5407],[21.4506,64.5432],[21.4563,64.5417],[21.4577,64.5379],[21.4621,64.5379],[21.4595,64.542],[21.471,64.5373],[21.4683,64.5356],[21.4691,64.5264],[21.4723,64.523],[21.4675,64.5225],[21.4679,64.5203],[21.4616,64.522],[21.4609,64.5204],[21.4669,64.5191],[21.465,64.5156],[21.4751,64.5148],[21.4733,64.5166],[21.4793,64.5186],[21.4788,64.5206],[21.4723,64.5227],[21.477,64.5227],[21.4859,64.5191],[21.4858,64.5175],[21.4929,64.5165],[21.4937,64.5137],[21.5024,64.5128],[21.511,64.5046],[21.5113,64.513],[21.5148,64.512],[21.5158,64.515],[21.5181,64.5148],[21.5144,64.5199],[21.5231,64.5166],[21.5257,64.5173],[21.5239,64.5201],[21.5267,64.5209],[21.521,64.5252],[21.5258,64.5264],[21.5324,64.5219],[21.5378,64.5224],[21.546,64.5188],[21.5483,64.5145],[21.5518,64.5139],[21.5472,64.5198],[21.5537,64.5183],[21.5567,64.5203],[21.5526,64.5242],[21.5503,64.5239],[21.5498,64.531],[21.5466,64.5335],[21.5336,64.5365],[21.5306,64.5362],[21.5297,64.5328],[21.5209,64.5311],[21.511,64.5369],[21.5086,64.5367],[21.513,64.5323],[21.5085,64.5337],[21.5038,64.5326],[21.4985,64.5349],[21.4907,64.5357],[21.4813,64.5406],[21.4779,64.5455],[21.4728,64.5458],[21.4744,64.5477],[21.4815,64.5473],[21.4674,64.5559],[21.4629,64.5547],[21.4621,64.5578],[21.468,64.5562],[21.468,64.5586],[21.474,64.5583],[21.4769,64.5554],[21.4805,64.5557],[21.4793,64.5588],[21.483,64.5603],[21.478,64.5637],[21.4821,64.5629],[21.484,64.5642],[21.4795,64.5679],[21.4858,64.5657],[21.4829,64.57],[21.4852,64.5695],[21.4859,64.5708],[21.4497,64.5841],[21.4458,64.5797],[21.4501,64.5733],[21.4454,64.5736],[21.4429,64.5722],[21.4492,64.5692],[21.4424,64.5705],[21.4432,64.5682],[21.4388,64.5685],[21.4384,64.56],[21.4355,64.5608],[21.4421,64.5552],[21.4386,64.5548],[21.4377,64.5575],[21.4313,64.559],[21.4289,64.5625],[21.4248,64.5613],[21.4143,64.5657],[21.4143,64.5718],[21.4002,64.5805],[21.4011,64.5861],[21.382,64.5961],[21.3804,64.5944],[21.375,64.5962],[21.3717,64.5993],[21.3785,64.5969],[21.3851,64.5982],[21.3904,64.5938],[21.392,64.5982],[21.3804,64.6023],[21.3656,64.6048],[21.3602,64.6047],[21.3599,64.6034],[21.3643,64.5979],[21.3542,64.602],[21.3417,64.6009],[21.35,64.5985],[21.3524,64.5957],[21.35,64.5944],[21.3417,64.5966],[21.3337,64.6041],[21.33,64.6004],[21.3217,64.599],[21.324,64.5937],[21.3353,64.5926],[21.3311,64.5972],[21.3401,64.5921],[21.3453,64.5857],[21.3513,64.5849],[21.3519,64.5835],[21.3409,64.585],[21.3453,64.5814],[21.3322,64.5845],[21.3509,64.5765],[21.3501,64.5747],[21.333,64.5808],[21.3187,64.5808],[21.3024,64.5881],[21.2949,64.6045],[21.2878,64.6061],[21.2803,64.6053],[21.272,64.6083],[21.2529,64.6058],[21.2456,64.6076],[21.2411,64.6069],[21.2431,64.6095],[21.2283,64.6138],[21.2338,64.6133],[21.2359,64.6147],[21.2298,64.6142],[21.2318,64.6147],[21.2203,64.618],[21.2246,64.619],[21.2304,64.6156],[21.234,64.6164],[21.2297,64.6191],[21.2358,64.6195],[21.2443,64.6175],[21.246,64.6193],[21.2393,64.6239],[21.2492,64.6198],[21.2476,64.6239],[21.242,64.6261],[21.2419,64.6236],[21.2365,64.6252],[21.2438,64.6285],[21.24,64.6318],[21.2464,64.6315],[21.2407,64.6342],[21.2376,64.6321],[21.2332,64.634],[21.2389,64.6352],[21.2347,64.6378],[21.2398,64.6388],[21.2366,64.6419],[21.241,64.6418],[21.2366,64.6444],[21.2399,64.6454],[21.2357,64.6475],[21.2342,64.6518],[21.2274,64.6539],[21.2266,64.6562],[21.2152,64.6588],[21.2101,64.657],[21.2149,64.6542],[21.2098,64.6544],[21.2098,64.6529],[21.205,64.6525],[21.1999,64.6576],[21.1955,64.659],[21.1895,64.6585],[21.1818,64.661],[21.1796,64.6644],[21.172,64.6675],[21.1681,64.6682],[21.1668,64.6654],[21.1571,64.6692],[21.1348,64.6725],[21.1219,64.6755],[21.1154,64.6798],[21.0996,64.6838],[21.1023,64.6864],[21.111,64.6828],[21.1224,64.6822],[21.1125,64.6917],[21.1141,64.6949],[21.119,64.696],[21.1243,64.6918],[21.1239,64.6837],[21.129,64.6796],[21.1391,64.6768],[21.1494,64.677],[21.1618,64.6749],[21.1689,64.6707],[21.1848,64.6658],[21.1893,64.6696],[21.2019,64.6675],[21.1963,64.672],[21.2076,64.6686],[21.209,64.6701],[21.2045,64.6731],[21.2069,64.6737],[21.1958,64.679],[21.1954,64.6841],[21.1748,64.6938],[21.1674,64.6936],[21.1638,64.6842],[21.1558,64.6823],[21.1554,64.68],[21.1521,64.6805],[21.1469,64.6857],[21.1524,64.6871],[21.1524,64.6902],[21.1388,64.6965],[21.1436,64.6984],[21.1515,64.6971],[21.1524,64.6988],[21.1592,64.6948],[21.1619,64.6959],[21.1611,64.6975],[21.1523,64.699],[21.1534,64.706],[21.1444,64.7095],[21.1459,64.7103],[21.161,64.7067],[21.1647,64.7083],[21.173,64.7065],[21.1783,64.7032],[21.1731,64.7012],[21.1777,64.6963],[21.1971,64.6917],[21.1955,64.6897],[21.1993,64.6898],[21.198,64.6913],[21.2028,64.6913],[21.2091,64.6847],[21.2152,64.6827],[21.2228,64.6833],[21.2218,64.6861],[21.2342,64.6841],[21.237,64.6824],[21.2281,64.6842],[21.2241,64.6836],[21.2248,64.6822],[21.2515,64.6751],[21.2542,64.6727],[21.2513,64.6731],[21.2514,64.6705],[21.2633,64.6648],[21.2725,64.6622],[21.2827,64.6617],[21.2866,64.6665],[21.2822,64.6693],[21.2661,64.6738],[21.2687,64.6714],[21.2641,64.6754],[21.2531,64.6782],[21.253,64.6796],[21.2486,64.6787],[21.2381,64.6827],[21.2452,64.685],[21.2412,64.6867],[21.2453,64.685],[21.2518,64.6858],[21.2613,64.6821],[21.2861,64.6777],[21.2887,64.6726],[21.2908,64.6761],[21.2866,64.6787],[21.2903,64.6787],[21.2944,64.6837],[21.2906,64.6841],[21.2937,64.6855],[21.2891,64.6845],[21.287,64.687],[21.2921,64.6885],[21.2861,64.6886],[21.287,64.687],[21.2709,64.6922],[21.2771,64.6944],[21.2771,64.6962],[21.2714,64.6965],[21.2677,64.698],[21.2697,64.6988],[21.258,64.7019],[21.2523,64.7055],[21.2618,64.7043],[21.2532,64.707],[21.2397,64.7158],[21.233,64.7167],[21.2321,64.7177],[21.2367,64.7185],[21.2129,64.7381],[21.2131,64.7406],[21.2184,64.7429],[21.2344,64.7394],[21.2326,64.7448],[21.2548,64.7465],[21.2554,64.7478],[21.2649,64.7458],[21.2709,64.747],[21.2925,64.7456],[21.2973,64.747],[21.298,64.7536],[21.2735,64.7631],[21.2729,64.7659],[21.2771,64.7657],[21.2757,64.7685],[21.2598,64.7724],[21.2467,64.7794],[21.2113,64.7806],[21.2119,64.7793],[21.2083,64.7792],[21.1993,64.7806],[21.1909,64.7795],[21.1861,64.7768],[21.1867,64.7745],[21.182,64.7735],[21.1608,64.7775],[21.1559,64.7756],[21.1507,64.7766],[21.149,64.7749],[21.1407,64.7774],[21.1349,64.7751],[21.1298,64.7755],[21.1214,64.7784],[21.1124,64.7781],[21.1087,64.7806],[21.1112,64.7816],[21.101,64.7849],[21.0945,64.784],[21.0831,64.786],[21.0766,64.7844],[21.0651,64.7926],[21.0673,64.7944],[21.0866,64.7889],[21.0897,64.7907],[21.083,64.7928],[21.0889,64.794],[21.104,64.7881],[21.1086,64.7879],[21.1097,64.7904],[21.1137,64.7891],[21.1212,64.7894],[21.1222,64.7927],[21.1023,64.8021],[21.115,64.8036],[21.1159,64.805],[21.0928,64.8096],[21.0891,64.8075],[21.0942,64.8036],[21.092,64.8031],[21.0842,64.8069],[21.087,64.8092],[21.0795,64.8124],[21.0697,64.8116],[21.0678,64.8145],[21.0705,64.817],[21.0562,64.8172],[21.0535,64.8191],[21.0544,64.8238],[21.0429,64.8218],[21.0388,64.8256],[21.0263,64.8251],[21.0193,64.83],[21.0098,64.8304],[21.0149,64.8309],[21.0147,64.8319],[21.0082,64.8318],[21.0141,64.8335],[21.0131,64.8399],[21.0041,64.8388],[20.9967,64.843],[20.9984,64.8452],[21.0231,64.8422],[21.0268,64.8442],[21.0204,64.8463],[21.0206,64.8505],[21.0163,64.8536],[21.0095,64.8553],[21.0172,64.8548],[21.0158,64.8598],[21.0189,64.8598],[21.0219,64.855],[21.0273,64.8534],[21.0269,64.8591],[21.0387,64.8629],[21.0441,64.8628],[21.0491,64.8669],[21.0558,64.8658],[21.0709,64.867],[21.0565,64.8653],[21.0593,64.8647],[21.0541,64.8615],[21.0514,64.854],[21.0622,64.8476],[21.0631,64.8448],[21.0751,64.8407],[21.0757,64.8323],[21.0889,64.8318],[21.0954,64.8276],[21.0929,64.8248],[21.1092,64.8245],[21.1127,64.821],[21.1249,64.8209],[21.1309,64.8174],[21.1377,64.8174],[21.1439,64.8137],[21.1565,64.815],[21.1563,64.8227],[21.1495,64.8252],[21.1588,64.8276],[21.151,64.8333],[21.1552,64.8328],[21.1558,64.8345],[21.16,64.8348],[21.1648,64.832],[21.169,64.832],[21.1636,64.8368],[21.1816,64.834],[21.1825,64.8355],[21.1773,64.837],[21.1795,64.8381],[21.176,64.8382],[21.1779,64.8401],[21.1844,64.8367],[21.1782,64.8423],[21.1629,64.8469],[21.1587,64.8498],[21.161,64.8596],[21.1582,64.8623],[21.1698,64.8651],[21.174,64.8641],[21.1734,64.8668],[21.1794,64.8646],[21.1817,64.8603],[21.1907,64.8603],[21.1943,64.8585],[21.1963,64.8607],[21.1987,64.8604],[21.1957,64.8622],[21.2005,64.8614],[21.2065,64.8647],[21.2221,64.8591],[21.2197,64.8629],[21.2251,64.8619],[21.219,64.8643],[21.22,64.8665],[21.2146,64.8695],[21.2011,64.8731],[21.2039,64.876],[21.2135,64.8752],[21.2183,64.8716],[21.2216,64.8734],[21.2102,64.8785],[21.2093,64.8813],[21.2147,64.881],[21.2164,64.8871],[21.211,64.8883],[21.208,64.8857],[21.2031,64.8855],[21.1963,64.8919],[21.1987,64.8937],[21.1966,64.8983],[21.2045,64.9001],[21.2135,64.8963],[21.2201,64.896],[21.2236,64.8902],[21.2423,64.8911],[21.2231,64.8965],[21.2333,64.8975],[21.2328,64.8998],[21.2406,64.9008],[21.2388,64.9044],[21.2316,64.9052],[21.2256,64.9083],[21.2233,64.9128],[21.2353,64.9117],[21.2368,64.9127],[21.2393,64.9115],[21.2401,64.9126],[21.2302,64.9159],[21.2311,64.918],[21.2468,64.9177],[21.252,64.922],[21.258,64.9225],[21.2432,64.9241],[21.2372,64.9292],[21.2407,64.9303],[21.2243,64.9364],[21.2337,64.9444],[21.2375,64.9413],[21.2339,64.9445],[21.2404,64.9472],[21.2532,64.9468],[21.2593,64.9501],[21.2634,64.949],[21.2717,64.951],[21.2702,64.9531],[21.2806,64.9515],[21.2763,64.956],[21.2805,64.9562],[21.2802,64.9577],[21.293,64.9548],[21.2988,64.956],[21.2967,64.9578],[21.3051,64.9578],[21.3169,64.9545],[21.308,64.9596],[21.3155,64.9595],[21.3254,64.9566],[21.3181,64.9613],[21.3223,64.9626],[21.3309,64.9614],[21.3371,64.9641],[21.3474,64.9591],[21.3479,64.9562],[21.3618,64.9523],[21.3582,64.9558],[21.3654,64.959],[21.3868,64.956],[21.3884,64.9573],[21.3827,64.9601],[21.3789,64.9664],[21.3529,64.9738],[21.3598,64.9745],[21.3611,64.9765],[21.3556,64.9796],[21.3435,64.979],[21.3408,64.9819],[21.3484,64.9835],[21.3604,64.9789],[21.3582,64.981],[21.3622,64.9808],[21.3634,64.9822],[21.3576,64.9843],[21.3566,64.9889],[21.3464,64.9908],[21.359,64.9891],[21.3632,64.9852],[21.3692,64.9889],[21.362,64.992],[21.3671,64.992],[21.3666,64.9946],[21.3792,64.9932],[21.3816,64.9891],[21.386,64.9873],[21.3898,64.9878],[21.388,64.9901],[21.3913,64.9945],[21.3781,64.9956],[21.3867,64.9971],[21.3947,64.9959],[21.3969,64.9972],[21.3919,65.0026],[21.3866,65.0025],[21.3836,65.0044],[21.3904,65.0065],[21.3957,65.0053],[21.3962,65.0082],[21.4035,65.0082],[21.404,65.0101],[21.3882,65.0157],[21.3829,65.0159],[21.3869,65.0212],[21.3983,65.017],[21.4077,65.0161],[21.4176,65.0118],[21.4263,65.017],[21.4339,65.0138],[21.4371,65.0149],[21.4356,65.0172],[21.4485,65.0169],[21.4527,65.0143],[21.46,65.0142],[21.4612,65.0156],[21.4687,65.0134],[21.4626,65.0285],[21.4645,65.0316],[21.4694,65.0326],[21.4748,65.03],[21.4766,65.0326],[21.4667,65.0367],[21.4682,65.0375],[21.4742,65.0354],[21.4689,65.0432],[21.467,65.0397],[21.4574,65.0413],[21.4568,65.0395],[21.4525,65.0403],[21.4556,65.0421],[21.4532,65.0416],[21.4526,65.0431],[21.4574,65.0439],[21.4464,65.0508],[21.4488,65.0536],[21.4449,65.0564],[21.4489,65.0597],[21.4484,65.0636],[21.4427,65.0669],[21.4494,65.0677],[21.4524,65.07],[21.4633,65.0707],[21.4717,65.0633],[21.4832,65.0642],[21.4844,65.0619],[21.4923,65.0606],[21.492,65.0662],[21.5003,65.0684],[21.5045,65.0667],[21.499,65.065],[21.5045,65.066],[21.5026,65.0639],[21.5116,65.061],[21.508,65.0644],[21.5111,65.066],[21.5172,65.0656],[21.5244,65.059],[21.5327,65.0558],[21.534,65.0588],[21.5404,65.0562],[21.5442,65.0574],[21.5352,65.0617],[21.5359,65.0636],[21.544,65.0621],[21.5451,65.0646],[21.5501,65.0651],[21.3918,65.1161],[21.291,65.1213],[21.1876,65.1342],[21.1592,65.2014],[20.6242,65.2169],[19.7469,65.3979],[19.4956,65.1572],[19.2836,65.1256],[19.1494,65.1719],[19.125,65.2321],[19.1886,65.2121],[19.0262,65.2875],[18.9335,65.2585],[18.9451,65.3164],[18.7712,65.3396],[18.661,65.4266],[18.5045,65.4208],[18.3422,65.5019],[18.2146,65.4846],[18.0755,65.5657],[17.6059,65.6237],[16.7364,66.0933],[16.5566,66.0759],[15.832,66.3541],[15.4261,66.3999],[15.4308,66.3917],[15.4847,66.2825],[15.3055,66.2327],[15.0357,66.1536],[14.5163,66.1326],[14.5732,65.9576],[14.5843,65.9014],[14.624,65.8142],[14.542,65.7049],[14.5295,65.6822],[14.4968,65.5174],[14.5057,65.3099],[14.379,65.248],[14.3293,65.1275],[14.3612,65.1482],[14.4127,65.1141],[14.4978,65.0708],[14.5195,65.0708],[14.5512,65.0506],[14.6378,65.0073],[14.6652,65.0117],[14.7575,64.9626],[14.8671,64.9093],[14.8685,64.8977],[14.9868,64.8443],[14.9969,64.8256],[15.0777,64.7895],[15.0907,64.752],[15.1585,64.7145],[15.2162,64.7073],[15.3705,64.6323],[15.4253,64.5703],[15.4758,64.5443],[15.5032,64.5371],[15.5508,64.501],[15.5941,64.4736],[15.6749,64.3741],[15.6994,64.3784],[15.7167,64.364],[15.7513,64.3597],[15.7903,64.3424],[15.8494,64.3207],[15.91,64.2847],[15.972,64.276],[16.0643,64.2429],[16.0888,64.2227],[16.1033,64.1563],[16.1566,64.1477],[16.2778,64.1563],[16.3542,64.1188],[16.36,64.1073],[16.5158,64.0294],[16.523,64.0178],[16.6283,63.9601],[16.6341,63.9472],[16.7379,63.901],[16.7365,63.8923],[16.8106,63.8463],[16.8689,63.9507],[17.7317,63.8843],[18.388,64.0023],[18.4839,63.9617],[18.4655,63.9396],[18.4138,63.9359],[18.4101,63.9212],[18.4249,63.9101],[18.4396,63.8843],[18.4765,63.8732],[18.4802,63.8363],[18.6719,63.8216],[18.7051,63.7995],[18.7641,63.8032],[18.8157,63.7737],[18.8932,63.7958],[18.9522,63.7626],[18.9411,63.7331],[18.989,63.7405],[19.1771,63.6077],[19.1992,63.5598]]],[[[15.4308,66.3917],[15.426,66.3999],[15.4204,66.4005],[15.4308,66.3917]]]]}},
    {"type":"Feature","properties":{"kod":"25","namn":"Norrbottens län"},"geometry":{"type":"Polygon","coordinates":[[[15.426,66.3999],[15.4308,66.3917],[15.4261,66.3999],[15.832,66.3541],[16.5566,66.0759],[16.7364,66.0933],[17.6059,65.6237],[18.0755,65.5657],[18.2146,65.4846],[18.3422,65.5019],[18.5045,65.4208],[18.661,65.4266],[18.7712,65.3396],[18.9451,65.3164],[18.9335,65.2585],[19.0262,65.2875],[19.1886,65.2121],[19.125,65.2321],[19.1494,65.1719],[19.2836,65.1256],[19.4956,65.1572],[19.7469,65.3979],[20.6242,65.2169],[21.1592,65.2014],[21.1876,65.1342],[21.291,65.1213],[21.3918,65.1161],[21.5501,65.0651],[21.5498,65.0686],[21.5368,65.0771],[21.5248,65.081],[21.5164,65.0875],[21.5106,65.0879],[21.5122,65.0902],[21.5081,65.0954],[21.5159,65.0916],[21.5213,65.0915],[21.5248,65.0948],[21.5299,65.0953],[21.529,65.1021],[21.5318,65.104],[21.5361,65.1029],[21.5337,65.1053],[21.5248,65.1067],[21.5279,65.108],[21.5256,65.1115],[21.5313,65.1108],[21.5316,65.1124],[21.5366,65.1134],[21.5263,65.1243],[21.5351,65.1215],[21.5379,65.1239],[21.5249,65.1316],[21.5272,65.1366],[21.5125,65.1391],[21.5051,65.1436],[21.5084,65.1422],[21.5201,65.1432],[21.5289,65.1395],[21.5329,65.1416],[21.5375,65.1419],[21.5404,65.1397],[21.5551,65.1419],[21.5588,65.1394],[21.5727,65.138],[21.5745,65.1433],[21.5794,65.1404],[21.5851,65.1414],[21.5887,65.137],[21.5897,65.1383],[21.5939,65.1377],[21.5836,65.1453],[21.5824,65.1489],[21.5914,65.1496],[21.5853,65.1534],[21.5875,65.1553],[21.5739,65.1647],[21.5716,65.1734],[21.5634,65.1761],[21.5707,65.1757],[21.5649,65.1801],[21.566,65.1822],[21.5624,65.1836],[21.5537,65.1834],[21.5578,65.1853],[21.5567,65.1882],[21.5475,65.1932],[21.5513,65.1934],[21.5513,65.1957],[21.5474,65.1968],[21.552,65.1984],[21.5512,65.2016],[21.548,65.2019],[21.5456,65.1991],[21.5402,65.1993],[21.5389,65.2021],[21.5297,65.2046],[21.5306,65.2065],[21.5347,65.2057],[21.5313,65.2134],[21.5394,65.2125],[21.5423,65.2151],[21.5353,65.2233],[21.5395,65.2236],[21.53,65.2248],[21.531,65.226],[21.5154,65.2313],[21.5181,65.2323],[21.5332,65.2284],[21.5386,65.2252],[21.5314,65.2303],[21.5333,65.2315],[21.536,65.2302],[21.539,65.2309],[21.536,65.2315],[21.5404,65.2337],[21.5602,65.2358],[21.5647,65.2336],[21.5619,65.2362],[21.5752,65.2419],[21.6031,65.2474],[21.608,65.2474],[21.6104,65.2457],[21.6135,65.2469],[21.6187,65.2441],[21.6177,65.2422],[21.6236,65.2415],[21.6217,65.2388],[21.6304,65.2333],[21.6417,65.231],[21.6447,65.2344],[21.6516,65.2338],[21.6502,65.2302],[21.6558,65.227],[21.655,65.2242],[21.6651,65.2197],[21.6709,65.2137],[21.6866,65.2105],[21.6941,65.2048],[21.6903,65.209],[21.6997,65.2103],[21.7202,65.2003],[21.7254,65.2],[21.7486,65.1904],[21.7521,65.1908],[21.7507,65.1936],[21.742,65.1978],[21.7442,65.2008],[21.733,65.2129],[21.7379,65.2134],[21.7398,65.216],[21.7364,65.2175],[21.7325,65.2164],[21.7289,65.2201],[21.7186,65.2221],[21.7185,65.2238],[21.7101,65.2262],[21.6997,65.2328],[21.696,65.2318],[21.6848,65.2361],[21.6814,65.2361],[21.6898,65.2306],[21.6774,65.2333],[21.6755,65.2322],[21.6665,65.2358],[21.6644,65.2308],[21.6679,65.229],[21.6642,65.2293],[21.6565,65.2347],[21.6432,65.2389],[21.6343,65.2443],[21.6522,65.2398],[21.6406,65.2463],[21.6392,65.2492],[21.6424,65.2505],[21.6375,65.2564],[21.6408,65.2578],[21.6455,65.257],[21.648,65.2591],[21.6555,65.2582],[21.6626,65.2621],[21.6656,65.2608],[21.67,65.2613],[21.663,65.2701],[21.6655,65.2729],[21.6704,65.2733],[21.6663,65.2772],[21.6678,65.2813],[21.6739,65.2832],[21.6706,65.2859],[21.6822,65.2895],[21.685,65.295],[21.6974,65.2968],[21.7044,65.2949],[21.7074,65.2955],[21.7058,65.2975],[21.7102,65.2979],[21.7159,65.3034],[21.7111,65.3063],[21.7086,65.3126],[21.6994,65.315],[21.6946,65.3139],[21.6865,65.3179],[21.6794,65.3191],[21.6753,65.3223],[21.6598,65.3253],[21.6596,65.3232],[21.6622,65.3238],[21.6729,65.3203],[21.6713,65.3182],[21.6804,65.3141],[21.6826,65.3094],[21.6804,65.3071],[21.6664,65.3097],[21.6727,65.3063],[21.6756,65.294],[21.6722,65.2914],[21.6546,65.2899],[21.6497,65.2947],[21.6429,65.2956],[21.6353,65.2996],[21.6153,65.3021],[21.615,65.3039],[21.6202,65.3048],[21.6195,65.3071],[21.6036,65.3132],[21.5964,65.3184],[21.5825,65.3202],[21.5737,65.3234],[21.5923,65.3223],[21.5931,65.3196],[21.6151,65.3176],[21.6232,65.314],[21.631,65.3198],[21.6379,65.3204],[21.6308,65.3302],[21.6387,65.3294],[21.6319,65.3316],[21.632,65.3337],[21.6316,65.3321],[21.6271,65.3351],[21.6125,65.3357],[21.604,65.339],[21.5973,65.3271],[21.5927,65.3259],[21.5863,65.3275],[21.5809,65.3327],[21.5704,65.337],[21.5757,65.3375],[21.5705,65.3411],[21.5577,65.3403],[21.5495,65.3435],[21.5423,65.3384],[21.5393,65.3289],[21.5286,65.3281],[21.5289,65.3252],[21.5246,65.323],[21.5119,65.3233],[21.5101,65.3201],[21.4994,65.317],[21.4959,65.3185],[21.494,65.3165],[21.4909,65.3182],[21.4937,65.3183],[21.4954,65.3233],[21.5006,65.3262],[21.4991,65.3318],[21.4804,65.3379],[21.4654,65.3483],[21.4513,65.3502],[21.4505,65.3537],[21.4597,65.353],[21.4648,65.3554],[21.4635,65.3567],[21.4496,65.3564],[21.4381,65.3597],[21.4476,65.3606],[21.4549,65.3584],[21.4637,65.3607],[21.4666,65.3586],[21.4751,65.3577],[21.4821,65.3584],[21.4828,65.3619],[21.4857,65.3622],[21.4948,65.36],[21.4932,65.3632],[21.4991,65.3629],[21.5001,65.3642],[21.491,65.3678],[21.4917,65.3705],[21.4971,65.371],[21.4943,65.3724],[21.4912,65.3719],[21.4914,65.3743],[21.4905,65.373],[21.4855,65.3734],[21.4798,65.3757],[21.4815,65.3729],[21.4724,65.3751],[21.4694,65.374],[21.4701,65.367],[21.4664,65.3698],[21.4678,65.3728],[21.4494,65.3832],[21.4494,65.388],[21.4567,65.3879],[21.459,65.3898],[21.4678,65.3875],[21.472,65.389],[21.4774,65.3863],[21.4818,65.3874],[21.4905,65.3866],[21.4923,65.3829],[21.5021,65.3802],[21.5148,65.377],[21.5221,65.3775],[21.5282,65.3742],[21.5404,65.374],[21.5467,65.376],[21.5451,65.3801],[21.5343,65.378],[21.5239,65.38],[21.5146,65.3845],[21.5078,65.3851],[21.5095,65.3928],[21.5156,65.3938],[21.5196,65.3968],[21.5101,65.3949],[21.5028,65.3963],[21.4959,65.4044],[21.5065,65.4019],[21.5125,65.3974],[21.5157,65.3977],[21.5163,65.3998],[21.5261,65.399],[21.534,65.3961],[21.5335,65.3936],[21.5374,65.3923],[21.5505,65.3956],[21.5573,65.3955],[21.5614,65.3941],[21.5571,65.3931],[21.5596,65.3854],[21.5639,65.384],[21.5725,65.3854],[21.5755,65.3823],[21.5823,65.382],[21.5846,65.3764],[21.588,65.3753],[21.5852,65.3738],[21.5884,65.3697],[21.5853,65.3669],[21.5882,65.3605],[21.5802,65.3557],[21.5816,65.3542],[21.6024,65.3518],[21.6146,65.3466],[21.6274,65.3453],[21.634,65.3417],[21.639,65.3444],[21.6314,65.347],[21.6361,65.3519],[21.647,65.3482],[21.6542,65.3423],[21.6634,65.3424],[21.681,65.3371],[21.686,65.3376],[21.6809,65.342],[21.6824,65.344],[21.6648,65.3489],[21.6606,65.353],[21.6368,65.3556],[21.6451,65.36],[21.6392,65.3664],[21.6282,65.3679],[21.6025,65.3791],[21.5971,65.3795],[21.5947,65.383],[21.578,65.3887],[21.5761,65.3966],[21.5692,65.3997],[21.5723,65.4038],[21.5641,65.4056],[21.5666,65.4089],[21.5584,65.4141],[21.5646,65.4191],[21.5585,65.4204],[21.5581,65.4245],[21.5636,65.4256],[21.5838,65.4232],[21.5874,65.4209],[21.585,65.4198],[21.5972,65.4167],[21.6001,65.4114],[21.6154,65.41],[21.6275,65.4033],[21.6411,65.4061],[21.6414,65.4075],[21.6558,65.4046],[21.6687,65.4057],[21.6627,65.4121],[21.6652,65.4129],[21.6707,65.4098],[21.6732,65.4133],[21.669,65.4177],[21.6617,65.4197],[21.6622,65.4172],[21.6583,65.4172],[21.6556,65.4219],[21.6642,65.4214],[21.6704,65.4232],[21.6865,65.4177],[21.6905,65.4184],[21.6978,65.4162],[21.6987,65.4132],[21.7039,65.413],[21.7075,65.4094],[21.7203,65.4078],[21.7263,65.4013],[21.7452,65.4029],[21.74,65.401],[21.7449,65.4016],[21.7461,65.4001],[21.742,65.3994],[21.7501,65.399],[21.7479,65.3979],[21.7507,65.3978],[21.7482,65.3967],[21.7508,65.3949],[21.7556,65.3991],[21.7613,65.4005],[21.7767,65.3966],[21.7845,65.3977],[21.7882,65.4008],[21.8023,65.3989],[21.8108,65.3955],[21.8107,65.3937],[21.8157,65.3942],[21.8138,65.393],[21.8302,65.3939],[21.8341,65.3917],[21.8365,65.3923],[21.8334,65.3951],[21.8255,65.3942],[21.8304,65.3963],[21.8257,65.3956],[21.8226,65.4018],[21.8319,65.401],[21.8333,65.4032],[21.8406,65.4033],[21.8403,65.4048],[21.8506,65.4026],[21.8445,65.4134],[21.8479,65.4188],[21.856,65.4072],[21.8753,65.3997],[21.8812,65.3999],[21.8799,65.4038],[21.8838,65.4038],[21.8847,65.4078],[21.8899,65.4086],[21.8975,65.4027],[21.9206,65.3971],[21.9241,65.3988],[21.9195,65.4033],[21.9239,65.404],[21.9202,65.404],[21.919,65.4083],[21.9222,65.41],[21.9321,65.4109],[21.9185,65.4223],[21.9007,65.4295],[21.8996,65.433],[21.8946,65.4352],[21.9017,65.4379],[21.9055,65.4365],[21.9131,65.4371],[21.9153,65.4402],[21.9309,65.4374],[21.9164,65.4523],[21.9212,65.4533],[21.9307,65.4463],[21.9276,65.4423],[21.9372,65.4403],[21.9355,65.4388],[21.9411,65.4357],[21.9452,65.4369],[21.9535,65.4338],[21.9702,65.4203],[21.9899,65.4106],[21.9948,65.41],[21.996,65.4113],[21.9807,65.419],[21.9789,65.4227],[21.9871,65.417],[21.998,65.4149],[21.9991,65.4192],[21.9944,65.4241],[21.9978,65.4241],[21.9978,65.4256],[22.0032,65.4228],[22.0051,65.4238],[21.9962,65.4269],[22.0071,65.4302],[21.9999,65.4365],[22.0075,65.4368],[21.9976,65.4453],[22.007,65.4449],[22.0029,65.4528],[22.0127,65.457],[22.02,65.4581],[22.0243,65.4663],[22.0376,65.4638],[22.0321,65.4714],[22.0156,65.4737],[22.0164,65.469],[22.0098,65.468],[21.9947,65.4728],[21.9896,65.4718],[21.9872,65.469],[21.9792,65.4688],[21.9633,65.478],[21.9653,65.4804],[21.9595,65.4854],[21.9448,65.4909],[21.9259,65.5004],[21.9239,65.5033],[21.9001,65.5134],[21.9037,65.5143],[21.8947,65.5201],[21.8885,65.5206],[21.8945,65.5138],[21.8818,65.5174],[21.8818,65.5139],[21.8724,65.5159],[21.8759,65.5113],[21.8896,65.503],[21.9134,65.4935],[21.9148,65.4914],[21.9105,65.4917],[21.9131,65.4896],[21.9049,65.4909],[21.8805,65.502],[21.8749,65.5068],[21.8649,65.51],[21.8616,65.5149],[21.8448,65.5178],[21.8303,65.5242],[21.8474,65.524],[21.8493,65.5251],[21.8625,65.5223],[21.8649,65.5237],[21.8744,65.5198],[21.8801,65.5205],[21.8778,65.5258],[21.8622,65.5335],[21.8669,65.5351],[21.8706,65.5312],[21.8787,65.5305],[21.8907,65.526],[21.9078,65.526],[21.9136,65.5288],[21.9351,65.5226],[21.9466,65.5215],[21.953,65.5187],[21.9602,65.5196],[21.9691,65.5174],[21.9725,65.5197],[21.9796,65.5208],[21.9792,65.5178],[21.9985,65.5128],[22.0014,65.5144],[22.0148,65.5133],[22.0135,65.5153],[22.0036,65.5181],[22.021,65.5144],[22.0233,65.5175],[22.0309,65.5166],[22.0376,65.5196],[22.0417,65.5193],[22.0471,65.513],[22.0542,65.5105],[22.0524,65.5076],[22.0554,65.5066],[22.0572,65.5086],[22.067,65.5034],[22.07,65.5086],[22.0643,65.5185],[22.0708,65.5207],[22.0676,65.5205],[22.0675,65.5227],[22.0757,65.5235],[22.0734,65.5251],[22.0757,65.5271],[22.0807,65.5271],[22.0941,65.5256],[22.0964,65.5231],[22.1075,65.5234],[22.1149,65.5214],[22.119,65.5195],[22.119,65.5159],[22.1232,65.5155],[22.1231,65.5141],[22.1346,65.5135],[22.1359,65.5083],[22.1387,65.5087],[22.136,65.5128],[22.1548,65.5196],[22.159,65.5243],[22.1501,65.5293],[22.1537,65.5298],[22.1542,65.5329],[22.1801,65.5407],[22.1862,65.5443],[22.1843,65.5435],[22.1828,65.5459],[22.1843,65.5527],[22.173,65.5545],[22.1759,65.5531],[22.1698,65.5505],[22.1707,65.5458],[22.1676,65.5448],[22.1432,65.5478],[22.1379,65.5559],[22.1395,65.5578],[22.1444,65.5583],[22.1425,65.5615],[22.1389,65.5605],[22.1382,65.5624],[22.1438,65.5619],[22.13,65.563],[22.1305,65.5693],[22.1202,65.5747],[22.1193,65.5736],[22.1114,65.5816],[22.0945,65.5815],[22.0734,65.5856],[22.08,65.5954],[22.0894,65.5952],[22.0932,65.5966],[22.0893,65.5961],[22.0857,65.5986],[22.0752,65.5993],[22.0715,65.6009],[22.0723,65.6063],[22.0584,65.6087],[22.0582,65.611],[22.0617,65.6122],[22.0591,65.6158],[22.062,65.617],[22.0895,65.6117],[22.0966,65.6059],[22.13,65.5934],[22.1399,65.593],[22.1422,65.5941],[22.1482,65.585],[22.1349,65.5858],[22.1264,65.589],[22.1229,65.587],[22.1313,65.5781],[22.1428,65.5781],[22.1451,65.58],[22.151,65.5807],[22.1522,65.5796],[22.1695,65.5803],[22.1713,65.5718],[22.2037,65.5541],[22.2129,65.5543],[22.2327,65.5494],[22.2609,65.5464],[22.2561,65.5472],[22.2578,65.5491],[22.2683,65.5481],[22.2686,65.547],[22.2718,65.5503],[22.2821,65.5493],[22.2798,65.5475],[22.2753,65.5479],[22.2843,65.545],[22.2961,65.5445],[22.3039,65.5466],[22.3044,65.5509],[22.2999,65.5504],[22.2993,65.5542],[22.2946,65.5544],[22.278,65.5612],[22.296,65.5582],[22.3002,65.5567],[22.2992,65.5552],[22.3081,65.556],[22.3041,65.5589],[22.3134,65.5587],[22.3056,65.5617],[22.3086,65.5608],[22.3175,65.563],[22.3299,65.5591],[22.3541,65.5468],[22.3694,65.5425],[22.3673,65.5418],[22.3708,65.5417],[22.3707,65.54],[22.3678,65.5414],[22.3703,65.54],[22.3767,65.5403],[22.3981,65.5349],[22.393,65.5382],[22.4027,65.5375],[22.3955,65.5445],[22.4019,65.5461],[22.3959,65.5472],[22.3958,65.5504],[22.4018,65.5519],[22.3824,65.5677],[22.3802,65.5729],[22.3751,65.5753],[22.3762,65.5784],[22.3124,65.5962],[22.3025,65.6011],[22.2988,65.6005],[22.2945,65.6019],[22.2978,65.6038],[22.3034,65.6037],[22.3138,65.6004],[22.315,65.605],[22.3227,65.608],[22.3344,65.6049],[22.3304,65.6111],[22.3342,65.6125],[22.3382,65.6117],[22.3413,65.6139],[22.342,65.6168],[22.3376,65.6197],[22.3399,65.6221],[22.3338,65.6258],[22.3199,65.6288],[22.3412,65.6248],[22.3568,65.6148],[22.3605,65.6163],[22.3586,65.6175],[22.369,65.6162],[22.3723,65.619],[22.3801,65.6165],[22.3793,65.6196],[22.3858,65.6187],[22.3889,65.621],[22.3833,65.6228],[22.3748,65.6329],[22.3672,65.6374],[22.3504,65.6384],[22.3402,65.6419],[22.3408,65.6441],[22.3358,65.6458],[22.3364,65.6435],[22.3285,65.6442],[22.3174,65.6409],[22.3155,65.6335],[22.3106,65.6315],[22.3128,65.6388],[22.31,65.6435],[22.3137,65.6442],[22.3084,65.648],[22.3149,65.6497],[22.3156,65.6519],[22.3261,65.65],[22.3302,65.6512],[22.2961,65.6637],[22.2866,65.6632],[22.2717,65.6703],[22.2619,65.6707],[22.259,65.669],[22.2628,65.6658],[22.2612,65.6639],[22.2683,65.6588],[22.2598,65.656],[22.2576,65.6499],[22.2677,65.6397],[22.2675,65.6368],[22.2808,65.6342],[22.2817,65.6354],[22.2901,65.6351],[22.2871,65.6335],[22.2962,65.6294],[22.2878,65.6235],[22.2827,65.624],[22.2729,65.6266],[22.2658,65.6267],[22.2584,65.6299],[22.2602,65.633],[22.2565,65.637],[22.2599,65.6439],[22.2383,65.6484],[22.2338,65.654],[22.238,65.6622],[22.2319,65.6685],[22.2334,65.6747],[22.2405,65.6761],[22.2479,65.6746],[22.2608,65.6784],[22.27,65.6781],[22.2641,65.683],[22.2563,65.6852],[22.2519,65.6898],[22.2532,65.6909],[22.2633,65.6885],[22.2573,65.6924],[22.2621,65.6955],[22.2683,65.6951],[22.2694,65.7001],[22.2768,65.6984],[22.2725,65.7014],[22.2714,65.7098],[22.2767,65.7089],[22.2751,65.7042],[22.2857,65.7018],[22.2991,65.6949],[22.2892,65.6923],[22.2877,65.6903],[22.2956,65.6843],[22.3154,65.6768],[22.316,65.6746],[22.3241,65.6709],[22.3242,65.6684],[22.3155,65.6674],[22.3223,65.6614],[22.334,65.6579],[22.3444,65.6576],[22.3426,65.6629],[22.3475,65.664],[22.3421,65.6673],[22.3625,65.6651],[22.3673,65.6685],[22.3723,65.6684],[22.3677,65.6706],[22.3709,65.6731],[22.3616,65.6785],[22.3639,65.6803],[22.3541,65.6869],[22.3586,65.6896],[22.3665,65.6889],[22.36,65.701],[22.3537,65.703],[22.335,65.7015],[22.3321,65.7038],[22.3404,65.705],[22.343,65.7071],[22.3386,65.7108],[22.3323,65.7128],[22.3203,65.7134],[22.3114,65.7174],[22.3127,65.7193],[22.316,65.7175],[22.322,65.7176],[22.3176,65.7238],[22.3102,65.7243],[22.313,65.7278],[22.3209,65.73],[22.3203,65.7283],[22.324,65.7305],[22.3275,65.7302],[22.3246,65.7277],[22.3353,65.7328],[22.3369,65.7353],[22.3319,65.7385],[22.3382,65.7397],[22.3348,65.7409],[22.349,65.7369],[22.3527,65.7379],[22.3494,65.7403],[22.3521,65.74],[22.352,65.7422],[22.3392,65.7508],[22.3422,65.7508],[22.342,65.7537],[22.3296,65.7594],[22.3244,65.7665],[22.3103,65.7717],[22.2971,65.7722],[22.2943,65.7737],[22.2985,65.7786],[22.3116,65.7825],[22.3306,65.7799],[22.3342,65.7821],[22.3311,65.7842],[22.3354,65.7841],[22.3502,65.7798],[22.358,65.7796],[22.3396,65.791],[22.3337,65.7974],[22.3209,65.8037],[22.315,65.8104],[22.3566,65.7934],[22.3676,65.7902],[22.3721,65.792],[22.3676,65.7956],[22.3721,65.7986],[22.3652,65.8102],[22.3516,65.8185],[22.3506,65.8218],[22.3554,65.8241],[22.353,65.8267],[22.3339,65.838],[22.3119,65.8457],[22.304,65.8464],[22.3154,65.8478],[22.3276,65.8428],[22.3268,65.8415],[22.3299,65.8417],[22.3414,65.8371],[22.347,65.8376],[22.3617,65.8432],[22.369,65.8401],[22.3722,65.8407],[22.3722,65.8421],[22.3651,65.8434],[22.367,65.8493],[22.3579,65.8514],[22.3571,65.8545],[22.3523,65.856],[22.3515,65.8607],[22.3458,65.8648],[22.349,65.8662],[22.3558,65.8643],[22.3538,65.862],[22.3591,65.8627],[22.363,65.8564],[22.3639,65.8599],[22.3692,65.8616],[22.3664,65.8633],[22.3692,65.8689],[22.3808,65.8738],[22.3801,65.8704],[22.3733,65.869],[22.3741,65.8659],[22.382,65.8684],[22.3857,65.8631],[22.3975,65.8588],[22.4062,65.8575],[22.4202,65.8617],[22.4337,65.8593],[22.4377,65.8609],[22.434,65.8626],[22.4369,65.8627],[22.45,65.8603],[22.4511,65.8574],[22.4679,65.8566],[22.4696,65.8542],[22.4665,65.853],[22.4722,65.8532],[22.474,65.8552],[22.4746,65.8537],[22.481,65.8526],[22.4779,65.8512],[22.4741,65.8519],[22.4767,65.8502],[22.4676,65.851],[22.4637,65.8529],[22.4645,65.8551],[22.4595,65.8554],[22.4582,65.8533],[22.4529,65.8547],[22.4561,65.8518],[22.4532,65.8505],[22.4452,65.8532],[22.4548,65.8457],[22.4655,65.8425],[22.4663,65.8392],[22.4732,65.8389],[22.4811,65.8352],[22.4809,65.8322],[22.4901,65.8295],[22.4994,65.8292],[22.5079,65.825],[22.5075,65.8227],[22.504,65.8227],[22.5089,65.8199],[22.505,65.8173],[22.5188,65.8187],[22.5272,65.8138],[22.5289,65.8104],[22.524,65.8069],[22.5247,65.8028],[22.5202,65.801],[22.5128,65.8012],[22.5059,65.7958],[22.5129,65.7927],[22.5122,65.7912],[22.5072,65.7907],[22.4949,65.7935],[22.4934,65.7903],[22.5032,65.7869],[22.5017,65.7818],[22.5133,65.7792],[22.52,65.7755],[22.5256,65.7755],[22.5285,65.7772],[22.5241,65.7816],[22.529,65.7813],[22.5283,65.7799],[22.5325,65.7804],[22.5301,65.779],[22.5351,65.7789],[22.532,65.7787],[22.5324,65.7756],[22.5411,65.775],[22.5383,65.7799],[22.545,65.7777],[22.5469,65.7786],[22.5433,65.7809],[22.5508,65.78],[22.5462,65.7868],[22.5518,65.7872],[22.5657,65.7804],[22.564,65.7835],[22.5585,65.7846],[22.5564,65.7878],[22.5603,65.7892],[22.5577,65.7912],[22.5639,65.7917],[22.5646,65.7935],[22.5646,65.7919],[22.5689,65.7919],[22.5684,65.7944],[22.5759,65.7944],[22.5742,65.7964],[22.5816,65.7961],[22.5834,65.7943],[22.5866,65.7958],[22.588,65.7923],[22.5829,65.7917],[22.5831,65.7899],[22.5905,65.793],[22.5912,65.7955],[22.586,65.7963],[22.5879,65.7969],[22.6004,65.7974],[22.607,65.7938],[22.612,65.7937],[22.5994,65.8009],[22.5932,65.8016],[22.5912,65.8044],[22.5935,65.8067],[22.6003,65.8054],[22.6042,65.8076],[22.6191,65.807],[22.6227,65.8046],[22.6135,65.8022],[22.6191,65.798],[22.6406,65.7922],[22.6423,65.7893],[22.6526,65.7854],[22.6631,65.7845],[22.6573,65.7815],[22.6667,65.7813],[22.6705,65.7826],[22.6734,65.7823],[22.671,65.7814],[22.6785,65.7815],[22.6767,65.7782],[22.6803,65.7778],[22.6809,65.771],[22.6672,65.7695],[22.668,65.7724],[22.6615,65.7688],[22.6581,65.7692],[22.662,65.7674],[22.6573,65.7669],[22.6562,65.7646],[22.6614,65.7618],[22.6512,65.7583],[22.6526,65.7557],[22.6575,65.7554],[22.6562,65.7544],[22.6752,65.7504],[22.6725,65.7565],[22.678,65.7549],[22.6806,65.7569],[22.6837,65.7556],[22.683,65.7576],[22.6857,65.7576],[22.6849,65.7554],[22.6936,65.755],[22.6956,65.7573],[22.6996,65.7575],[22.6939,65.7601],[22.6967,65.7606],[22.6956,65.7624],[22.7036,65.7651],[22.6967,65.7653],[22.6898,65.763],[22.69,65.7673],[22.6938,65.7675],[22.694,65.7709],[22.6984,65.7713],[22.7011,65.7741],[22.6962,65.776],[22.6928,65.7816],[22.6831,65.7831],[22.6863,65.7849],[22.7018,65.787],[22.7131,65.7865],[22.7112,65.7852],[22.7136,65.785],[22.714,65.7865],[22.7125,65.7875],[22.7163,65.7875],[22.7146,65.7899],[22.7102,65.7891],[22.6997,65.8051],[22.7033,65.8127],[22.6979,65.8202],[22.706,65.8201],[22.7138,65.8154],[22.7188,65.8156],[22.7192,65.8133],[22.7231,65.8145],[22.7091,65.8244],[22.7108,65.8277],[22.7066,65.8288],[22.7067,65.8313],[22.6926,65.8385],[22.6945,65.8403],[22.6898,65.8405],[22.692,65.8435],[22.688,65.8451],[22.6906,65.8467],[22.6847,65.8497],[22.688,65.8507],[22.6865,65.8559],[22.6904,65.8649],[22.6761,65.8761],[22.6773,65.8828],[22.6634,65.8853],[22.6602,65.8935],[22.6521,65.8949],[22.6532,65.892],[22.6432,65.8921],[22.6319,65.8985],[22.6445,65.9016],[22.6324,65.9027],[22.6318,65.9064],[22.6347,65.907],[22.6396,65.905],[22.6498,65.9069],[22.649,65.9046],[22.6541,65.9053],[22.6537,65.8995],[22.6665,65.9044],[22.6703,65.9044],[22.6873,65.8965],[22.6798,65.8882],[22.6898,65.8875],[22.6958,65.8924],[22.7094,65.8899],[22.7098,65.8866],[22.716,65.8862],[22.7241,65.8818],[22.7258,65.8744],[22.7327,65.8738],[22.7368,65.8701],[22.746,65.8677],[22.7483,65.8646],[22.7618,65.8604],[22.7578,65.8666],[22.7667,65.869],[22.7664,65.8639],[22.7725,65.8618],[22.777,65.8646],[22.7822,65.8578],[22.7896,65.857],[22.7967,65.8508],[22.7885,65.8501],[22.7927,65.8475],[22.7895,65.8468],[22.7958,65.847],[22.7985,65.8497],[22.8008,65.8476],[22.7966,65.8413],[22.8029,65.8418],[22.8114,65.8381],[22.8164,65.8378],[22.8162,65.8354],[22.8203,65.8354],[22.8173,65.8331],[22.8236,65.8336],[22.8222,65.832],[22.8278,65.831],[22.8276,65.8292],[22.8369,65.8283],[22.8352,65.8252],[22.8311,65.825],[22.8335,65.8235],[22.8385,65.8237],[22.8418,65.8185],[22.8399,65.817],[22.8298,65.8166],[22.8271,65.8126],[22.8297,65.8102],[22.8247,65.8054],[22.8284,65.8046],[22.831,65.8066],[22.8359,65.8053],[22.8386,65.7989],[22.8365,65.7956],[22.8471,65.7962],[22.8613,65.7947],[22.864,65.7975],[22.8693,65.7981],[22.8737,65.7931],[22.8853,65.7897],[22.8923,65.7854],[22.8903,65.7884],[22.8966,65.7958],[22.8875,65.7986],[22.8868,65.8028],[22.8889,65.8047],[22.9023,65.8021],[22.9014,65.7962],[22.9099,65.7898],[22.9065,65.7901],[22.9078,65.7891],[22.8991,65.7872],[22.8993,65.7856],[22.91,65.7847],[22.9115,65.7826],[22.9274,65.778],[22.9389,65.7787],[22.9435,65.7766],[22.9468,65.7769],[22.9517,65.7701],[22.9437,65.7706],[22.9396,65.7729],[22.9341,65.7708],[22.9392,65.7702],[22.9391,65.7685],[22.9434,65.7675],[22.9418,65.7698],[22.9445,65.7678],[22.9542,65.7677],[22.952,65.7645],[22.9556,65.7638],[22.9637,65.7648],[22.9672,65.7641],[22.9636,65.7634],[22.9708,65.7629],[22.9752,65.7649],[22.9785,65.7643],[22.9919,65.7582],[23.0023,65.7566],[23.0062,65.7507],[23.0243,65.7516],[23.0322,65.7491],[23.0342,65.7506],[23.0411,65.7508],[23.0412,65.7527],[23.0346,65.7533],[23.0424,65.7571],[23.0311,65.7621],[23.0309,65.7641],[23.0255,65.7643],[23.0229,65.7691],[23.028,65.7713],[23.043,65.7696],[23.045,65.7647],[23.0402,65.7641],[23.0459,65.7634],[23.0482,65.7613],[23.0442,65.7558],[23.0507,65.7541],[23.0578,65.7546],[23.0653,65.7491],[23.0605,65.7454],[23.0729,65.7448],[23.0713,65.7428],[23.0774,65.7385],[23.0934,65.7401],[23.0934,65.738],[23.0884,65.7379],[23.0899,65.7365],[23.0861,65.7353],[23.0741,65.736],[23.077,65.7334],[23.0846,65.7324],[23.0804,65.7311],[23.0831,65.7284],[23.0762,65.7273],[23.0746,65.7234],[23.0789,65.7188],[23.074,65.716],[23.081,65.7098],[23.0792,65.7061],[23.097,65.6969],[23.1005,65.6996],[23.0978,65.702],[23.1007,65.7051],[23.0972,65.7059],[23.1025,65.7069],[23.1004,65.7149],[23.1072,65.7153],[23.1054,65.7171],[23.1153,65.7153],[23.1228,65.7168],[23.1281,65.7147],[23.1308,65.7158],[23.1266,65.7171],[23.1291,65.7183],[23.1384,65.7156],[23.1397,65.7169],[23.1316,65.7207],[23.1351,65.7216],[23.1456,65.7202],[23.153,65.7224],[23.1515,65.7251],[23.1407,65.7264],[23.144,65.7279],[23.1449,65.736],[23.1373,65.7371],[23.1451,65.7363],[23.1472,65.7386],[23.1508,65.7381],[23.1528,65.7445],[23.1477,65.7472],[23.1398,65.7472],[23.1264,65.7505],[23.139,65.7502],[23.1337,65.7535],[23.1441,65.7535],[23.1394,65.7589],[23.1525,65.7587],[23.1515,65.7549],[23.157,65.753],[23.1689,65.7539],[23.169,65.7549],[23.172,65.7538],[23.1704,65.7574],[23.1615,65.7547],[23.1655,65.7601],[23.1729,65.7597],[23.1707,65.7631],[23.1748,65.7608],[23.1862,65.7626],[23.1835,65.7607],[23.1764,65.7606],[23.1816,65.758],[23.1857,65.7607],[23.1954,65.7624],[23.2013,65.7702],[23.2052,65.7674],[23.2012,65.7667],[23.1956,65.7614],[23.2018,65.7607],[23.2053,65.7613],[23.2086,65.7668],[23.2122,65.766],[23.2167,65.7675],[23.2172,65.7654],[23.2203,65.7655],[23.2363,65.7708],[23.2335,65.7749],[23.2304,65.7752],[23.2315,65.7729],[23.2228,65.7733],[23.2223,65.7743],[23.226,65.7743],[23.2248,65.7786],[23.212,65.7816],[23.2096,65.7859],[23.1979,65.7876],[23.1943,65.7893],[23.1957,65.7913],[23.1883,65.7941],[23.1892,65.796],[23.1958,65.7959],[23.2004,65.7987],[23.1915,65.8047],[23.2001,65.8097],[23.1993,65.8118],[23.1937,65.8134],[23.1959,65.8172],[23.1933,65.8218],[23.1748,65.832],[23.1652,65.8338],[23.1591,65.8412],[23.1521,65.8447],[23.1269,65.851],[23.1315,65.853],[23.1576,65.8493],[23.1734,65.8402],[23.194,65.8365],[23.1927,65.8374],[23.1971,65.8375],[23.1954,65.8361],[23.2083,65.8293],[23.2126,65.8244],[23.223,65.8208],[23.2314,65.8218],[23.2355,65.8187],[23.2315,65.8152],[23.233,65.8115],[23.2504,65.8038],[23.2542,65.8041],[23.2586,65.8092],[23.2642,65.808],[23.2614,65.8048],[23.2693,65.8074],[23.2708,65.8056],[23.2678,65.8041],[23.2764,65.8045],[23.2795,65.8077],[23.2826,65.807],[23.2838,65.7992],[23.275,65.8031],[23.2712,65.8012],[23.2778,65.7979],[23.2841,65.7902],[23.2922,65.7895],[23.2997,65.7907],[23.3032,65.7873],[23.306,65.7883],[23.303,65.7901],[23.3084,65.7909],[23.304,65.7905],[23.3036,65.7926],[23.309,65.7932],[23.3058,65.7966],[23.3126,65.7955],[23.32,65.802],[23.321,65.8059],[23.3185,65.8059],[23.323,65.8074],[23.3233,65.8104],[23.3319,65.8129],[23.3387,65.8184],[23.335,65.8208],[23.3285,65.8137],[23.3214,65.8138],[23.3185,65.8156],[23.3224,65.8174],[23.3216,65.8207],[23.3276,65.8216],[23.3307,65.8202],[23.3366,65.8231],[23.3349,65.8251],[23.3426,65.8243],[23.3455,65.8223],[23.3484,65.8259],[23.3506,65.8246],[23.353,65.8271],[23.3657,65.824],[23.3641,65.8206],[23.3573,65.8208],[23.3514,65.8174],[23.3448,65.817],[23.3441,65.8127],[23.3531,65.8125],[23.3535,65.8097],[23.3494,65.8095],[23.351,65.8069],[23.3466,65.8065],[23.3471,65.8049],[23.3553,65.8028],[23.3565,65.7982],[23.3603,65.7989],[23.3561,65.7941],[23.3573,65.7902],[23.3532,65.7895],[23.3521,65.7842],[23.3481,65.7819],[23.3594,65.7858],[23.3618,65.7948],[23.3657,65.797],[23.3716,65.7936],[23.3692,65.7908],[23.3716,65.7869],[23.3785,65.7871],[23.3834,65.7762],[23.383,65.7752],[23.3794,65.7758],[23.3785,65.7735],[23.37,65.7752],[23.3783,65.7712],[23.3708,65.7713],[23.3669,65.7691],[23.373,65.7682],[23.377,65.7708],[23.3889,65.7713],[23.3896,65.7724],[23.3858,65.7716],[23.3855,65.7755],[23.3898,65.7744],[23.3922,65.7758],[23.3947,65.7733],[23.4023,65.7747],[23.4008,65.7683],[23.3906,65.7664],[23.3823,65.7607],[23.3884,65.7593],[23.3928,65.7595],[23.3952,65.7656],[23.402,65.7652],[23.4048,65.7688],[23.4089,65.7689],[23.4031,65.7629],[23.4061,65.7626],[23.4063,65.7575],[23.3958,65.7589],[23.377,65.7572],[23.3794,65.7628],[23.3819,65.7627],[23.3764,65.7645],[23.3705,65.7642],[23.3736,65.7608],[23.37,65.7591],[23.3773,65.7566],[23.3756,65.7549],[23.3706,65.7547],[23.3709,65.7521],[23.3818,65.7548],[23.3797,65.7528],[23.3834,65.7517],[23.3789,65.7502],[23.3786,65.7479],[23.3835,65.7471],[23.3867,65.7481],[23.3846,65.7519],[23.4037,65.7498],[23.4022,65.7537],[23.4105,65.7561],[23.413,65.7632],[23.4193,65.7637],[23.4221,65.7672],[23.431,65.7682],[23.4351,65.7662],[23.4407,65.7661],[23.4418,65.7682],[23.4362,65.7708],[23.439,65.771],[23.4392,65.7733],[23.4288,65.772],[23.4305,65.7764],[23.4262,65.7769],[23.4171,65.7729],[23.4207,65.7754],[23.4168,65.7768],[23.4086,65.7753],[23.4124,65.7794],[23.4091,65.781],[23.4194,65.7781],[23.4238,65.7794],[23.4287,65.7778],[23.4329,65.7824],[23.4202,65.7926],[23.4174,65.7898],[23.4212,65.7905],[23.4191,65.7875],[23.4214,65.7859],[23.4162,65.787],[23.4151,65.7988],[23.4084,65.8002],[23.4114,65.8022],[23.41,65.8068],[23.417,65.8123],[23.4214,65.8122],[23.4199,65.8094],[23.423,65.8099],[23.4216,65.8145],[23.4251,65.8153],[23.4265,65.8202],[23.4502,65.8201],[23.4723,65.8168],[23.4702,65.8199],[23.4546,65.8237],[23.4595,65.8393],[23.4688,65.8386],[23.468,65.8368],[23.472,65.8357],[23.4693,65.8337],[23.4773,65.8313],[23.476,65.8285],[23.4799,65.8238],[23.4855,65.8239],[23.49,65.8221],[23.4895,65.8205],[23.4744,65.8183],[23.478,65.8142],[23.4717,65.8135],[23.468,65.8105],[23.476,65.8024],[23.4727,65.8007],[23.4666,65.8023],[23.4687,65.8006],[23.4638,65.7954],[23.4754,65.7901],[23.4756,65.7854],[23.4825,65.7859],[23.4802,65.7911],[23.4866,65.793],[23.4851,65.794],[23.4766,65.7924],[23.4771,65.7945],[23.4815,65.7952],[23.4785,65.797],[23.4852,65.7982],[23.4789,65.8003],[23.4845,65.8007],[23.4875,65.7993],[23.4936,65.8016],[23.4862,65.8122],[23.4964,65.8145],[23.5076,65.8138],[23.5173,65.8111],[23.5212,65.8119],[23.5404,65.8049],[23.5458,65.8084],[23.551,65.8076],[23.547,65.8089],[23.552,65.8119],[23.5527,65.8154],[23.5636,65.8122],[23.5616,65.8107],[23.5668,65.8101],[23.5618,65.8069],[23.5656,65.8045],[23.5604,65.7992],[23.5626,65.7983],[23.5533,65.7965],[23.5517,65.7868],[23.5648,65.7864],[23.5719,65.783],[23.5758,65.7848],[23.5801,65.7838],[23.5774,65.7879],[23.5841,65.7868],[23.5842,65.7878],[23.5806,65.7894],[23.5768,65.7885],[23.576,65.7923],[23.5933,65.7851],[23.5918,65.7831],[23.5975,65.7835],[23.5952,65.7853],[23.5995,65.7848],[23.5997,65.787],[23.6029,65.7875],[23.605,65.7861],[23.6021,65.786],[23.6026,65.7842],[23.6056,65.7836],[23.6032,65.7847],[23.6078,65.7864],[23.6113,65.7843],[23.6141,65.7878],[23.6101,65.7912],[23.6045,65.7911],[23.603,65.7952],[23.6062,65.7951],[23.6076,65.7974],[23.6036,65.7975],[23.6034,65.799],[23.6064,65.7977],[23.6069,65.7992],[23.6029,65.8],[23.5988,65.8088],[23.6127,65.8106],[23.6214,65.7984],[23.6334,65.7935],[23.6452,65.7929],[23.6538,65.7979],[23.6542,65.7957],[23.6625,65.7974],[23.6621,65.7998],[23.6549,65.7984],[23.6616,65.803],[23.6591,65.8071],[23.67,65.8095],[23.6688,65.8071],[23.6716,65.8068],[23.6738,65.8133],[23.6663,65.8267],[23.6696,65.8268],[23.6705,65.8293],[23.6743,65.8285],[23.672,65.831],[23.6798,65.8352],[23.6946,65.8362],[23.7119,65.8342],[23.7135,65.8314],[23.7172,65.8313],[23.7187,65.8336],[23.7225,65.8339],[23.7215,65.8307],[23.7323,65.8328],[23.7371,65.8307],[23.7371,65.8274],[23.7328,65.8257],[23.7475,65.8228],[23.7534,65.8193],[23.756,65.8204],[23.7588,65.815],[23.7566,65.8089],[23.7605,65.8078],[23.7605,65.8044],[23.7697,65.8025],[23.7695,65.8007],[23.7626,65.8011],[23.7672,65.7972],[23.771,65.7974],[23.7697,65.7997],[23.7732,65.8006],[23.7717,65.7984],[23.7797,65.7977],[23.7807,65.7954],[23.7881,65.795],[23.7894,65.7933],[23.796,65.7923],[23.796,65.7954],[23.8,65.7931],[23.8038,65.7935],[23.8011,65.7956],[23.807,65.7954],[23.8095,65.7921],[23.8209,65.7929],[23.8188,65.7918],[23.8311,65.7875],[23.8434,65.7873],[23.843,65.7891],[23.8481,65.7898],[23.8462,65.7921],[23.8331,65.7952],[23.8334,65.7977],[23.8505,65.7985],[23.848,65.8042],[23.8564,65.8035],[23.8737,65.7962],[23.8691,65.7943],[23.8721,65.7876],[23.8758,65.7867],[23.8853,65.7773],[23.8955,65.7733],[23.9046,65.7732],[23.9007,65.7704],[23.8991,65.7718],[23.9005,65.7704],[23.8976,65.7695],[23.9024,65.7708],[23.9172,65.766],[23.9242,65.7676],[23.9255,65.7697],[23.9135,65.7682],[23.9134,65.7697],[23.9186,65.7701],[23.9134,65.7714],[23.9132,65.7732],[23.9238,65.7733],[23.927,65.7763],[23.9427,65.7724],[23.9445,65.7744],[23.9438,65.7823],[23.9356,65.7835],[23.9258,65.7939],[23.9336,65.7964],[23.9365,65.7948],[23.9428,65.7954],[23.9495,65.7938],[23.9466,65.7959],[23.9528,65.7955],[23.9461,65.7969],[23.9478,65.801],[23.9611,65.7966],[23.9596,65.7948],[23.9663,65.7937],[23.9636,65.7917],[23.9679,65.7911],[23.9699,65.7926],[23.9652,65.7947],[23.9746,65.7951],[23.9765,65.8006],[23.982,65.8021],[23.974,65.806],[23.9868,65.8035],[23.9841,65.8018],[23.9899,65.7978],[23.986,65.7966],[23.9865,65.7979],[23.9819,65.7986],[23.9806,65.7957],[23.997,65.7892],[23.9984,65.791],[24.0128,65.7951],[24.0128,65.7974],[24.0095,65.7995],[24.0048,65.7995],[24.0021,65.8036],[24.0095,65.8049],[24.0145,65.8046],[24.0144,65.8005],[24.0252,65.7979],[24.0241,65.7968],[24.0295,65.7987],[24.0334,65.7973],[24.0362,65.7948],[24.0309,65.7924],[24.0341,65.7914],[24.0331,65.7893],[24.0389,65.7879],[24.0371,65.7871],[24.0476,65.7878],[24.0474,65.79],[24.0388,65.791],[24.0376,65.7938],[24.0442,65.7934],[24.0381,65.8002],[24.0329,65.8016],[24.0335,65.7991],[24.0301,65.799],[24.0286,65.8013],[24.0302,65.8034],[24.0348,65.8016],[24.0386,65.8038],[24.0369,65.8206],[24.0414,65.8211],[24.044,65.819],[24.0495,65.8192],[24.0539,65.8143],[24.061,65.8126],[24.0636,65.817],[24.0683,65.8181],[24.082,65.8141],[24.1015,65.8121],[24.1307,65.8138],[24.1351,65.8129],[24.1406,65.8144],[24.1398,65.8159],[24.1444,65.8145],[24.1504,65.8149],[24.1497,65.8187],[24.1512,65.818],[24.1447,65.8219],[24.1471,65.8263],[24.1412,65.8401],[24.1446,65.8408],[24.1252,65.8515],[24.1256,65.8578],[24.1316,65.8631],[24.153,65.8626],[24.1411,65.8734],[24.1328,65.888],[24.1184,65.8945],[24.1156,65.8987],[24.1099,65.9133],[24.1159,65.9184],[24.1179,65.9268],[24.1085,65.9316],[24.0993,65.9295],[24.0885,65.9312],[24.0743,65.9444],[24.0537,65.9515],[24.0426,65.9629],[24.0399,65.9697],[24.0529,65.9745],[24.0451,66.0022],[23.9965,66.0351],[23.9756,66.0575],[23.9549,66.0704],[23.9384,66.0767],[23.9367,66.0912],[23.9453,66.1065],[23.9358,66.1124],[23.9412,66.1204],[23.9141,66.1361],[23.9148,66.1395],[23.9265,66.1444],[23.93,66.1497],[23.9208,66.1598],[23.8914,66.1678],[23.8675,66.1653],[23.8582,66.1715],[23.831,66.1703],[23.7898,66.1853],[23.7284,66.1953],[23.726,66.1989],[23.7327,66.2041],[23.7317,66.207],[23.7241,66.2147],[23.7056,66.2197],[23.6936,66.2303],[23.7002,66.2417],[23.6912,66.2493],[23.6717,66.259],[23.6682,66.2786],[23.6626,66.2824],[23.66,66.2899],[23.6496,66.3011],[23.6565,66.3192],[23.6595,66.3556],[23.6721,66.3678],[23.6842,66.3755],[23.6883,66.3833],[23.6847,66.3916],[23.6662,66.4008],[23.6434,66.4242],[23.651,66.4557],[23.6789,66.466],[23.6927,66.4743],[23.6975,66.4754],[23.7101,66.4748],[23.7184,66.4765],[23.7143,66.4913],[23.7272,66.4985],[23.7291,66.5075],[23.7349,66.5078],[23.739,66.5044],[23.7445,66.5042],[23.7604,66.5107],[23.795,66.517],[23.798,66.5208],[23.7857,66.535],[23.8298,66.5495],[23.8393,66.5541],[23.8553,66.557],[23.8605,66.5596],[23.8625,66.5689],[23.8806,66.5821],[23.8765,66.6006],[23.8847,66.6128],[23.8701,66.6311],[23.873,66.6402],[23.8685,66.6568],[23.8772,66.6685],[23.8902,66.674],[23.8905,66.6909],[23.8977,66.7061],[23.8959,66.7101],[23.9078,66.7214],[23.8893,66.7392],[23.8862,66.75],[23.8784,66.7544],[23.8803,66.7635],[23.8917,66.7699],[23.9133,66.7712],[23.9161,66.7729],[23.9081,66.7918],[23.9124,66.795],[23.922,66.7957],[23.9284,66.7946],[23.9611,66.7824],[23.9738,66.7832],[23.9816,66.7857],[23.9767,66.7976],[23.9878,66.803],[23.9882,66.8126],[23.9957,66.822],[23.9736,66.84],[23.9694,66.8499],[23.9425,66.8737],[23.9356,66.8833],[23.9166,66.8885],[23.8997,66.9019],[23.8662,66.9193],[23.8662,66.9368],[23.8587,66.9441],[23.8584,66.9544],[23.8526,66.9573],[23.8297,66.9609],[23.8285,66.9668],[23.8162,66.9785],[23.7997,66.9838],[23.7989,66.9907],[23.7859,66.9966],[23.7672,67.0011],[23.7516,67.0122],[23.7387,67.0182],[23.7274,67.0299],[23.7164,67.036],[23.6979,67.0521],[23.674,67.0651],[23.666,67.0754],[23.6664,67.086],[23.656,67.1025],[23.6301,67.1152],[23.588,67.1471],[23.5524,67.1704],[23.5595,67.1812],[23.5884,67.1905],[23.588,67.2007],[23.5961,67.2082],[23.5822,67.2132],[23.5677,67.2217],[23.548,67.225],[23.5627,67.2365],[23.5537,67.2475],[23.57,67.2512],[23.5638,67.2607],[23.5791,67.2682],[23.6057,67.2733],[23.6239,67.2711],[23.649,67.2772],[23.6826,67.2825],[23.7213,67.2828],[23.7312,67.2876],[23.7453,67.3082],[23.749,67.322],[23.7556,67.3228],[23.7555,67.3281],[23.7742,67.3369],[23.7751,67.3394],[23.7585,67.3493],[23.7452,67.3481],[23.7385,67.3504],[23.7408,67.3572],[23.7297,67.3687],[23.7354,67.3786],[23.7171,67.3859],[23.7211,67.3925],[23.7311,67.3947],[23.7518,67.4079],[23.7515,67.4197],[23.7633,67.4262],[23.7627,67.4303],[23.7517,67.4353],[23.71,67.4457],[23.7002,67.4458],[23.684,67.4424],[23.673,67.4426],[23.658,67.4461],[23.5845,67.4535],[23.5575,67.4598],[23.5448,67.461],[23.5365,67.46],[23.5229,67.4551],[23.5111,67.446],[23.4939,67.4464],[23.4838,67.4511],[23.4599,67.4539],[23.4286,67.4645],[23.4105,67.4676],[23.4046,67.4777],[23.3944,67.4843],[23.399,67.4919],[23.4066,67.4962],[23.4059,67.5009],[23.4202,67.5029],[23.4319,67.5066],[23.437,67.5169],[23.4597,67.5259],[23.4734,67.5288],[23.483,67.5382],[23.478,67.5455],[23.4654,67.5503],[23.4595,67.5622],[23.4678,67.5649],[23.4877,67.5667],[23.5007,67.5634],[23.5101,67.5636],[23.5289,67.5758],[23.5411,67.5786],[23.5452,67.5839],[23.5395,67.6035],[23.5465,67.6131],[23.5593,67.6197],[23.5546,67.6226],[23.5447,67.6228],[23.5413,67.6244],[23.5391,67.6333],[23.5123,67.6481],[23.4918,67.6665],[23.4997,67.6807],[23.4907,67.6885],[23.4927,67.6956],[23.48,67.7015],[23.4849,67.7084],[23.4783,67.7158],[23.4789,67.7223],[23.4868,67.7292],[23.4766,67.7384],[23.492,67.7532],[23.4916,67.7652],[23.4845,67.7766],[23.4918,67.7821],[23.4947,67.7903],[23.4821,67.7995],[23.474,67.8171],[23.4828,67.8275],[23.4791,67.8428],[23.4901,67.8469],[23.4952,67.8634],[23.5053,67.8703],[23.5087,67.8788],[23.5172,67.8843],[23.5451,67.891],[23.5535,67.8976],[23.5739,67.8926],[23.5816,67.8931],[23.5981,67.9037],[23.6219,67.9086],[23.6437,67.9171],[23.6451,67.9262],[23.6557,67.9371],[23.6637,67.9403],[23.6512,67.9513],[23.6512,67.9607],[23.639,67.9655],[23.6012,67.9721],[23.5785,67.9718],[23.5691,67.9743],[23.5395,67.9925],[23.534,68.006],[23.4713,68.0192],[23.4646,68.0312],[23.4456,68.0369],[23.4333,68.0375],[23.4057,68.0423],[23.3896,68.0473],[23.3856,68.051],[23.3858,68.0567],[23.3766,68.0587],[23.3722,68.062],[23.3718,68.0697],[23.3608,68.0798],[23.3578,68.0867],[23.3386,68.0991],[23.3362,68.1078],[23.3261,68.1174],[23.3293,68.1233],[23.3225,68.1289],[23.3216,68.1347],[23.314,68.1419],[23.3073,68.1445],[23.3078,68.1484],[23.2911,68.1498],[23.2861,68.1547],[23.2784,68.1573],[23.2604,68.1569],[23.2501,68.1488],[23.2149,68.1461],[23.2014,68.14],[23.1856,68.1376],[23.1739,68.1339],[23.1656,68.1332],[23.1545,68.1367],[23.1415,68.1543],[23.1471,68.1714],[23.1425,68.1795],[23.1493,68.1899],[23.1619,68.1961],[23.1595,68.1987],[23.1416,68.2049],[23.146,68.2116],[23.1438,68.2182],[23.1528,68.2311],[23.1428,68.2473],[23.113,68.2515],[23.0773,68.2676],[23.0728,68.275],[23.0651,68.2798],[23.0703,68.2997],[23.0607,68.3058],[23.0356,68.3074],[22.9881,68.3202],[22.9776,68.3242],[22.9738,68.3318],[22.917,68.3337],[22.9061,68.3427],[22.8936,68.3487],[22.8762,68.3522],[22.857,68.36],[22.84,68.3637],[22.8354,68.3671],[22.8358,68.3727],[22.8465,68.381],[22.8448,68.383],[22.8306,68.3872],[22.8114,68.3892],[22.7995,68.3934],[22.7848,68.3914],[22.7641,68.3852],[22.7362,68.3852],[22.7193,68.3958],[22.6877,68.3998],[22.6915,68.4062],[22.6778,68.4118],[22.667,68.4123],[22.6445,68.4176],[22.6405,68.422],[22.6439,68.4319],[22.6388,68.4342],[22.6241,68.4343],[22.6173,68.4276],[22.5728,68.4221],[22.5549,68.4342],[22.5358,68.4344],[22.4924,68.4426],[22.4785,68.443],[22.4662,68.4413],[22.4342,68.4647],[22.4228,68.4636],[22.4135,68.4665],[22.4025,68.4655],[22.3569,68.4461],[22.3442,68.4453],[22.3415,68.4468],[22.345,68.449],[22.3438,68.4569],[22.3492,68.4632],[22.3429,68.4697],[22.351,68.4789],[22.348,68.4817],[22.3268,68.4807],[22.2961,68.484],[22.2764,68.4792],[22.2518,68.4823],[22.2215,68.4734],[22.2045,68.48],[22.1934,68.4799],[22.1528,68.4702],[22.1287,68.4716],[22.1225,68.4809],[22.1156,68.4821],[22.1011,68.4786],[22.0975,68.4812],[22.0781,68.4822],[22.0597,68.4793],[22.045,68.4793],[22.0326,68.485],[22.0182,68.496],[22.0093,68.5132],[21.9982,68.5215],[22.0022,68.5284],[22.0083,68.5309],[22.0068,68.5333],[22.0016,68.5347],[21.9919,68.534],[21.9708,68.5463],[21.9693,68.5509],[21.9459,68.5563],[21.9294,68.5673],[21.9072,68.5744],[21.9062,68.5781],[21.8899,68.5844],[21.8747,68.5852],[21.8646,68.584],[21.8641,68.5886],[21.8395,68.5909],[21.779,68.5854],[21.7177,68.5905],[21.7138,68.5938],[21.7017,68.5963],[21.6998,68.6078],[21.6959,68.6103],[21.6993,68.6143],[21.7125,68.6176],[21.711,68.6251],[21.6995,68.6314],[21.6692,68.6388],[21.6542,68.6473],[21.6532,68.6502],[21.6423,68.6509],[21.6368,68.6535],[21.6265,68.6549],[21.6249,68.6619],[21.6168,68.665],[21.6062,68.6679],[21.5931,68.6679],[21.5706,68.6715],[21.5666,68.675],[21.5554,68.6771],[21.5405,68.6754],[21.529,68.6755],[21.5229,68.6773],[21.5124,68.6756],[21.5012,68.6764],[21.4805,68.6813],[21.4674,68.6817],[21.4568,68.6865],[21.4299,68.6914],[21.4206,68.6966],[21.4235,68.7025],[21.414,68.7107],[21.4217,68.7156],[21.412,68.7252],[21.4152,68.7308],[21.407,68.7363],[21.4071,68.7422],[21.4126,68.7484],[21.4034,68.7562],[21.3899,68.7619],[21.3912,68.7645],[21.3624,68.767],[21.3257,68.7592],[21.3094,68.7603],[21.299,68.7627],[21.269,68.7813],[21.261,68.7903],[21.2633,68.7924],[21.2526,68.7994],[21.2538,68.8027],[21.2349,68.8139],[21.2135,68.8172],[21.1973,68.823],[21.1882,68.8244],[21.1851,68.8288],[21.1464,68.8402],[21.1437,68.8456],[21.1327,68.8485],[21.1275,68.854],[21.1073,68.8596],[21.0796,68.8645],[21.0767,68.8715],[21.0473,68.8816],[21.0262,68.8821],[21.0288,68.8859],[20.9968,68.8967],[20.991,68.8974],[20.9873,68.8923],[20.9808,68.8913],[20.9761,68.893],[20.9653,68.8911],[20.9589,68.8919],[20.9569,68.8969],[20.945,68.8963],[20.9328,68.8986],[20.9148,68.897],[20.9025,68.8911],[20.878,68.8935],[20.8793,68.896],[20.8947,68.8973],[20.9039,68.9005],[20.8742,68.9207],[20.853,68.9242],[20.8442,68.9366],[20.8665,68.9436],[20.8923,68.9417],[20.8951,68.9474],[20.9118,68.9571],[20.9116,68.9688],[20.8795,68.9868],[20.8665,68.9872],[20.8347,68.9962],[20.8204,69.0059],[20.8111,69.0188],[20.775,69.0326],[20.7248,69.0388],[20.7028,69.0445],[20.6624,69.0431],[20.6277,69.0458],[20.5951,69.0512],[20.5909,69.0535],[20.5821,69.054],[20.5771,69.0528],[20.5683,69.0569],[20.5591,69.0566],[20.5486,69.06],[20.06,69.0458],[20.2377,68.9561],[20.3064,68.9262],[20.3359,68.8023],[20.2027,68.6659],[20.0521,68.5911],[19.9375,68.5579],[20.0258,68.5308],[20.2264,68.4908],[19.9779,68.3882],[19.9214,68.356],[18.9837,68.5169],[18.6211,68.5069],[18.4856,68.5565],[18.4056,68.5819],[18.1258,68.5365],[18.1011,68.406],[18.1146,68.3405],[18.1514,68.1988],[18.0625,68.1154],[17.8998,67.9693],[17.6648,68.0385],[17.2819,68.1188],[17.18,68.0505],[16.9521,67.9844],[16.7381,67.9142],[16.6789,67.8244],[16.5557,67.6473],[16.4963,67.5946],[16.4078,67.534],[16.2855,67.528],[16.1566,67.5195],[16.0902,67.4352],[16.3297,67.2621],[16.404,67.205],[16.3877,67.0455],[16.1952,66.9822],[16.0388,66.9124],[15.9936,66.8732],[15.907,66.8075],[15.8079,66.7353],[15.7739,66.7167],[15.6258,66.6058],[15.5583,66.5733],[15.5334,66.5579],[15.4636,66.5281],[15.4014,66.4981],[15.3772,66.4843],[15.426,66.3999]]]}}
  ]
}
